{"level":"info","message":"Attempting to connect to MongoDB...","timestamp":"2026-03-07T22:03:53.229Z"}
{"level":"info","message":"Attempting to connect to MongoDB...","timestamp":"2026-03-07T22:03:53.233Z"}
{"level":"info","message":"✅ MongoDB connected successfully","timestamp":"2026-03-07T22:03:53.628Z"}
{"level":"info","message":"📊 Database: project","timestamp":"2026-03-07T22:03:53.629Z"}
{"level":"info","message":"🌐 Host: cluster0-shard-00-00.7noqj.mongodb.net","timestamp":"2026-03-07T22:03:53.629Z"}
{"level":"info","message":"🔌 Port: 27017","timestamp":"2026-03-07T22:03:53.629Z"}
{"level":"info","message":"Creating database indexes...","timestamp":"2026-03-07T22:03:53.629Z"}
{"level":"info","message":"✅ MongoDB connected successfully","timestamp":"2026-03-07T22:03:53.762Z"}
{"level":"info","message":"📊 Database: project","timestamp":"2026-03-07T22:03:53.763Z"}
{"level":"info","message":"🌐 Host: cluster0-shard-00-00.7noqj.mongodb.net","timestamp":"2026-03-07T22:03:53.764Z"}
{"level":"info","message":"🔌 Port: 27017","timestamp":"2026-03-07T22:03:53.765Z"}
{"level":"info","message":"Creating database indexes...","timestamp":"2026-03-07T22:03:53.766Z"}
{"level":"info","message":"✅ Indexes created for collection: users","timestamp":"2026-03-07T22:03:54.968Z"}
{"level":"info","message":"✅ Indexes created for collection: departments","timestamp":"2026-03-07T22:03:55.021Z"}
{"level":"info","message":"✅ Indexes created for collection: programs","timestamp":"2026-03-07T22:03:55.084Z"}
{"level":"info","message":"✅ Indexes created for collection: users","timestamp":"2026-03-07T22:03:55.091Z"}
{"level":"info","message":"✅ Indexes created for collection: courses","timestamp":"2026-03-07T22:03:55.141Z"}
{"level":"info","message":"✅ Indexes created for collection: departments","timestamp":"2026-03-07T22:03:55.155Z"}
{"level":"info","message":"✅ Indexes created for collection: assignments","timestamp":"2026-03-07T22:03:55.195Z"}
{"level":"info","message":"✅ Indexes created for collection: programs","timestamp":"2026-03-07T22:03:55.216Z"}
{"level":"info","message":"✅ Indexes created for collection: submissions","timestamp":"2026-03-07T22:03:55.249Z"}
{"level":"info","message":"🎉 Database index optimization process completed","timestamp":"2026-03-07T22:03:55.249Z"}
{"level":"info","message":"✅ Indexes created for collection: courses","timestamp":"2026-03-07T22:03:55.275Z"}
{"level":"info","message":"✅ Indexes created for collection: assignments","timestamp":"2026-03-07T22:03:55.334Z"}
{"level":"info","message":"✅ Indexes created for collection: submissions","timestamp":"2026-03-07T22:03:55.401Z"}
{"level":"info","message":"Attempting to connect to MongoDB...","timestamp":"2026-03-07T22:05:36.362Z"}
{"level":"info","message":"✅ MongoDB connected successfully","timestamp":"2026-03-07T22:05:36.870Z"}
{"level":"info","message":"📊 Database: project","timestamp":"2026-03-07T22:05:36.871Z"}
{"level":"info","message":"🌐 Host: cluster0-shard-00-00.7noqj.mongodb.net","timestamp":"2026-03-07T22:05:36.872Z"}
{"level":"info","message":"🔌 Port: 27017","timestamp":"2026-03-07T22:05:36.873Z"}
{"level":"info","message":"Creating database indexes...","timestamp":"2026-03-07T22:05:36.873Z"}
{"level":"info","message":"✅ Indexes created for collection: users","timestamp":"2026-03-07T22:05:37.734Z"}
{"level":"info","message":"✅ Indexes created for collection: departments","timestamp":"2026-03-07T22:05:37.809Z"}
{"level":"info","message":"✅ Indexes created for collection: programs","timestamp":"2026-03-07T22:05:37.880Z"}
{"level":"info","message":"✅ Indexes created for collection: courses","timestamp":"2026-03-07T22:05:37.950Z"}
{"level":"info","message":"✅ Indexes created for collection: assignments","timestamp":"2026-03-07T22:05:38.037Z"}
{"level":"info","message":"✅ Indexes created for collection: submissions","timestamp":"2026-03-07T22:05:38.121Z"}
{"level":"info","message":"Attempting to connect to MongoDB...","timestamp":"2026-03-07T22:06:27.700Z"}
{"level":"info","message":"✅ MongoDB connected successfully","timestamp":"2026-03-07T22:06:28.175Z"}
{"level":"info","message":"📊 Database: project","timestamp":"2026-03-07T22:06:28.176Z"}
{"level":"info","message":"🌐 Host: cluster0-shard-00-00.7noqj.mongodb.net","timestamp":"2026-03-07T22:06:28.176Z"}
{"level":"info","message":"🔌 Port: 27017","timestamp":"2026-03-07T22:06:28.176Z"}
{"level":"info","message":"Creating database indexes...","timestamp":"2026-03-07T22:06:28.177Z"}
{"level":"info","message":"✅ Indexes created for collection: users","timestamp":"2026-03-07T22:06:28.969Z"}
{"level":"info","message":"✅ Indexes created for collection: departments","timestamp":"2026-03-07T22:06:29.030Z"}
{"level":"info","message":"✅ Indexes created for collection: programs","timestamp":"2026-03-07T22:06:29.088Z"}
{"level":"info","message":"✅ Indexes created for collection: courses","timestamp":"2026-03-07T22:06:29.146Z"}
{"level":"info","message":"✅ Indexes created for collection: assignments","timestamp":"2026-03-07T22:06:29.204Z"}
{"level":"info","message":"✅ Indexes created for collection: submissions","timestamp":"2026-03-07T22:06:29.264Z"}
{"level":"info","message":"Attempting to connect to MongoDB...","timestamp":"2026-03-07T22:07:01.758Z"}
{"level":"info","message":"✅ MongoDB connected successfully","timestamp":"2026-03-07T22:07:02.166Z"}
{"level":"info","message":"📊 Database: project","timestamp":"2026-03-07T22:07:02.166Z"}
{"level":"info","message":"🌐 Host: cluster0-shard-00-00.7noqj.mongodb.net","timestamp":"2026-03-07T22:07:02.166Z"}
{"level":"info","message":"🔌 Port: 27017","timestamp":"2026-03-07T22:07:02.167Z"}
{"level":"info","message":"Creating database indexes...","timestamp":"2026-03-07T22:07:02.167Z"}
{"level":"info","message":"✅ Indexes created for collection: users","timestamp":"2026-03-07T22:07:02.965Z"}
{"level":"info","message":"✅ Indexes created for collection: departments","timestamp":"2026-03-07T22:07:03.032Z"}
{"level":"info","message":"✅ Indexes created for collection: programs","timestamp":"2026-03-07T22:07:03.101Z"}
{"level":"info","message":"✅ Indexes created for collection: courses","timestamp":"2026-03-07T22:07:03.176Z"}
{"level":"info","message":"✅ Indexes created for collection: assignments","timestamp":"2026-03-07T22:07:03.245Z"}
{"level":"info","message":"✅ Indexes created for collection: submissions","timestamp":"2026-03-07T22:07:03.325Z"}
{"level":"info","message":"🎉 Database index optimization process completed","timestamp":"2026-03-07T22:07:03.328Z"}
{"level":"info","message":"Attempting to connect to MongoDB...","timestamp":"2026-03-07T22:07:36.343Z"}
{"level":"info","message":"✅ MongoDB connected successfully","timestamp":"2026-03-07T22:07:36.799Z"}
{"level":"info","message":"📊 Database: project","timestamp":"2026-03-07T22:07:36.799Z"}
{"level":"info","message":"🌐 Host: cluster0-shard-00-00.7noqj.mongodb.net","timestamp":"2026-03-07T22:07:36.800Z"}
{"level":"info","message":"🔌 Port: 27017","timestamp":"2026-03-07T22:07:36.800Z"}
{"level":"info","message":"Creating database indexes...","timestamp":"2026-03-07T22:07:36.801Z"}
{"level":"info","message":"✅ Indexes created for collection: users","timestamp":"2026-03-07T22:07:37.538Z"}
{"level":"info","message":"✅ Indexes created for collection: departments","timestamp":"2026-03-07T22:07:37.599Z"}
{"level":"info","message":"✅ Indexes created for collection: programs","timestamp":"2026-03-07T22:07:37.655Z"}
{"level":"info","message":"✅ Indexes created for collection: courses","timestamp":"2026-03-07T22:07:37.713Z"}
{"level":"info","message":"✅ Indexes created for collection: assignments","timestamp":"2026-03-07T22:07:37.770Z"}
{"level":"info","message":"✅ Indexes created for collection: submissions","timestamp":"2026-03-07T22:07:37.831Z"}
{"level":"info","message":"Attempting to connect to MongoDB...","timestamp":"2026-03-07T22:07:41.986Z"}
{"level":"info","message":"✅ MongoDB connected successfully","timestamp":"2026-03-07T22:07:42.379Z"}
{"level":"info","message":"📊 Database: project","timestamp":"2026-03-07T22:07:42.381Z"}
{"level":"info","message":"🌐 Host: cluster0-shard-00-00.7noqj.mongodb.net","timestamp":"2026-03-07T22:07:42.381Z"}
{"level":"info","message":"🔌 Port: 27017","timestamp":"2026-03-07T22:07:42.381Z"}
{"level":"info","message":"Creating database indexes...","timestamp":"2026-03-07T22:07:42.382Z"}
{"level":"info","message":"✅ Indexes created for collection: users","timestamp":"2026-03-07T22:07:43.157Z"}
{"level":"info","message":"✅ Indexes created for collection: departments","timestamp":"2026-03-07T22:07:43.213Z"}
{"level":"info","message":"✅ Indexes created for collection: programs","timestamp":"2026-03-07T22:07:43.271Z"}
{"level":"info","message":"✅ Indexes created for collection: courses","timestamp":"2026-03-07T22:07:43.327Z"}
{"level":"info","message":"✅ Indexes created for collection: assignments","timestamp":"2026-03-07T22:07:43.399Z"}
{"level":"info","message":"✅ Indexes created for collection: submissions","timestamp":"2026-03-07T22:07:43.460Z"}
{"level":"info","message":"Attempting to connect to MongoDB...","timestamp":"2026-03-07T22:07:48.075Z"}
{"level":"info","message":"✅ MongoDB connected successfully","timestamp":"2026-03-07T22:07:48.458Z"}
{"level":"info","message":"📊 Database: project","timestamp":"2026-03-07T22:07:48.459Z"}
{"level":"info","message":"🌐 Host: cluster0-shard-00-00.7noqj.mongodb.net","timestamp":"2026-03-07T22:07:48.460Z"}
{"level":"info","message":"🔌 Port: 27017","timestamp":"2026-03-07T22:07:48.460Z"}
{"level":"info","message":"Creating database indexes...","timestamp":"2026-03-07T22:07:48.461Z"}
{"level":"info","message":"✅ Indexes created for collection: users","timestamp":"2026-03-07T22:07:49.247Z"}
{"level":"info","message":"✅ Indexes created for collection: departments","timestamp":"2026-03-07T22:07:49.314Z"}
{"level":"info","message":"✅ Indexes created for collection: programs","timestamp":"2026-03-07T22:07:49.378Z"}
{"level":"info","message":"✅ Indexes created for collection: courses","timestamp":"2026-03-07T22:07:49.435Z"}
{"level":"info","message":"✅ Indexes created for collection: assignments","timestamp":"2026-03-07T22:07:49.494Z"}
{"level":"info","message":"✅ Indexes created for collection: submissions","timestamp":"2026-03-07T22:07:49.555Z"}
{"level":"info","message":"Attempting to connect to MongoDB...","timestamp":"2026-03-07T22:07:53.103Z"}
{"level":"info","message":"✅ MongoDB connected successfully","timestamp":"2026-03-07T22:07:53.499Z"}
{"level":"info","message":"📊 Database: project","timestamp":"2026-03-07T22:07:53.500Z"}
{"level":"info","message":"🌐 Host: cluster0-shard-00-00.7noqj.mongodb.net","timestamp":"2026-03-07T22:07:53.500Z"}
{"level":"info","message":"🔌 Port: 27017","timestamp":"2026-03-07T22:07:53.500Z"}
{"level":"info","message":"Creating database indexes...","timestamp":"2026-03-07T22:07:53.501Z"}
{"level":"info","message":"✅ Indexes created for collection: users","timestamp":"2026-03-07T22:07:54.230Z"}
{"level":"info","message":"✅ Indexes created for collection: departments","timestamp":"2026-03-07T22:07:54.286Z"}
{"level":"info","message":"✅ Indexes created for collection: programs","timestamp":"2026-03-07T22:07:54.344Z"}
{"level":"info","message":"✅ Indexes created for collection: courses","timestamp":"2026-03-07T22:07:54.402Z"}
{"level":"info","message":"✅ Indexes created for collection: assignments","timestamp":"2026-03-07T22:07:54.472Z"}
{"level":"info","message":"✅ Indexes created for collection: submissions","timestamp":"2026-03-07T22:07:54.537Z"}
{"level":"info","message":"Attempting to connect to MongoDB...","timestamp":"2026-03-07T22:07:58.999Z"}
{"level":"info","message":"✅ MongoDB connected successfully","timestamp":"2026-03-07T22:07:59.428Z"}
{"level":"info","message":"📊 Database: project","timestamp":"2026-03-07T22:07:59.428Z"}
{"level":"info","message":"🌐 Host: cluster0-shard-00-00.7noqj.mongodb.net","timestamp":"2026-03-07T22:07:59.429Z"}
{"level":"info","message":"🔌 Port: 27017","timestamp":"2026-03-07T22:07:59.429Z"}
{"level":"info","message":"Creating database indexes...","timestamp":"2026-03-07T22:07:59.429Z"}
{"level":"info","message":"✅ Indexes created for collection: users","timestamp":"2026-03-07T22:08:00.198Z"}
{"level":"info","message":"✅ Indexes created for collection: departments","timestamp":"2026-03-07T22:08:00.259Z"}
{"level":"info","message":"✅ Indexes created for collection: programs","timestamp":"2026-03-07T22:08:00.319Z"}
{"level":"info","message":"✅ Indexes created for collection: courses","timestamp":"2026-03-07T22:08:00.378Z"}
{"level":"info","message":"✅ Indexes created for collection: assignments","timestamp":"2026-03-07T22:08:00.440Z"}
{"level":"info","message":"✅ Indexes created for collection: submissions","timestamp":"2026-03-07T22:08:00.501Z"}
{"level":"info","message":"Attempting to connect to MongoDB...","timestamp":"2026-03-07T22:08:04.661Z"}
{"level":"info","message":"✅ MongoDB connected successfully","timestamp":"2026-03-07T22:08:05.165Z"}
{"level":"info","message":"📊 Database: project","timestamp":"2026-03-07T22:08:05.166Z"}
{"level":"info","message":"🌐 Host: cluster0-shard-00-00.7noqj.mongodb.net","timestamp":"2026-03-07T22:08:05.174Z"}
{"level":"info","message":"🔌 Port: 27017","timestamp":"2026-03-07T22:08:05.181Z"}
{"level":"info","message":"Creating database indexes...","timestamp":"2026-03-07T22:08:05.189Z"}
{"level":"info","message":"✅ Indexes created for collection: users","timestamp":"2026-03-07T22:08:05.988Z"}
{"level":"info","message":"✅ Indexes created for collection: departments","timestamp":"2026-03-07T22:08:06.048Z"}
{"level":"info","message":"✅ Indexes created for collection: programs","timestamp":"2026-03-07T22:08:06.108Z"}
{"level":"info","message":"✅ Indexes created for collection: courses","timestamp":"2026-03-07T22:08:06.168Z"}
{"level":"info","message":"✅ Indexes created for collection: assignments","timestamp":"2026-03-07T22:08:06.233Z"}
{"level":"info","message":"✅ Indexes created for collection: submissions","timestamp":"2026-03-07T22:08:06.293Z"}
{"level":"info","message":"Attempting to connect to MongoDB...","timestamp":"2026-03-07T22:08:10.065Z"}
{"level":"info","message":"✅ MongoDB connected successfully","timestamp":"2026-03-07T22:08:10.443Z"}
{"level":"info","message":"📊 Database: project","timestamp":"2026-03-07T22:08:10.445Z"}
{"level":"info","message":"🌐 Host: cluster0-shard-00-00.7noqj.mongodb.net","timestamp":"2026-03-07T22:08:10.449Z"}
{"level":"info","message":"🔌 Port: 27017","timestamp":"2026-03-07T22:08:10.451Z"}
{"level":"info","message":"Creating database indexes...","timestamp":"2026-03-07T22:08:10.453Z"}
{"level":"info","message":"✅ Indexes created for collection: users","timestamp":"2026-03-07T22:08:11.248Z"}
{"level":"info","message":"✅ Indexes created for collection: departments","timestamp":"2026-03-07T22:08:11.311Z"}
{"level":"info","message":"✅ Indexes created for collection: programs","timestamp":"2026-03-07T22:08:11.374Z"}
{"level":"info","message":"✅ Indexes created for collection: courses","timestamp":"2026-03-07T22:08:11.434Z"}
{"level":"info","message":"✅ Indexes created for collection: assignments","timestamp":"2026-03-07T22:08:11.493Z"}
{"level":"info","message":"✅ Indexes created for collection: submissions","timestamp":"2026-03-07T22:08:11.553Z"}
{"level":"info","message":"Attempting to connect to MongoDB...","timestamp":"2026-03-07T22:08:16.948Z"}
{"level":"info","message":"✅ MongoDB connected successfully","timestamp":"2026-03-07T22:08:17.366Z"}
{"level":"info","message":"📊 Database: project","timestamp":"2026-03-07T22:08:17.367Z"}
{"level":"info","message":"🌐 Host: cluster0-shard-00-00.7noqj.mongodb.net","timestamp":"2026-03-07T22:08:17.367Z"}
{"level":"info","message":"🔌 Port: 27017","timestamp":"2026-03-07T22:08:17.368Z"}
{"level":"info","message":"Creating database indexes...","timestamp":"2026-03-07T22:08:17.368Z"}
{"level":"info","message":"✅ Indexes created for collection: users","timestamp":"2026-03-07T22:08:18.170Z"}
{"level":"info","message":"✅ Indexes created for collection: departments","timestamp":"2026-03-07T22:08:18.227Z"}
{"level":"info","message":"✅ Indexes created for collection: programs","timestamp":"2026-03-07T22:08:18.290Z"}
{"level":"info","message":"✅ Indexes created for collection: courses","timestamp":"2026-03-07T22:08:18.350Z"}
{"level":"info","message":"✅ Indexes created for collection: assignments","timestamp":"2026-03-07T22:08:18.410Z"}
{"level":"info","message":"✅ Indexes created for collection: submissions","timestamp":"2026-03-07T22:08:18.470Z"}
{"level":"info","message":"Attempting to connect to MongoDB...","timestamp":"2026-03-07T22:08:24.512Z"}
{"level":"info","message":"✅ MongoDB connected successfully","timestamp":"2026-03-07T22:08:24.882Z"}
{"level":"info","message":"📊 Database: project","timestamp":"2026-03-07T22:08:24.883Z"}
{"level":"info","message":"🌐 Host: cluster0-shard-00-00.7noqj.mongodb.net","timestamp":"2026-03-07T22:08:24.884Z"}
{"level":"info","message":"🔌 Port: 27017","timestamp":"2026-03-07T22:08:24.885Z"}
{"level":"info","message":"Creating database indexes...","timestamp":"2026-03-07T22:08:24.885Z"}
{"level":"info","message":"✅ Indexes created for collection: users","timestamp":"2026-03-07T22:08:25.700Z"}
{"level":"info","message":"✅ Indexes created for collection: departments","timestamp":"2026-03-07T22:08:25.766Z"}
{"level":"info","message":"✅ Indexes created for collection: programs","timestamp":"2026-03-07T22:08:25.829Z"}
{"level":"info","message":"✅ Indexes created for collection: courses","timestamp":"2026-03-07T22:08:25.888Z"}
{"level":"info","message":"✅ Indexes created for collection: assignments","timestamp":"2026-03-07T22:08:25.966Z"}
{"level":"info","message":"✅ Indexes created for collection: submissions","timestamp":"2026-03-07T22:08:26.028Z"}
{"level":"info","message":"Attempting to connect to MongoDB...","timestamp":"2026-03-07T22:08:30.232Z"}
{"level":"info","message":"✅ MongoDB connected successfully","timestamp":"2026-03-07T22:08:30.705Z"}
{"level":"info","message":"📊 Database: project","timestamp":"2026-03-07T22:08:30.705Z"}
{"level":"info","message":"🌐 Host: cluster0-shard-00-00.7noqj.mongodb.net","timestamp":"2026-03-07T22:08:30.706Z"}
{"level":"info","message":"🔌 Port: 27017","timestamp":"2026-03-07T22:08:30.707Z"}
{"level":"info","message":"Creating database indexes...","timestamp":"2026-03-07T22:08:30.708Z"}
{"level":"info","message":"✅ Indexes created for collection: users","timestamp":"2026-03-07T22:08:31.774Z"}
{"level":"info","message":"✅ Indexes created for collection: departments","timestamp":"2026-03-07T22:08:31.841Z"}
{"level":"info","message":"✅ Indexes created for collection: programs","timestamp":"2026-03-07T22:08:31.911Z"}
{"level":"info","message":"✅ Indexes created for collection: courses","timestamp":"2026-03-07T22:08:31.987Z"}
{"level":"info","message":"✅ Indexes created for collection: assignments","timestamp":"2026-03-07T22:08:32.052Z"}
{"level":"info","message":"✅ Indexes created for collection: submissions","timestamp":"2026-03-07T22:08:32.113Z"}
{"level":"info","message":"Attempting to connect to MongoDB...","timestamp":"2026-03-07T22:08:36.902Z"}
{"level":"info","message":"✅ MongoDB connected successfully","timestamp":"2026-03-07T22:08:37.452Z"}
{"level":"info","message":"📊 Database: project","timestamp":"2026-03-07T22:08:37.470Z"}
{"level":"info","message":"🌐 Host: cluster0-shard-00-00.7noqj.mongodb.net","timestamp":"2026-03-07T22:08:37.482Z"}
{"level":"info","message":"🔌 Port: 27017","timestamp":"2026-03-07T22:08:37.498Z"}
{"level":"info","message":"Creating database indexes...","timestamp":"2026-03-07T22:08:37.512Z"}
{"level":"info","message":"✅ Indexes created for collection: users","timestamp":"2026-03-07T22:08:38.677Z"}
{"level":"info","message":"✅ Indexes created for collection: departments","timestamp":"2026-03-07T22:08:38.744Z"}
{"level":"info","message":"✅ Indexes created for collection: programs","timestamp":"2026-03-07T22:08:38.832Z"}
{"level":"info","message":"✅ Indexes created for collection: courses","timestamp":"2026-03-07T22:08:38.900Z"}
{"level":"info","message":"✅ Indexes created for collection: assignments","timestamp":"2026-03-07T22:08:39.003Z"}
{"level":"info","message":"✅ Indexes created for collection: submissions","timestamp":"2026-03-07T22:08:39.085Z"}
{"level":"info","message":"Attempting to connect to MongoDB...","timestamp":"2026-03-07T22:08:42.411Z"}
{"level":"info","message":"✅ MongoDB connected successfully","timestamp":"2026-03-07T22:08:43.027Z"}
{"level":"info","message":"📊 Database: project","timestamp":"2026-03-07T22:08:43.046Z"}
{"level":"info","message":"🌐 Host: cluster0-shard-00-00.7noqj.mongodb.net","timestamp":"2026-03-07T22:08:43.051Z"}
{"level":"info","message":"🔌 Port: 27017","timestamp":"2026-03-07T22:08:43.052Z"}
{"level":"info","message":"Creating database indexes...","timestamp":"2026-03-07T22:08:43.055Z"}
{"level":"info","message":"✅ Indexes created for collection: users","timestamp":"2026-03-07T22:08:43.956Z"}
{"level":"info","message":"✅ Indexes created for collection: departments","timestamp":"2026-03-07T22:08:44.019Z"}
{"level":"info","message":"✅ Indexes created for collection: programs","timestamp":"2026-03-07T22:08:44.082Z"}
{"level":"info","message":"✅ Indexes created for collection: courses","timestamp":"2026-03-07T22:08:44.143Z"}
{"level":"info","message":"✅ Indexes created for collection: assignments","timestamp":"2026-03-07T22:08:44.206Z"}
{"level":"info","message":"✅ Indexes created for collection: submissions","timestamp":"2026-03-07T22:08:44.274Z"}
{"level":"info","message":"Attempting to connect to MongoDB...","timestamp":"2026-03-07T22:11:02.688Z"}
{"level":"info","message":"✅ MongoDB connected successfully","timestamp":"2026-03-07T22:11:03.144Z"}
{"level":"info","message":"📊 Database: project","timestamp":"2026-03-07T22:11:03.144Z"}
{"level":"info","message":"🌐 Host: cluster0-shard-00-00.7noqj.mongodb.net","timestamp":"2026-03-07T22:11:03.145Z"}
{"level":"info","message":"🔌 Port: 27017","timestamp":"2026-03-07T22:11:03.147Z"}
{"level":"info","message":"Creating database indexes...","timestamp":"2026-03-07T22:11:03.148Z"}
{"level":"info","message":"✅ Indexes created for collection: users","timestamp":"2026-03-07T22:11:03.897Z"}
{"level":"info","message":"✅ Indexes created for collection: departments","timestamp":"2026-03-07T22:11:03.957Z"}
{"level":"info","message":"✅ Indexes created for collection: programs","timestamp":"2026-03-07T22:11:04.018Z"}
{"level":"info","message":"✅ Indexes created for collection: courses","timestamp":"2026-03-07T22:11:04.079Z"}
{"level":"info","message":"✅ Indexes created for collection: assignments","timestamp":"2026-03-07T22:11:04.138Z"}
{"level":"info","message":"✅ Indexes created for collection: submissions","timestamp":"2026-03-07T22:11:04.201Z"}
{"level":"info","message":"Attempting to connect to MongoDB...","timestamp":"2026-03-07T22:13:05.454Z"}
{"level":"info","message":"✅ MongoDB connected successfully","timestamp":"2026-03-07T22:13:05.870Z"}
{"level":"info","message":"📊 Database: project","timestamp":"2026-03-07T22:13:05.870Z"}
{"level":"info","message":"🌐 Host: cluster0-shard-00-00.7noqj.mongodb.net","timestamp":"2026-03-07T22:13:05.871Z"}
{"level":"info","message":"🔌 Port: 27017","timestamp":"2026-03-07T22:13:05.872Z"}
{"level":"info","message":"Creating database indexes...","timestamp":"2026-03-07T22:13:05.872Z"}
{"level":"info","message":"✅ Indexes created for collection: users","timestamp":"2026-03-07T22:13:06.629Z"}
{"level":"info","message":"✅ Indexes created for collection: departments","timestamp":"2026-03-07T22:13:06.689Z"}
{"level":"info","message":"✅ Indexes created for collection: programs","timestamp":"2026-03-07T22:13:06.753Z"}
{"level":"info","message":"✅ Indexes created for collection: courses","timestamp":"2026-03-07T22:13:06.817Z"}
{"level":"info","message":"✅ Indexes created for collection: assignments","timestamp":"2026-03-07T22:13:06.874Z"}
{"level":"info","message":"✅ Indexes created for collection: submissions","timestamp":"2026-03-07T22:13:06.934Z"}
{"level":"info","message":"Attempting to connect to MongoDB...","timestamp":"2026-03-07T22:13:10.107Z"}
{"level":"info","message":"✅ MongoDB connected successfully","timestamp":"2026-03-07T22:13:10.535Z"}
{"level":"info","message":"📊 Database: project","timestamp":"2026-03-07T22:13:10.537Z"}
{"level":"info","message":"🌐 Host: cluster0-shard-00-00.7noqj.mongodb.net","timestamp":"2026-03-07T22:13:10.537Z"}
{"level":"info","message":"🔌 Port: 27017","timestamp":"2026-03-07T22:13:10.538Z"}
{"level":"info","message":"Creating database indexes...","timestamp":"2026-03-07T22:13:10.539Z"}
{"level":"info","message":"✅ Indexes created for collection: users","timestamp":"2026-03-07T22:13:11.485Z"}
{"level":"info","message":"✅ Indexes created for collection: departments","timestamp":"2026-03-07T22:13:11.562Z"}
{"level":"info","message":"✅ Indexes created for collection: programs","timestamp":"2026-03-07T22:13:11.636Z"}
{"level":"info","message":"✅ Indexes created for collection: courses","timestamp":"2026-03-07T22:13:11.712Z"}
{"level":"info","message":"✅ Indexes created for collection: assignments","timestamp":"2026-03-07T22:13:11.785Z"}
{"level":"info","message":"✅ Indexes created for collection: submissions","timestamp":"2026-03-07T22:13:11.879Z"}
{"level":"info","message":"Attempting to connect to MongoDB...","timestamp":"2026-03-07T22:13:39.222Z"}
{"level":"info","message":"✅ MongoDB connected successfully","timestamp":"2026-03-07T22:13:39.811Z"}
{"level":"info","message":"📊 Database: project","timestamp":"2026-03-07T22:13:39.812Z"}
{"level":"info","message":"🌐 Host: cluster0-shard-00-00.7noqj.mongodb.net","timestamp":"2026-03-07T22:13:39.813Z"}
{"level":"info","message":"🔌 Port: 27017","timestamp":"2026-03-07T22:13:39.814Z"}
{"level":"info","message":"Creating database indexes...","timestamp":"2026-03-07T22:13:39.818Z"}
{"level":"info","message":"✅ Indexes created for collection: users","timestamp":"2026-03-07T22:13:41.430Z"}
{"level":"info","message":"✅ Indexes created for collection: departments","timestamp":"2026-03-07T22:13:41.716Z"}
{"level":"info","message":"✅ Indexes created for collection: programs","timestamp":"2026-03-07T22:13:41.977Z"}
{"level":"info","message":"✅ Indexes created for collection: courses","timestamp":"2026-03-07T22:13:42.043Z"}
{"level":"info","message":"✅ Indexes created for collection: assignments","timestamp":"2026-03-07T22:13:42.137Z"}
{"level":"info","message":"✅ Indexes created for collection: submissions","timestamp":"2026-03-07T22:13:42.208Z"}
{"level":"info","message":"Attempting to connect to MongoDB...","timestamp":"2026-03-07T22:17:45.838Z"}
{"level":"info","message":"✅ MongoDB connected successfully","timestamp":"2026-03-07T22:17:46.297Z"}
{"level":"info","message":"📊 Database: project","timestamp":"2026-03-07T22:17:46.299Z"}
{"level":"info","message":"🌐 Host: cluster0-shard-00-00.7noqj.mongodb.net","timestamp":"2026-03-07T22:17:46.299Z"}
{"level":"info","message":"🔌 Port: 27017","timestamp":"2026-03-07T22:17:46.300Z"}
{"level":"info","message":"Creating database indexes...","timestamp":"2026-03-07T22:17:46.301Z"}
{"level":"info","message":"✅ Indexes created for collection: users","timestamp":"2026-03-07T22:17:47.324Z"}
{"level":"info","message":"✅ Indexes created for collection: departments","timestamp":"2026-03-07T22:17:47.385Z"}
{"level":"info","message":"✅ Indexes created for collection: programs","timestamp":"2026-03-07T22:17:47.444Z"}
{"level":"info","message":"✅ Indexes created for collection: courses","timestamp":"2026-03-07T22:17:47.503Z"}
{"level":"info","message":"✅ Indexes created for collection: assignments","timestamp":"2026-03-07T22:17:47.563Z"}
{"level":"info","message":"✅ Indexes created for collection: submissions","timestamp":"2026-03-07T22:17:47.624Z"}
{"level":"info","message":"Attempting to connect to MongoDB...","timestamp":"2026-03-07T22:17:50.148Z"}
{"level":"info","message":"✅ MongoDB connected successfully","timestamp":"2026-03-07T22:17:50.528Z"}
{"level":"info","message":"📊 Database: project","timestamp":"2026-03-07T22:17:50.530Z"}
{"level":"info","message":"🌐 Host: cluster0-shard-00-00.7noqj.mongodb.net","timestamp":"2026-03-07T22:17:50.531Z"}
{"level":"info","message":"🔌 Port: 27017","timestamp":"2026-03-07T22:17:50.537Z"}
{"level":"info","message":"Creating database indexes...","timestamp":"2026-03-07T22:17:50.544Z"}
{"level":"info","message":"✅ Indexes created for collection: users","timestamp":"2026-03-07T22:17:51.298Z"}
{"level":"info","message":"✅ Indexes created for collection: departments","timestamp":"2026-03-07T22:17:51.362Z"}
{"level":"info","message":"✅ Indexes created for collection: programs","timestamp":"2026-03-07T22:17:51.423Z"}
{"level":"info","message":"✅ Indexes created for collection: courses","timestamp":"2026-03-07T22:17:51.487Z"}
{"level":"info","message":"✅ Indexes created for collection: assignments","timestamp":"2026-03-07T22:17:51.550Z"}
{"level":"info","message":"✅ Indexes created for collection: submissions","timestamp":"2026-03-07T22:17:51.617Z"}
{"level":"info","message":"Attempting to connect to MongoDB...","timestamp":"2026-03-07T22:17:54.088Z"}
{"level":"info","message":"✅ MongoDB connected successfully","timestamp":"2026-03-07T22:17:54.484Z"}
{"level":"info","message":"📊 Database: project","timestamp":"2026-03-07T22:17:54.485Z"}
{"level":"info","message":"🌐 Host: cluster0-shard-00-00.7noqj.mongodb.net","timestamp":"2026-03-07T22:17:54.486Z"}
{"level":"info","message":"🔌 Port: 27017","timestamp":"2026-03-07T22:17:54.486Z"}
{"level":"info","message":"Creating database indexes...","timestamp":"2026-03-07T22:17:54.487Z"}
{"level":"info","message":"✅ Indexes created for collection: users","timestamp":"2026-03-07T22:17:55.300Z"}
{"level":"info","message":"✅ Indexes created for collection: departments","timestamp":"2026-03-07T22:17:55.377Z"}
{"level":"info","message":"✅ Indexes created for collection: programs","timestamp":"2026-03-07T22:17:55.476Z"}
{"level":"info","message":"✅ Indexes created for collection: courses","timestamp":"2026-03-07T22:17:55.533Z"}
{"level":"info","message":"✅ Indexes created for collection: assignments","timestamp":"2026-03-07T22:17:55.594Z"}
{"level":"info","message":"✅ Indexes created for collection: submissions","timestamp":"2026-03-07T22:17:55.653Z"}
{"level":"info","message":"Attempting to connect to MongoDB...","timestamp":"2026-03-07T22:18:11.391Z"}
{"level":"info","message":"✅ MongoDB connected successfully","timestamp":"2026-03-07T22:18:11.787Z"}
{"level":"info","message":"📊 Database: project","timestamp":"2026-03-07T22:18:11.788Z"}
{"level":"info","message":"🌐 Host: cluster0-shard-00-00.7noqj.mongodb.net","timestamp":"2026-03-07T22:18:11.789Z"}
{"level":"info","message":"🔌 Port: 27017","timestamp":"2026-03-07T22:18:11.789Z"}
{"level":"info","message":"Creating database indexes...","timestamp":"2026-03-07T22:18:11.790Z"}
{"level":"info","message":"✅ Indexes created for collection: users","timestamp":"2026-03-07T22:18:12.582Z"}
{"level":"info","message":"✅ Indexes created for collection: departments","timestamp":"2026-03-07T22:18:12.643Z"}
{"level":"info","message":"✅ Indexes created for collection: programs","timestamp":"2026-03-07T22:18:12.709Z"}
{"level":"info","message":"✅ Indexes created for collection: courses","timestamp":"2026-03-07T22:18:12.765Z"}
{"level":"info","message":"✅ Indexes created for collection: assignments","timestamp":"2026-03-07T22:18:12.822Z"}
{"level":"info","message":"✅ Indexes created for collection: submissions","timestamp":"2026-03-07T22:18:12.880Z"}
{"level":"info","message":"Attempting to connect to MongoDB...","timestamp":"2026-03-07T22:18:22.721Z"}
{"level":"info","message":"✅ MongoDB connected successfully","timestamp":"2026-03-07T22:18:23.130Z"}
{"level":"info","message":"📊 Database: project","timestamp":"2026-03-07T22:18:23.137Z"}
{"level":"info","message":"🌐 Host: cluster0-shard-00-00.7noqj.mongodb.net","timestamp":"2026-03-07T22:18:23.141Z"}
{"level":"info","message":"🔌 Port: 27017","timestamp":"2026-03-07T22:18:23.144Z"}
{"level":"info","message":"Creating database indexes...","timestamp":"2026-03-07T22:18:23.149Z"}
{"level":"info","message":"✅ Indexes created for collection: users","timestamp":"2026-03-07T22:18:23.914Z"}
{"level":"info","message":"✅ Indexes created for collection: departments","timestamp":"2026-03-07T22:18:23.973Z"}
{"level":"info","message":"✅ Indexes created for collection: programs","timestamp":"2026-03-07T22:18:24.034Z"}
{"level":"info","message":"✅ Indexes created for collection: courses","timestamp":"2026-03-07T22:18:24.093Z"}
{"level":"info","message":"✅ Indexes created for collection: assignments","timestamp":"2026-03-07T22:18:24.152Z"}
{"level":"info","message":"✅ Indexes created for collection: submissions","timestamp":"2026-03-07T22:18:24.214Z"}
{"level":"info","message":"Attempting to connect to MongoDB...","timestamp":"2026-03-07T22:20:22.721Z"}
{"level":"info","message":"✅ MongoDB connected successfully","timestamp":"2026-03-07T22:20:23.139Z"}
{"level":"info","message":"📊 Database: project","timestamp":"2026-03-07T22:20:23.140Z"}
{"level":"info","message":"🌐 Host: cluster0-shard-00-00.7noqj.mongodb.net","timestamp":"2026-03-07T22:20:23.140Z"}
{"level":"info","message":"🔌 Port: 27017","timestamp":"2026-03-07T22:20:23.140Z"}
{"level":"info","message":"Creating database indexes...","timestamp":"2026-03-07T22:20:23.141Z"}
{"level":"info","message":"✅ Indexes created for collection: users","timestamp":"2026-03-07T22:20:23.908Z"}
{"level":"info","message":"✅ Indexes created for collection: departments","timestamp":"2026-03-07T22:20:24.136Z"}
{"level":"info","message":"✅ Indexes created for collection: programs","timestamp":"2026-03-07T22:20:24.207Z"}
{"level":"info","message":"✅ Indexes created for collection: courses","timestamp":"2026-03-07T22:20:24.283Z"}
{"level":"info","message":"✅ Indexes created for collection: assignments","timestamp":"2026-03-07T22:20:24.354Z"}
{"level":"info","message":"✅ Indexes created for collection: submissions","timestamp":"2026-03-07T22:20:24.426Z"}
{"level":"info","message":"Attempting to connect to MongoDB...","timestamp":"2026-03-07T22:20:29.480Z"}
{"level":"info","message":"✅ MongoDB connected successfully","timestamp":"2026-03-07T22:20:29.876Z"}
{"level":"info","message":"📊 Database: project","timestamp":"2026-03-07T22:20:29.877Z"}
{"level":"info","message":"🌐 Host: cluster0-shard-00-00.7noqj.mongodb.net","timestamp":"2026-03-07T22:20:29.877Z"}
{"level":"info","message":"🔌 Port: 27017","timestamp":"2026-03-07T22:20:29.877Z"}
{"level":"info","message":"Creating database indexes...","timestamp":"2026-03-07T22:20:29.878Z"}
{"level":"info","message":"✅ Indexes created for collection: users","timestamp":"2026-03-07T22:20:30.611Z"}
{"level":"info","message":"✅ Indexes created for collection: departments","timestamp":"2026-03-07T22:20:30.666Z"}
{"level":"info","message":"✅ Indexes created for collection: programs","timestamp":"2026-03-07T22:20:30.727Z"}
{"level":"info","message":"✅ Indexes created for collection: courses","timestamp":"2026-03-07T22:20:30.784Z"}
{"level":"info","message":"✅ Indexes created for collection: assignments","timestamp":"2026-03-07T22:20:30.842Z"}
{"level":"info","message":"✅ Indexes created for collection: submissions","timestamp":"2026-03-07T22:20:30.898Z"}
{"level":"info","message":"Attempting to connect to MongoDB...","timestamp":"2026-03-07T22:20:34.821Z"}
{"level":"info","message":"✅ MongoDB connected successfully","timestamp":"2026-03-07T22:20:35.218Z"}
{"level":"info","message":"📊 Database: project","timestamp":"2026-03-07T22:20:35.218Z"}
{"level":"info","message":"🌐 Host: cluster0-shard-00-00.7noqj.mongodb.net","timestamp":"2026-03-07T22:20:35.218Z"}
{"level":"info","message":"🔌 Port: 27017","timestamp":"2026-03-07T22:20:35.219Z"}
{"level":"info","message":"Creating database indexes...","timestamp":"2026-03-07T22:20:35.219Z"}
{"level":"info","message":"✅ Indexes created for collection: users","timestamp":"2026-03-07T22:20:36.022Z"}
{"level":"info","message":"✅ Indexes created for collection: departments","timestamp":"2026-03-07T22:20:36.085Z"}
{"level":"info","message":"✅ Indexes created for collection: programs","timestamp":"2026-03-07T22:20:36.143Z"}
{"level":"info","message":"✅ Indexes created for collection: courses","timestamp":"2026-03-07T22:20:36.205Z"}
{"level":"info","message":"✅ Indexes created for collection: assignments","timestamp":"2026-03-07T22:20:36.268Z"}
{"level":"info","message":"✅ Indexes created for collection: submissions","timestamp":"2026-03-07T22:20:36.326Z"}
{"level":"info","message":"Attempting to connect to MongoDB...","timestamp":"2026-03-07T22:20:41.566Z"}
{"level":"info","message":"✅ MongoDB connected successfully","timestamp":"2026-03-07T22:20:42.079Z"}
{"level":"info","message":"📊 Database: project","timestamp":"2026-03-07T22:20:42.079Z"}
{"level":"info","message":"🌐 Host: cluster0-shard-00-00.7noqj.mongodb.net","timestamp":"2026-03-07T22:20:42.079Z"}
{"level":"info","message":"🔌 Port: 27017","timestamp":"2026-03-07T22:20:42.079Z"}
{"level":"info","message":"Creating database indexes...","timestamp":"2026-03-07T22:20:42.080Z"}
{"level":"info","message":"✅ Indexes created for collection: users","timestamp":"2026-03-07T22:20:42.861Z"}
{"level":"info","message":"✅ Indexes created for collection: departments","timestamp":"2026-03-07T22:20:42.926Z"}
{"level":"info","message":"✅ Indexes created for collection: programs","timestamp":"2026-03-07T22:20:42.987Z"}
{"level":"info","message":"✅ Indexes created for collection: courses","timestamp":"2026-03-07T22:20:43.047Z"}
{"level":"info","message":"✅ Indexes created for collection: assignments","timestamp":"2026-03-07T22:20:43.105Z"}
{"level":"info","message":"✅ Indexes created for collection: submissions","timestamp":"2026-03-07T22:20:43.162Z"}
{"level":"info","message":"Attempting to connect to MongoDB...","timestamp":"2026-03-07T22:20:46.958Z"}
{"level":"info","message":"✅ MongoDB connected successfully","timestamp":"2026-03-07T22:20:47.366Z"}
{"level":"info","message":"📊 Database: project","timestamp":"2026-03-07T22:20:47.366Z"}
{"level":"info","message":"🌐 Host: cluster0-shard-00-00.7noqj.mongodb.net","timestamp":"2026-03-07T22:20:47.366Z"}
{"level":"info","message":"🔌 Port: 27017","timestamp":"2026-03-07T22:20:47.367Z"}
{"level":"info","message":"Creating database indexes...","timestamp":"2026-03-07T22:20:47.367Z"}
{"level":"info","message":"✅ Indexes created for collection: users","timestamp":"2026-03-07T22:20:48.097Z"}
{"level":"info","message":"✅ Indexes created for collection: departments","timestamp":"2026-03-07T22:20:48.152Z"}
{"level":"info","message":"✅ Indexes created for collection: programs","timestamp":"2026-03-07T22:20:48.209Z"}
{"level":"info","message":"✅ Indexes created for collection: courses","timestamp":"2026-03-07T22:20:48.265Z"}
{"level":"info","message":"✅ Indexes created for collection: assignments","timestamp":"2026-03-07T22:20:48.321Z"}
{"level":"info","message":"✅ Indexes created for collection: submissions","timestamp":"2026-03-07T22:20:48.380Z"}
{"level":"info","message":"Attempting to connect to MongoDB...","timestamp":"2026-03-07T22:20:52.663Z"}
{"level":"info","message":"✅ MongoDB connected successfully","timestamp":"2026-03-07T22:20:53.068Z"}
{"level":"info","message":"📊 Database: project","timestamp":"2026-03-07T22:20:53.069Z"}
{"level":"info","message":"🌐 Host: cluster0-shard-00-00.7noqj.mongodb.net","timestamp":"2026-03-07T22:20:53.069Z"}
{"level":"info","message":"🔌 Port: 27017","timestamp":"2026-03-07T22:20:53.070Z"}
{"level":"info","message":"Creating database indexes...","timestamp":"2026-03-07T22:20:53.070Z"}
{"level":"info","message":"✅ Indexes created for collection: users","timestamp":"2026-03-07T22:20:53.829Z"}
{"level":"info","message":"✅ Indexes created for collection: departments","timestamp":"2026-03-07T22:20:53.885Z"}
{"level":"info","message":"✅ Indexes created for collection: programs","timestamp":"2026-03-07T22:20:53.945Z"}
{"level":"info","message":"✅ Indexes created for collection: courses","timestamp":"2026-03-07T22:20:54.003Z"}
{"level":"info","message":"✅ Indexes created for collection: assignments","timestamp":"2026-03-07T22:20:54.060Z"}
{"level":"info","message":"✅ Indexes created for collection: submissions","timestamp":"2026-03-07T22:20:54.117Z"}
{"level":"info","message":"Attempting to connect to MongoDB...","timestamp":"2026-03-07T22:20:58.765Z"}
{"level":"info","message":"✅ MongoDB connected successfully","timestamp":"2026-03-07T22:20:59.169Z"}
{"level":"info","message":"📊 Database: project","timestamp":"2026-03-07T22:20:59.169Z"}
{"level":"info","message":"🌐 Host: cluster0-shard-00-00.7noqj.mongodb.net","timestamp":"2026-03-07T22:20:59.169Z"}
{"level":"info","message":"🔌 Port: 27017","timestamp":"2026-03-07T22:20:59.170Z"}
{"level":"info","message":"Creating database indexes...","timestamp":"2026-03-07T22:20:59.170Z"}
{"level":"info","message":"✅ Indexes created for collection: users","timestamp":"2026-03-07T22:20:59.909Z"}
{"level":"info","message":"✅ Indexes created for collection: departments","timestamp":"2026-03-07T22:20:59.969Z"}
{"level":"info","message":"✅ Indexes created for collection: programs","timestamp":"2026-03-07T22:21:00.106Z"}
{"level":"info","message":"✅ Indexes created for collection: courses","timestamp":"2026-03-07T22:21:00.164Z"}
{"level":"info","message":"✅ Indexes created for collection: assignments","timestamp":"2026-03-07T22:21:00.222Z"}
{"level":"info","message":"✅ Indexes created for collection: submissions","timestamp":"2026-03-07T22:21:00.279Z"}
{"level":"info","message":"Attempting to connect to MongoDB...","timestamp":"2026-03-07T22:21:04.603Z"}
{"level":"info","message":"✅ MongoDB connected successfully","timestamp":"2026-03-07T22:21:05.002Z"}
{"level":"info","message":"📊 Database: project","timestamp":"2026-03-07T22:21:05.002Z"}
{"level":"info","message":"🌐 Host: cluster0-shard-00-00.7noqj.mongodb.net","timestamp":"2026-03-07T22:21:05.002Z"}
{"level":"info","message":"🔌 Port: 27017","timestamp":"2026-03-07T22:21:05.003Z"}
{"level":"info","message":"Creating database indexes...","timestamp":"2026-03-07T22:21:05.003Z"}
{"level":"info","message":"✅ Indexes created for collection: users","timestamp":"2026-03-07T22:21:05.774Z"}
{"level":"info","message":"✅ Indexes created for collection: departments","timestamp":"2026-03-07T22:21:05.835Z"}
{"level":"info","message":"✅ Indexes created for collection: programs","timestamp":"2026-03-07T22:21:05.893Z"}
{"level":"info","message":"✅ Indexes created for collection: courses","timestamp":"2026-03-07T22:21:05.952Z"}
{"level":"info","message":"✅ Indexes created for collection: assignments","timestamp":"2026-03-07T22:21:06.014Z"}
{"level":"info","message":"✅ Indexes created for collection: submissions","timestamp":"2026-03-07T22:21:06.074Z"}
{"level":"info","message":"Attempting to connect to MongoDB...","timestamp":"2026-03-07T22:24:20.211Z"}
{"level":"info","message":"✅ MongoDB connected successfully","timestamp":"2026-03-07T22:24:20.727Z"}
{"level":"info","message":"📊 Database: project","timestamp":"2026-03-07T22:24:20.728Z"}
{"level":"info","message":"🌐 Host: cluster0-shard-00-00.7noqj.mongodb.net","timestamp":"2026-03-07T22:24:20.729Z"}
{"level":"info","message":"🔌 Port: 27017","timestamp":"2026-03-07T22:24:20.731Z"}
{"level":"info","message":"Creating database indexes...","timestamp":"2026-03-07T22:24:20.732Z"}
{"level":"info","message":"✅ Indexes created for collection: users","timestamp":"2026-03-07T22:24:21.608Z"}
{"level":"info","message":"✅ Indexes created for collection: departments","timestamp":"2026-03-07T22:24:21.670Z"}
{"level":"info","message":"✅ Indexes created for collection: programs","timestamp":"2026-03-07T22:24:21.735Z"}
{"level":"info","message":"✅ Indexes created for collection: courses","timestamp":"2026-03-07T22:24:21.802Z"}
{"level":"info","message":"✅ Indexes created for collection: assignments","timestamp":"2026-03-07T22:24:21.866Z"}
{"level":"info","message":"✅ Indexes created for collection: submissions","timestamp":"2026-03-07T22:24:21.926Z"}
{"level":"info","message":"Attempting to connect to MongoDB...","timestamp":"2026-03-07T22:24:24.784Z"}
{"level":"info","message":"✅ MongoDB connected successfully","timestamp":"2026-03-07T22:24:25.200Z"}
{"level":"info","message":"📊 Database: project","timestamp":"2026-03-07T22:24:25.201Z"}
{"level":"info","message":"🌐 Host: cluster0-shard-00-00.7noqj.mongodb.net","timestamp":"2026-03-07T22:24:25.202Z"}
{"level":"info","message":"🔌 Port: 27017","timestamp":"2026-03-07T22:24:25.204Z"}
{"level":"info","message":"Creating database indexes...","timestamp":"2026-03-07T22:24:25.205Z"}
{"level":"info","message":"✅ Indexes created for collection: users","timestamp":"2026-03-07T22:24:26.006Z"}
{"level":"info","message":"✅ Indexes created for collection: departments","timestamp":"2026-03-07T22:24:26.087Z"}
{"level":"info","message":"✅ Indexes created for collection: programs","timestamp":"2026-03-07T22:24:26.150Z"}
{"level":"info","message":"✅ Indexes created for collection: courses","timestamp":"2026-03-07T22:24:26.213Z"}
{"level":"info","message":"✅ Indexes created for collection: assignments","timestamp":"2026-03-07T22:24:26.274Z"}
{"level":"info","message":"✅ Indexes created for collection: submissions","timestamp":"2026-03-07T22:24:26.337Z"}
{"level":"info","message":"Attempting to connect to MongoDB...","timestamp":"2026-03-07T22:24:55.454Z"}
{"level":"info","message":"✅ MongoDB connected successfully","timestamp":"2026-03-07T22:24:55.917Z"}
{"level":"info","message":"📊 Database: project","timestamp":"2026-03-07T22:24:55.917Z"}
{"level":"info","message":"🌐 Host: cluster0-shard-00-00.7noqj.mongodb.net","timestamp":"2026-03-07T22:24:55.917Z"}
{"level":"info","message":"🔌 Port: 27017","timestamp":"2026-03-07T22:24:55.917Z"}
{"level":"info","message":"Creating database indexes...","timestamp":"2026-03-07T22:24:55.918Z"}
{"level":"info","message":"✅ Indexes created for collection: users","timestamp":"2026-03-07T22:24:56.722Z"}
{"level":"info","message":"✅ Indexes created for collection: departments","timestamp":"2026-03-07T22:24:56.776Z"}
{"level":"info","message":"✅ Indexes created for collection: programs","timestamp":"2026-03-07T22:24:56.830Z"}
{"level":"info","message":"✅ Indexes created for collection: courses","timestamp":"2026-03-07T22:24:56.883Z"}
{"level":"info","message":"✅ Indexes created for collection: assignments","timestamp":"2026-03-07T22:24:56.938Z"}
{"level":"info","message":"✅ Indexes created for collection: submissions","timestamp":"2026-03-07T22:24:56.994Z"}
{"level":"info","message":"🎉 Database index optimization process completed","timestamp":"2026-03-07T22:24:56.995Z"}
{"level":"info","message":"Attempting to connect to MongoDB...","timestamp":"2026-03-07T22:25:10.683Z"}
{"level":"info","message":"✅ MongoDB connected successfully","timestamp":"2026-03-07T22:25:11.069Z"}
{"level":"info","message":"📊 Database: project","timestamp":"2026-03-07T22:25:11.069Z"}
{"level":"info","message":"🌐 Host: cluster0-shard-00-00.7noqj.mongodb.net","timestamp":"2026-03-07T22:25:11.070Z"}
{"level":"info","message":"🔌 Port: 27017","timestamp":"2026-03-07T22:25:11.071Z"}
{"level":"info","message":"Creating database indexes...","timestamp":"2026-03-07T22:25:11.071Z"}
{"level":"info","message":"✅ Indexes created for collection: users","timestamp":"2026-03-07T22:25:11.860Z"}
{"level":"info","message":"✅ Indexes created for collection: departments","timestamp":"2026-03-07T22:25:11.917Z"}
{"level":"info","message":"✅ Indexes created for collection: programs","timestamp":"2026-03-07T22:25:11.976Z"}
{"level":"info","message":"✅ Indexes created for collection: courses","timestamp":"2026-03-07T22:25:12.033Z"}
{"level":"info","message":"✅ Indexes created for collection: assignments","timestamp":"2026-03-07T22:25:12.100Z"}
{"level":"info","message":"✅ Indexes created for collection: submissions","timestamp":"2026-03-07T22:25:12.161Z"}
{"level":"info","message":"🎉 Database index optimization process completed","timestamp":"2026-03-07T22:25:12.162Z"}
{"level":"info","message":"Attempting to connect to MongoDB...","timestamp":"2026-03-07T22:29:12.318Z"}
{"level":"info","message":"✅ MongoDB connected successfully","timestamp":"2026-03-07T22:29:12.727Z"}
{"level":"info","message":"📊 Database: project","timestamp":"2026-03-07T22:29:12.727Z"}
{"level":"info","message":"🌐 Host: cluster0-shard-00-00.7noqj.mongodb.net","timestamp":"2026-03-07T22:29:12.728Z"}
{"level":"info","message":"🔌 Port: 27017","timestamp":"2026-03-07T22:29:12.729Z"}
{"level":"info","message":"Creating database indexes...","timestamp":"2026-03-07T22:29:12.730Z"}
{"level":"info","message":"✅ Indexes created for collection: users","timestamp":"2026-03-07T22:29:13.485Z"}
{"level":"info","message":"✅ Indexes created for collection: departments","timestamp":"2026-03-07T22:29:13.543Z"}
{"level":"info","message":"✅ Indexes created for collection: programs","timestamp":"2026-03-07T22:29:13.602Z"}
{"level":"info","message":"✅ Indexes created for collection: courses","timestamp":"2026-03-07T22:29:13.661Z"}
{"level":"info","message":"✅ Indexes created for collection: assignments","timestamp":"2026-03-07T22:29:13.719Z"}
{"level":"info","message":"✅ Indexes created for collection: submissions","timestamp":"2026-03-07T22:29:13.775Z"}
{"level":"info","message":"🎉 Database index optimization process completed","timestamp":"2026-03-07T22:29:13.776Z"}
{"level":"info","message":"Attempting to connect to MongoDB...","timestamp":"2026-03-07T22:39:20.036Z"}
{"level":"info","message":"✅ MongoDB connected successfully","timestamp":"2026-03-07T22:39:20.444Z"}
{"level":"info","message":"📊 Database: project","timestamp":"2026-03-07T22:39:20.446Z"}
{"level":"info","message":"🌐 Host: cluster0-shard-00-00.7noqj.mongodb.net","timestamp":"2026-03-07T22:39:20.446Z"}
{"level":"info","message":"🔌 Port: 27017","timestamp":"2026-03-07T22:39:20.446Z"}
{"level":"info","message":"Creating database indexes...","timestamp":"2026-03-07T22:39:20.447Z"}
{"level":"info","message":"✅ Indexes created for collection: users","timestamp":"2026-03-07T22:39:21.235Z"}
{"level":"info","message":"✅ Indexes created for collection: departments","timestamp":"2026-03-07T22:39:21.296Z"}
{"level":"info","message":"✅ Indexes created for collection: programs","timestamp":"2026-03-07T22:39:21.361Z"}
{"level":"info","message":"✅ Indexes created for collection: courses","timestamp":"2026-03-07T22:39:21.422Z"}
{"level":"info","message":"✅ Indexes created for collection: assignments","timestamp":"2026-03-07T22:39:21.482Z"}
{"level":"info","message":"✅ Indexes created for collection: submissions","timestamp":"2026-03-07T22:39:21.542Z"}
{"level":"info","message":"🎉 Database index optimization process completed","timestamp":"2026-03-07T22:39:21.542Z"}
{"level":"info","message":"Attempting to connect to MongoDB...","timestamp":"2026-03-07T22:40:24.182Z"}
{"level":"info","message":"✅ MongoDB connected successfully","timestamp":"2026-03-07T22:40:24.698Z"}
{"level":"info","message":"📊 Database: project","timestamp":"2026-03-07T22:40:24.699Z"}
{"level":"info","message":"🌐 Host: cluster0-shard-00-00.7noqj.mongodb.net","timestamp":"2026-03-07T22:40:24.699Z"}
{"level":"info","message":"🔌 Port: 27017","timestamp":"2026-03-07T22:40:24.699Z"}
{"level":"info","message":"Creating database indexes...","timestamp":"2026-03-07T22:40:24.699Z"}
{"level":"info","message":"✅ Indexes created for collection: users","timestamp":"2026-03-07T22:40:25.450Z"}
{"level":"info","message":"✅ Indexes created for collection: departments","timestamp":"2026-03-07T22:40:25.507Z"}
{"level":"info","message":"✅ Indexes created for collection: programs","timestamp":"2026-03-07T22:40:25.564Z"}
{"level":"info","message":"✅ Indexes created for collection: courses","timestamp":"2026-03-07T22:40:25.624Z"}
{"level":"info","message":"✅ Indexes created for collection: assignments","timestamp":"2026-03-07T22:40:25.683Z"}
{"level":"info","message":"✅ Indexes created for collection: submissions","timestamp":"2026-03-07T22:40:25.744Z"}
{"level":"info","message":"🎉 Database index optimization process completed","timestamp":"2026-03-07T22:40:25.744Z"}
{"level":"info","message":"Attempting to connect to MongoDB...","timestamp":"2026-03-07T22:41:11.631Z"}
{"level":"info","message":"✅ MongoDB connected successfully","timestamp":"2026-03-07T22:41:12.037Z"}
{"level":"info","message":"📊 Database: project","timestamp":"2026-03-07T22:41:12.037Z"}
{"level":"info","message":"🌐 Host: cluster0-shard-00-00.7noqj.mongodb.net","timestamp":"2026-03-07T22:41:12.037Z"}
{"level":"info","message":"🔌 Port: 27017","timestamp":"2026-03-07T22:41:12.037Z"}
{"level":"info","message":"Creating database indexes...","timestamp":"2026-03-07T22:41:12.037Z"}
{"level":"info","message":"✅ Indexes created for collection: users","timestamp":"2026-03-07T22:41:12.884Z"}
{"level":"info","message":"✅ Indexes created for collection: departments","timestamp":"2026-03-07T22:41:12.950Z"}
{"level":"info","message":"✅ Indexes created for collection: programs","timestamp":"2026-03-07T22:41:13.009Z"}
{"level":"info","message":"✅ Indexes created for collection: courses","timestamp":"2026-03-07T22:41:13.068Z"}
{"level":"info","message":"✅ Indexes created for collection: assignments","timestamp":"2026-03-07T22:41:13.128Z"}
{"level":"info","message":"✅ Indexes created for collection: submissions","timestamp":"2026-03-07T22:41:13.188Z"}
{"level":"info","message":"🎉 Database index optimization process completed","timestamp":"2026-03-07T22:41:13.188Z"}
{"level":"info","message":"Attempting to connect to MongoDB...","timestamp":"2026-03-07T23:00:21.440Z"}
{"level":"info","message":"✅ MongoDB connected successfully","timestamp":"2026-03-07T23:00:21.976Z"}
{"level":"info","message":"📊 Database: project","timestamp":"2026-03-07T23:00:21.977Z"}
{"level":"info","message":"🌐 Host: cluster0-shard-00-00.7noqj.mongodb.net","timestamp":"2026-03-07T23:00:21.977Z"}
{"level":"info","message":"🔌 Port: 27017","timestamp":"2026-03-07T23:00:21.977Z"}
{"level":"info","message":"Creating database indexes...","timestamp":"2026-03-07T23:00:21.977Z"}
{"level":"info","message":"✅ Indexes created for collection: users","timestamp":"2026-03-07T23:00:22.820Z"}
{"level":"info","message":"✅ Indexes created for collection: departments","timestamp":"2026-03-07T23:00:22.899Z"}
{"level":"info","message":"✅ Indexes created for collection: programs","timestamp":"2026-03-07T23:00:22.958Z"}
{"level":"info","message":"✅ Indexes created for collection: courses","timestamp":"2026-03-07T23:00:23.015Z"}
{"level":"info","message":"✅ Indexes created for collection: assignments","timestamp":"2026-03-07T23:00:23.071Z"}
{"level":"info","message":"✅ Indexes created for collection: submissions","timestamp":"2026-03-07T23:00:23.129Z"}
{"level":"info","message":"🎉 Database index optimization process completed","timestamp":"2026-03-07T23:00:23.130Z"}
{"level":"info","message":"Attempting to connect to MongoDB...","timestamp":"2026-03-07T23:00:45.756Z"}
{"level":"info","message":"✅ MongoDB connected successfully","timestamp":"2026-03-07T23:00:46.146Z"}
{"level":"info","message":"📊 Database: project","timestamp":"2026-03-07T23:00:46.146Z"}
{"level":"info","message":"🌐 Host: cluster0-shard-00-00.7noqj.mongodb.net","timestamp":"2026-03-07T23:00:46.146Z"}
{"level":"info","message":"🔌 Port: 27017","timestamp":"2026-03-07T23:00:46.147Z"}
{"level":"info","message":"Creating database indexes...","timestamp":"2026-03-07T23:00:46.147Z"}
{"level":"info","message":"✅ Indexes created for collection: users","timestamp":"2026-03-07T23:00:46.934Z"}
{"level":"info","message":"✅ Indexes created for collection: departments","timestamp":"2026-03-07T23:00:47.002Z"}
{"level":"info","message":"✅ Indexes created for collection: programs","timestamp":"2026-03-07T23:00:47.060Z"}
{"level":"info","message":"✅ Indexes created for collection: courses","timestamp":"2026-03-07T23:00:47.118Z"}
{"level":"info","message":"✅ Indexes created for collection: assignments","timestamp":"2026-03-07T23:00:47.175Z"}
{"level":"info","message":"✅ Indexes created for collection: submissions","timestamp":"2026-03-07T23:00:47.232Z"}
{"level":"info","message":"🎉 Database index optimization process completed","timestamp":"2026-03-07T23:00:47.232Z"}
{"level":"info","message":"Attempting to connect to MongoDB...","timestamp":"2026-03-07T23:00:58.616Z"}
{"level":"info","message":"✅ MongoDB connected successfully","timestamp":"2026-03-07T23:00:59.007Z"}
{"level":"info","message":"📊 Database: project","timestamp":"2026-03-07T23:00:59.007Z"}
{"level":"info","message":"🌐 Host: cluster0-shard-00-00.7noqj.mongodb.net","timestamp":"2026-03-07T23:00:59.008Z"}
{"level":"info","message":"🔌 Port: 27017","timestamp":"2026-03-07T23:00:59.008Z"}
{"level":"info","message":"Creating database indexes...","timestamp":"2026-03-07T23:00:59.008Z"}
{"level":"info","message":"✅ Indexes created for collection: users","timestamp":"2026-03-07T23:00:59.789Z"}
{"level":"info","message":"✅ Indexes created for collection: departments","timestamp":"2026-03-07T23:00:59.856Z"}
{"level":"info","message":"✅ Indexes created for collection: programs","timestamp":"2026-03-07T23:00:59.926Z"}
{"level":"info","message":"✅ Indexes created for collection: courses","timestamp":"2026-03-07T23:00:59.987Z"}
{"level":"info","message":"✅ Indexes created for collection: assignments","timestamp":"2026-03-07T23:01:00.047Z"}
{"level":"info","message":"✅ Indexes created for collection: submissions","timestamp":"2026-03-07T23:01:00.108Z"}
{"level":"info","message":"🎉 Database index optimization process completed","timestamp":"2026-03-07T23:01:00.108Z"}
{"level":"info","message":"Attempting to connect to MongoDB...","timestamp":"2026-03-07T23:01:09.986Z"}
{"level":"info","message":"✅ MongoDB connected successfully","timestamp":"2026-03-07T23:01:10.354Z"}
{"level":"info","message":"📊 Database: project","timestamp":"2026-03-07T23:01:10.354Z"}
{"level":"info","message":"🌐 Host: cluster0-shard-00-00.7noqj.mongodb.net","timestamp":"2026-03-07T23:01:10.354Z"}
{"level":"info","message":"🔌 Port: 27017","timestamp":"2026-03-07T23:01:10.354Z"}
{"level":"info","message":"Creating database indexes...","timestamp":"2026-03-07T23:01:10.355Z"}
{"level":"info","message":"✅ Indexes created for collection: users","timestamp":"2026-03-07T23:01:11.092Z"}
{"level":"info","message":"✅ Indexes created for collection: departments","timestamp":"2026-03-07T23:01:11.148Z"}
{"level":"info","message":"✅ Indexes created for collection: programs","timestamp":"2026-03-07T23:01:11.208Z"}
{"level":"info","message":"✅ Indexes created for collection: courses","timestamp":"2026-03-07T23:01:11.266Z"}
{"level":"info","message":"✅ Indexes created for collection: assignments","timestamp":"2026-03-07T23:01:11.323Z"}
{"level":"info","message":"✅ Indexes created for collection: submissions","timestamp":"2026-03-07T23:01:11.419Z"}
{"level":"info","message":"🎉 Database index optimization process completed","timestamp":"2026-03-07T23:01:11.419Z"}
{"level":"info","message":"Attempting to connect to MongoDB...","timestamp":"2026-03-07T23:11:24.536Z"}
{"level":"info","message":"✅ MongoDB connected successfully","timestamp":"2026-03-07T23:11:25.015Z"}
{"level":"info","message":"📊 Database: project","timestamp":"2026-03-07T23:11:25.017Z"}
{"level":"info","message":"🌐 Host: cluster0-shard-00-00.7noqj.mongodb.net","timestamp":"2026-03-07T23:11:25.018Z"}
{"level":"info","message":"🔌 Port: 27017","timestamp":"2026-03-07T23:11:25.018Z"}
{"level":"info","message":"Creating database indexes...","timestamp":"2026-03-07T23:11:25.019Z"}
{"level":"info","message":"✅ Indexes created for collection: users","timestamp":"2026-03-07T23:11:26.221Z"}
{"level":"info","message":"✅ Indexes created for collection: departments","timestamp":"2026-03-07T23:11:26.281Z"}
{"level":"info","message":"✅ Indexes created for collection: programs","timestamp":"2026-03-07T23:11:26.340Z"}
{"level":"info","message":"✅ Indexes created for collection: courses","timestamp":"2026-03-07T23:11:26.400Z"}
{"level":"info","message":"✅ Indexes created for collection: assignments","timestamp":"2026-03-07T23:11:26.458Z"}
{"level":"info","message":"✅ Indexes created for collection: submissions","timestamp":"2026-03-07T23:11:26.517Z"}
{"level":"info","message":"🎉 Database index optimization process completed","timestamp":"2026-03-07T23:11:26.517Z"}
{"level":"info","message":"Attempting to connect to MongoDB...","timestamp":"2026-03-07T23:11:28.423Z"}
{"level":"info","message":"✅ MongoDB connected successfully","timestamp":"2026-03-07T23:11:28.969Z"}
{"level":"info","message":"📊 Database: project","timestamp":"2026-03-07T23:11:28.970Z"}
{"level":"info","message":"🌐 Host: cluster0-shard-00-00.7noqj.mongodb.net","timestamp":"2026-03-07T23:11:28.971Z"}
{"level":"info","message":"🔌 Port: 27017","timestamp":"2026-03-07T23:11:28.971Z"}
{"level":"info","message":"Creating database indexes...","timestamp":"2026-03-07T23:11:28.972Z"}
{"level":"info","message":"✅ Indexes created for collection: users","timestamp":"2026-03-07T23:11:29.920Z"}
{"level":"info","message":"✅ Indexes created for collection: departments","timestamp":"2026-03-07T23:11:29.983Z"}
{"level":"info","message":"✅ Indexes created for collection: programs","timestamp":"2026-03-07T23:11:30.044Z"}
{"level":"info","message":"✅ Indexes created for collection: courses","timestamp":"2026-03-07T23:11:30.102Z"}
{"level":"info","message":"✅ Indexes created for collection: assignments","timestamp":"2026-03-07T23:11:30.169Z"}
{"level":"info","message":"✅ Indexes created for collection: submissions","timestamp":"2026-03-07T23:11:30.228Z"}
{"level":"info","message":"Attempting to connect to MongoDB...","timestamp":"2026-03-07T23:16:01.387Z"}
{"level":"info","message":"✅ MongoDB connected successfully","timestamp":"2026-03-07T23:16:01.844Z"}
{"level":"info","message":"📊 Database: project","timestamp":"2026-03-07T23:16:01.844Z"}
{"level":"info","message":"🌐 Host: cluster0-shard-00-00.7noqj.mongodb.net","timestamp":"2026-03-07T23:16:01.844Z"}
{"level":"info","message":"🔌 Port: 27017","timestamp":"2026-03-07T23:16:01.844Z"}
{"level":"info","message":"Creating database indexes...","timestamp":"2026-03-07T23:16:01.845Z"}
{"level":"info","message":"✅ Indexes created for collection: users","timestamp":"2026-03-07T23:16:02.630Z"}
{"level":"info","message":"✅ Indexes created for collection: departments","timestamp":"2026-03-07T23:16:02.689Z"}
{"level":"info","message":"✅ Indexes created for collection: programs","timestamp":"2026-03-07T23:16:02.747Z"}
{"level":"info","message":"✅ Indexes created for collection: courses","timestamp":"2026-03-07T23:16:02.803Z"}
{"level":"info","message":"✅ Indexes created for collection: assignments","timestamp":"2026-03-07T23:16:02.862Z"}
{"level":"info","message":"✅ Indexes created for collection: submissions","timestamp":"2026-03-07T23:16:02.918Z"}
{"level":"info","message":"🎉 Database index optimization process completed","timestamp":"2026-03-07T23:16:02.919Z"}
{"level":"info","message":"Attempting to connect to MongoDB...","timestamp":"2026-03-07T23:18:27.937Z"}
{"level":"info","message":"✅ MongoDB connected successfully","timestamp":"2026-03-07T23:18:28.430Z"}
{"level":"info","message":"📊 Database: project","timestamp":"2026-03-07T23:18:28.430Z"}
{"level":"info","message":"🌐 Host: cluster0-shard-00-00.7noqj.mongodb.net","timestamp":"2026-03-07T23:18:28.430Z"}
{"level":"info","message":"🔌 Port: 27017","timestamp":"2026-03-07T23:18:28.431Z"}
{"level":"info","message":"Creating database indexes...","timestamp":"2026-03-07T23:18:28.432Z"}
{"level":"info","message":"✅ Indexes created for collection: users","timestamp":"2026-03-07T23:18:29.290Z"}
{"level":"info","message":"✅ Indexes created for collection: departments","timestamp":"2026-03-07T23:18:29.348Z"}
{"level":"info","message":"✅ Indexes created for collection: programs","timestamp":"2026-03-07T23:18:29.405Z"}
{"level":"info","message":"✅ Indexes created for collection: courses","timestamp":"2026-03-07T23:18:29.464Z"}
{"level":"info","message":"✅ Indexes created for collection: assignments","timestamp":"2026-03-07T23:18:29.520Z"}
{"level":"info","message":"✅ Indexes created for collection: submissions","timestamp":"2026-03-07T23:18:29.577Z"}
{"level":"info","message":"🎉 Database index optimization process completed","timestamp":"2026-03-07T23:18:29.577Z"}
{"level":"info","message":"Attempting to connect to MongoDB...","timestamp":"2026-03-07T23:18:47.298Z"}
{"level":"info","message":"✅ MongoDB connected successfully","timestamp":"2026-03-07T23:18:47.685Z"}
{"level":"info","message":"📊 Database: project","timestamp":"2026-03-07T23:18:47.686Z"}
{"level":"info","message":"🌐 Host: cluster0-shard-00-00.7noqj.mongodb.net","timestamp":"2026-03-07T23:18:47.686Z"}
{"level":"info","message":"🔌 Port: 27017","timestamp":"2026-03-07T23:18:47.686Z"}
{"level":"info","message":"Creating database indexes...","timestamp":"2026-03-07T23:18:47.686Z"}
{"level":"info","message":"✅ Indexes created for collection: users","timestamp":"2026-03-07T23:18:48.438Z"}
{"level":"info","message":"✅ Indexes created for collection: departments","timestamp":"2026-03-07T23:18:48.498Z"}
{"level":"info","message":"✅ Indexes created for collection: programs","timestamp":"2026-03-07T23:18:48.557Z"}
{"level":"info","message":"✅ Indexes created for collection: courses","timestamp":"2026-03-07T23:18:48.617Z"}
{"level":"info","message":"✅ Indexes created for collection: assignments","timestamp":"2026-03-07T23:18:48.675Z"}
{"level":"info","message":"✅ Indexes created for collection: submissions","timestamp":"2026-03-07T23:18:48.733Z"}
{"level":"info","message":"🎉 Database index optimization process completed","timestamp":"2026-03-07T23:18:48.733Z"}
{"level":"info","message":"Attempting to connect to MongoDB...","timestamp":"2026-03-07T23:18:57.516Z"}
{"level":"info","message":"✅ MongoDB connected successfully","timestamp":"2026-03-07T23:18:57.894Z"}
{"level":"info","message":"📊 Database: project","timestamp":"2026-03-07T23:18:57.895Z"}
{"level":"info","message":"🌐 Host: cluster0-shard-00-00.7noqj.mongodb.net","timestamp":"2026-03-07T23:18:57.895Z"}
{"level":"info","message":"🔌 Port: 27017","timestamp":"2026-03-07T23:18:57.895Z"}
{"level":"info","message":"Creating database indexes...","timestamp":"2026-03-07T23:18:57.895Z"}
{"level":"info","message":"✅ Indexes created for collection: users","timestamp":"2026-03-07T23:18:58.663Z"}
{"level":"info","message":"✅ Indexes created for collection: departments","timestamp":"2026-03-07T23:18:58.720Z"}
{"level":"info","message":"✅ Indexes created for collection: programs","timestamp":"2026-03-07T23:18:58.778Z"}
{"level":"info","message":"✅ Indexes created for collection: courses","timestamp":"2026-03-07T23:18:58.836Z"}
{"level":"info","message":"✅ Indexes created for collection: assignments","timestamp":"2026-03-07T23:18:58.898Z"}
{"level":"info","message":"✅ Indexes created for collection: submissions","timestamp":"2026-03-07T23:18:58.956Z"}
{"level":"info","message":"🎉 Database index optimization process completed","timestamp":"2026-03-07T23:18:58.956Z"}
{"level":"info","message":"Attempting to connect to MongoDB...","timestamp":"2026-03-07T23:26:38.236Z"}
{"level":"info","message":"✅ MongoDB connected successfully","timestamp":"2026-03-07T23:26:38.675Z"}
{"level":"info","message":"📊 Database: project","timestamp":"2026-03-07T23:26:38.676Z"}
{"level":"info","message":"🌐 Host: cluster0-shard-00-00.7noqj.mongodb.net","timestamp":"2026-03-07T23:26:38.676Z"}
{"level":"info","message":"🔌 Port: 27017","timestamp":"2026-03-07T23:26:38.677Z"}
{"level":"info","message":"Creating database indexes...","timestamp":"2026-03-07T23:26:38.678Z"}
{"level":"info","message":"✅ Indexes created for collection: users","timestamp":"2026-03-07T23:26:39.967Z"}
{"level":"info","message":"✅ Indexes created for collection: departments","timestamp":"2026-03-07T23:26:40.033Z"}
{"level":"info","message":"✅ Indexes created for collection: programs","timestamp":"2026-03-07T23:26:40.093Z"}
{"level":"info","message":"✅ Indexes created for collection: courses","timestamp":"2026-03-07T23:26:40.154Z"}
{"level":"info","message":"✅ Indexes created for collection: assignments","timestamp":"2026-03-07T23:26:40.220Z"}
{"level":"info","message":"✅ Indexes created for collection: submissions","timestamp":"2026-03-07T23:26:40.520Z"}
{"level":"info","message":"🎉 Database index optimization process completed","timestamp":"2026-03-07T23:26:40.520Z"}
{"level":"info","message":"Attempting to connect to MongoDB...","timestamp":"2026-03-07T23:55:37.224Z"}
{"level":"info","message":"✅ MongoDB connected successfully","timestamp":"2026-03-07T23:55:37.667Z"}
{"level":"info","message":"📊 Database: project","timestamp":"2026-03-07T23:55:37.668Z"}
{"level":"info","message":"🌐 Host: cluster0-shard-00-00.7noqj.mongodb.net","timestamp":"2026-03-07T23:55:37.668Z"}
{"level":"info","message":"🔌 Port: 27017","timestamp":"2026-03-07T23:55:37.668Z"}
{"level":"info","message":"Creating database indexes...","timestamp":"2026-03-07T23:55:37.669Z"}
{"level":"info","message":"✅ Indexes created for collection: users","timestamp":"2026-03-07T23:55:38.450Z"}
{"level":"info","message":"✅ Indexes created for collection: departments","timestamp":"2026-03-07T23:55:38.508Z"}
{"level":"info","message":"✅ Indexes created for collection: programs","timestamp":"2026-03-07T23:55:38.564Z"}
{"level":"info","message":"✅ Indexes created for collection: courses","timestamp":"2026-03-07T23:55:38.623Z"}
{"level":"info","message":"✅ Indexes created for collection: assignments","timestamp":"2026-03-07T23:55:38.684Z"}
{"level":"info","message":"✅ Indexes created for collection: submissions","timestamp":"2026-03-07T23:55:38.743Z"}
{"level":"info","message":"🎉 Database index optimization process completed","timestamp":"2026-03-07T23:55:38.743Z"}
{"level":"info","message":"Attempting to connect to MongoDB...","timestamp":"2026-03-08T00:00:03.825Z"}
{"level":"info","message":"✅ MongoDB connected successfully","timestamp":"2026-03-08T00:00:04.276Z"}
{"level":"info","message":"📊 Database: project","timestamp":"2026-03-08T00:00:04.276Z"}
{"level":"info","message":"🌐 Host: cluster0-shard-00-00.7noqj.mongodb.net","timestamp":"2026-03-08T00:00:04.277Z"}
{"level":"info","message":"🔌 Port: 27017","timestamp":"2026-03-08T00:00:04.277Z"}
{"level":"info","message":"Creating database indexes...","timestamp":"2026-03-08T00:00:04.277Z"}
{"level":"info","message":"✅ Indexes created for collection: users","timestamp":"2026-03-08T00:00:05.092Z"}
{"level":"info","message":"✅ Indexes created for collection: departments","timestamp":"2026-03-08T00:00:05.151Z"}
{"level":"info","message":"✅ Indexes created for collection: programs","timestamp":"2026-03-08T00:00:05.221Z"}
{"level":"info","message":"✅ Indexes created for collection: courses","timestamp":"2026-03-08T00:00:05.280Z"}
{"level":"info","message":"✅ Indexes created for collection: assignments","timestamp":"2026-03-08T00:00:05.337Z"}
{"level":"info","message":"✅ Indexes created for collection: submissions","timestamp":"2026-03-08T00:00:05.397Z"}
{"level":"info","message":"🎉 Database index optimization process completed","timestamp":"2026-03-08T00:00:05.398Z"}
{"level":"info","message":"Attempting to connect to MongoDB...","timestamp":"2026-03-08T00:01:12.578Z"}
{"level":"info","message":"✅ MongoDB connected successfully","timestamp":"2026-03-08T00:01:12.993Z"}
{"level":"info","message":"📊 Database: project","timestamp":"2026-03-08T00:01:12.993Z"}
{"level":"info","message":"🌐 Host: cluster0-shard-00-00.7noqj.mongodb.net","timestamp":"2026-03-08T00:01:12.993Z"}
{"level":"info","message":"🔌 Port: 27017","timestamp":"2026-03-08T00:01:12.993Z"}
{"level":"info","message":"Creating database indexes...","timestamp":"2026-03-08T00:01:12.994Z"}
{"level":"info","message":"✅ Indexes created for collection: users","timestamp":"2026-03-08T00:01:13.838Z"}
{"level":"info","message":"✅ Indexes created for collection: departments","timestamp":"2026-03-08T00:01:13.896Z"}
{"level":"info","message":"✅ Indexes created for collection: programs","timestamp":"2026-03-08T00:01:13.954Z"}
{"level":"info","message":"✅ Indexes created for collection: courses","timestamp":"2026-03-08T00:01:14.011Z"}
{"level":"info","message":"✅ Indexes created for collection: assignments","timestamp":"2026-03-08T00:01:14.070Z"}
{"level":"info","message":"✅ Indexes created for collection: submissions","timestamp":"2026-03-08T00:01:14.133Z"}
{"level":"info","message":"🎉 Database index optimization process completed","timestamp":"2026-03-08T00:01:14.133Z"}
{"level":"info","message":"Attempting to connect to MongoDB...","timestamp":"2026-03-08T00:01:52.123Z"}
{"level":"info","message":"✅ MongoDB connected successfully","timestamp":"2026-03-08T00:01:52.527Z"}
{"level":"info","message":"📊 Database: project","timestamp":"2026-03-08T00:01:52.528Z"}
{"level":"info","message":"🌐 Host: cluster0-shard-00-00.7noqj.mongodb.net","timestamp":"2026-03-08T00:01:52.528Z"}
{"level":"info","message":"🔌 Port: 27017","timestamp":"2026-03-08T00:01:52.528Z"}
{"level":"info","message":"Creating database indexes...","timestamp":"2026-03-08T00:01:52.528Z"}
{"level":"info","message":"✅ Indexes created for collection: users","timestamp":"2026-03-08T00:01:53.307Z"}
{"level":"info","message":"✅ Indexes created for collection: departments","timestamp":"2026-03-08T00:01:53.363Z"}
{"level":"info","message":"✅ Indexes created for collection: programs","timestamp":"2026-03-08T00:01:53.422Z"}
{"level":"info","message":"✅ Indexes created for collection: courses","timestamp":"2026-03-08T00:01:53.478Z"}
{"level":"info","message":"✅ Indexes created for collection: assignments","timestamp":"2026-03-08T00:01:53.536Z"}
{"level":"info","message":"✅ Indexes created for collection: submissions","timestamp":"2026-03-08T00:01:53.595Z"}
{"level":"info","message":"🎉 Database index optimization process completed","timestamp":"2026-03-08T00:01:53.595Z"}
{"level":"info","message":"Attempting to connect to MongoDB...","timestamp":"2026-03-08T01:12:19.935Z"}
{"level":"info","message":"✅ MongoDB connected successfully","timestamp":"2026-03-08T01:12:20.404Z"}
{"level":"info","message":"📊 Database: project","timestamp":"2026-03-08T01:12:20.404Z"}
{"level":"info","message":"🌐 Host: cluster0-shard-00-00.7noqj.mongodb.net","timestamp":"2026-03-08T01:12:20.405Z"}
{"level":"info","message":"🔌 Port: 27017","timestamp":"2026-03-08T01:12:20.405Z"}
{"level":"info","message":"Creating database indexes...","timestamp":"2026-03-08T01:12:20.406Z"}
{"level":"info","message":"✅ Indexes created for collection: users","timestamp":"2026-03-08T01:12:21.177Z"}
{"level":"info","message":"✅ Indexes created for collection: departments","timestamp":"2026-03-08T01:12:21.238Z"}
{"level":"info","message":"✅ Indexes created for collection: programs","timestamp":"2026-03-08T01:12:21.296Z"}
{"level":"info","message":"✅ Indexes created for collection: courses","timestamp":"2026-03-08T01:12:21.421Z"}
{"level":"info","message":"✅ Indexes created for collection: assignments","timestamp":"2026-03-08T01:12:21.486Z"}
{"level":"info","message":"✅ Indexes created for collection: submissions","timestamp":"2026-03-08T01:12:21.546Z"}
{"level":"info","message":"🎉 Database index optimization process completed","timestamp":"2026-03-08T01:12:21.547Z"}
{"level":"info","message":"Attempting to connect to MongoDB...","timestamp":"2026-03-08T01:32:10.747Z"}
{"level":"info","message":"✅ MongoDB connected successfully","timestamp":"2026-03-08T01:32:11.249Z"}
{"level":"info","message":"📊 Database: project","timestamp":"2026-03-08T01:32:11.250Z"}
{"level":"info","message":"🌐 Host: cluster0-shard-00-00.7noqj.mongodb.net","timestamp":"2026-03-08T01:32:11.250Z"}
{"level":"info","message":"🔌 Port: 27017","timestamp":"2026-03-08T01:32:11.250Z"}
{"level":"info","message":"Creating database indexes...","timestamp":"2026-03-08T01:32:11.251Z"}
{"level":"info","message":"✅ Indexes created for collection: users","timestamp":"2026-03-08T01:32:12.074Z"}
{"level":"info","message":"✅ Indexes created for collection: departments","timestamp":"2026-03-08T01:32:12.142Z"}
{"level":"info","message":"✅ Indexes created for collection: programs","timestamp":"2026-03-08T01:32:12.211Z"}
{"level":"info","message":"✅ Indexes created for collection: courses","timestamp":"2026-03-08T01:32:12.281Z"}
{"level":"info","message":"✅ Indexes created for collection: assignments","timestamp":"2026-03-08T01:32:12.349Z"}
{"level":"info","message":"✅ Indexes created for collection: submissions","timestamp":"2026-03-08T01:32:12.416Z"}
{"level":"info","message":"🎉 Database index optimization process completed","timestamp":"2026-03-08T01:32:12.417Z"}
{"level":"info","message":"Attempting to connect to MongoDB...","timestamp":"2026-03-08T01:36:57.856Z"}
{"level":"info","message":"✅ MongoDB connected successfully","timestamp":"2026-03-08T01:36:58.280Z"}
{"level":"info","message":"📊 Database: project","timestamp":"2026-03-08T01:36:58.281Z"}
{"level":"info","message":"🌐 Host: cluster0-shard-00-00.7noqj.mongodb.net","timestamp":"2026-03-08T01:36:58.281Z"}
{"level":"info","message":"🔌 Port: 27017","timestamp":"2026-03-08T01:36:58.281Z"}
{"level":"info","message":"Creating database indexes...","timestamp":"2026-03-08T01:36:58.282Z"}
{"level":"info","message":"✅ Indexes created for collection: users","timestamp":"2026-03-08T01:36:59.069Z"}
{"level":"info","message":"✅ Indexes created for collection: departments","timestamp":"2026-03-08T01:36:59.128Z"}
{"level":"info","message":"✅ Indexes created for collection: programs","timestamp":"2026-03-08T01:36:59.191Z"}
{"level":"info","message":"✅ Indexes created for collection: courses","timestamp":"2026-03-08T01:36:59.247Z"}
{"level":"info","message":"✅ Indexes created for collection: assignments","timestamp":"2026-03-08T01:36:59.303Z"}
{"level":"info","message":"✅ Indexes created for collection: submissions","timestamp":"2026-03-08T01:36:59.359Z"}
{"level":"info","message":"🎉 Database index optimization process completed","timestamp":"2026-03-08T01:36:59.360Z"}
{"level":"info","message":"Attempting to connect to MongoDB...","timestamp":"2026-03-08T01:37:40.024Z"}
{"level":"info","message":"✅ MongoDB connected successfully","timestamp":"2026-03-08T01:37:40.446Z"}
{"level":"info","message":"📊 Database: project","timestamp":"2026-03-08T01:37:40.447Z"}
{"level":"info","message":"🌐 Host: cluster0-shard-00-00.7noqj.mongodb.net","timestamp":"2026-03-08T01:37:40.447Z"}
{"level":"info","message":"🔌 Port: 27017","timestamp":"2026-03-08T01:37:40.447Z"}
{"level":"info","message":"Creating database indexes...","timestamp":"2026-03-08T01:37:40.447Z"}
{"level":"info","message":"✅ Indexes created for collection: users","timestamp":"2026-03-08T01:37:41.233Z"}
{"level":"info","message":"✅ Indexes created for collection: departments","timestamp":"2026-03-08T01:37:41.293Z"}
{"level":"info","message":"✅ Indexes created for collection: programs","timestamp":"2026-03-08T01:37:41.350Z"}
{"level":"info","message":"✅ Indexes created for collection: courses","timestamp":"2026-03-08T01:37:41.406Z"}
{"level":"info","message":"✅ Indexes created for collection: assignments","timestamp":"2026-03-08T01:37:41.464Z"}
{"level":"info","message":"✅ Indexes created for collection: submissions","timestamp":"2026-03-08T01:37:41.520Z"}
{"level":"info","message":"🎉 Database index optimization process completed","timestamp":"2026-03-08T01:37:41.520Z"}
{"level":"info","message":"Attempting to connect to MongoDB...","timestamp":"2026-03-08T01:38:20.265Z"}
{"level":"info","message":"✅ MongoDB connected successfully","timestamp":"2026-03-08T01:38:20.716Z"}
{"level":"info","message":"📊 Database: project","timestamp":"2026-03-08T01:38:20.716Z"}
{"level":"info","message":"🌐 Host: cluster0-shard-00-00.7noqj.mongodb.net","timestamp":"2026-03-08T01:38:20.716Z"}
{"level":"info","message":"🔌 Port: 27017","timestamp":"2026-03-08T01:38:20.717Z"}
{"level":"info","message":"Creating database indexes...","timestamp":"2026-03-08T01:38:20.717Z"}
{"level":"info","message":"✅ Indexes created for collection: users","timestamp":"2026-03-08T01:38:21.507Z"}
{"level":"info","message":"✅ Indexes created for collection: departments","timestamp":"2026-03-08T01:38:21.576Z"}
{"level":"info","message":"✅ Indexes created for collection: programs","timestamp":"2026-03-08T01:38:21.644Z"}
{"level":"info","message":"✅ Indexes created for collection: courses","timestamp":"2026-03-08T01:38:21.714Z"}
{"level":"info","message":"✅ Indexes created for collection: assignments","timestamp":"2026-03-08T01:38:21.784Z"}
{"level":"info","message":"✅ Indexes created for collection: submissions","timestamp":"2026-03-08T01:38:21.854Z"}
{"level":"info","message":"Attempting to connect to MongoDB...","timestamp":"2026-03-08T01:42:18.720Z"}
{"level":"info","message":"Attempting to connect to MongoDB...","timestamp":"2026-03-08T01:42:18.780Z"}
{"level":"info","message":"✅ MongoDB connected successfully","timestamp":"2026-03-08T01:42:19.144Z"}
{"level":"info","message":"📊 Database: project","timestamp":"2026-03-08T01:42:19.147Z"}
{"level":"info","message":"🌐 Host: cluster0-shard-00-00.7noqj.mongodb.net","timestamp":"2026-03-08T01:42:19.148Z"}
{"level":"info","message":"🔌 Port: 27017","timestamp":"2026-03-08T01:42:19.149Z"}
{"level":"info","message":"Creating database indexes...","timestamp":"2026-03-08T01:42:19.151Z"}
{"level":"info","message":"✅ MongoDB connected successfully","timestamp":"2026-03-08T01:42:19.199Z"}
{"level":"info","message":"📊 Database: project","timestamp":"2026-03-08T01:42:19.199Z"}
{"level":"info","message":"🌐 Host: cluster0-shard-00-00.7noqj.mongodb.net","timestamp":"2026-03-08T01:42:19.200Z"}
{"level":"info","message":"🔌 Port: 27017","timestamp":"2026-03-08T01:42:19.201Z"}
{"level":"info","message":"Creating database indexes...","timestamp":"2026-03-08T01:42:19.202Z"}
{"level":"info","message":"✅ Indexes created for collection: users","timestamp":"2026-03-08T01:42:20.556Z"}
{"level":"info","message":"✅ Indexes created for collection: users","timestamp":"2026-03-08T01:42:20.600Z"}
{"level":"info","message":"✅ Indexes created for collection: departments","timestamp":"2026-03-08T01:42:20.620Z"}
{"level":"info","message":"✅ Indexes created for collection: departments","timestamp":"2026-03-08T01:42:20.670Z"}
{"level":"info","message":"✅ Indexes created for collection: programs","timestamp":"2026-03-08T01:42:20.682Z"}
{"level":"info","message":"✅ Indexes created for collection: programs","timestamp":"2026-03-08T01:42:20.740Z"}
{"level":"info","message":"✅ Indexes created for collection: courses","timestamp":"2026-03-08T01:42:20.750Z"}
{"level":"info","message":"✅ Indexes created for collection: assignments","timestamp":"2026-03-08T01:42:20.810Z"}
{"level":"info","message":"✅ Indexes created for collection: courses","timestamp":"2026-03-08T01:42:20.814Z"}
{"level":"info","message":"✅ Indexes created for collection: submissions","timestamp":"2026-03-08T01:42:20.871Z"}
{"level":"info","message":"🎉 Database index optimization process completed","timestamp":"2026-03-08T01:42:20.871Z"}
{"level":"info","message":"✅ Indexes created for collection: assignments","timestamp":"2026-03-08T01:42:20.888Z"}
{"level":"info","message":"✅ Indexes created for collection: submissions","timestamp":"2026-03-08T01:42:20.960Z"}
{"level":"info","message":"Attempting to connect to MongoDB...","timestamp":"2026-03-08T01:42:59.078Z"}
{"level":"info","message":"Attempting to connect to MongoDB...","timestamp":"2026-03-08T01:42:59.231Z"}
{"level":"info","message":"✅ MongoDB connected successfully","timestamp":"2026-03-08T01:42:59.486Z"}
{"level":"info","message":"📊 Database: project","timestamp":"2026-03-08T01:42:59.486Z"}
{"level":"info","message":"🌐 Host: cluster0-shard-00-00.7noqj.mongodb.net","timestamp":"2026-03-08T01:42:59.486Z"}
{"level":"info","message":"🔌 Port: 27017","timestamp":"2026-03-08T01:42:59.487Z"}
{"level":"info","message":"Creating database indexes...","timestamp":"2026-03-08T01:42:59.487Z"}
{"level":"info","message":"✅ MongoDB connected successfully","timestamp":"2026-03-08T01:42:59.616Z"}
{"level":"info","message":"📊 Database: project","timestamp":"2026-03-08T01:42:59.617Z"}
{"level":"info","message":"🌐 Host: cluster0-shard-00-00.7noqj.mongodb.net","timestamp":"2026-03-08T01:42:59.617Z"}
{"level":"info","message":"🔌 Port: 27017","timestamp":"2026-03-08T01:42:59.617Z"}
{"level":"info","message":"Creating database indexes...","timestamp":"2026-03-08T01:42:59.617Z"}
{"level":"info","message":"✅ Indexes created for collection: users","timestamp":"2026-03-08T01:43:00.862Z"}
{"level":"info","message":"✅ Indexes created for collection: departments","timestamp":"2026-03-08T01:43:00.922Z"}
{"level":"info","message":"✅ Indexes created for collection: programs","timestamp":"2026-03-08T01:43:00.987Z"}
{"level":"info","message":"✅ Indexes created for collection: courses","timestamp":"2026-03-08T01:43:01.050Z"}
{"level":"info","message":"✅ Indexes created for collection: users","timestamp":"2026-03-08T01:43:01.057Z"}
{"level":"info","message":"✅ Indexes created for collection: assignments","timestamp":"2026-03-08T01:43:01.112Z"}
{"level":"info","message":"✅ Indexes created for collection: departments","timestamp":"2026-03-08T01:43:01.120Z"}
{"level":"info","message":"✅ Indexes created for collection: submissions","timestamp":"2026-03-08T01:43:01.174Z"}
{"level":"info","message":"🎉 Database index optimization process completed","timestamp":"2026-03-08T01:43:01.174Z"}
{"level":"info","message":"✅ Indexes created for collection: programs","timestamp":"2026-03-08T01:43:01.180Z"}
{"level":"info","message":"✅ Indexes created for collection: courses","timestamp":"2026-03-08T01:43:01.241Z"}
{"level":"info","message":"✅ Indexes created for collection: assignments","timestamp":"2026-03-08T01:43:01.301Z"}
{"level":"info","message":"✅ Indexes created for collection: submissions","timestamp":"2026-03-08T01:43:01.362Z"}
{"level":"info","message":"Attempting to connect to MongoDB...","timestamp":"2026-03-08T01:43:51.187Z"}
{"level":"info","message":"Attempting to connect to MongoDB...","timestamp":"2026-03-08T01:43:51.197Z"}
{"level":"info","message":"✅ MongoDB connected successfully","timestamp":"2026-03-08T01:43:51.623Z"}
{"level":"info","message":"📊 Database: project","timestamp":"2026-03-08T01:43:51.624Z"}
{"level":"info","message":"🌐 Host: cluster0-shard-00-00.7noqj.mongodb.net","timestamp":"2026-03-08T01:43:51.625Z"}
{"level":"info","message":"🔌 Port: 27017","timestamp":"2026-03-08T01:43:51.625Z"}
{"level":"info","message":"Creating database indexes...","timestamp":"2026-03-08T01:43:51.626Z"}
{"level":"info","message":"✅ MongoDB connected successfully","timestamp":"2026-03-08T01:43:51.648Z"}
{"level":"info","message":"📊 Database: project","timestamp":"2026-03-08T01:43:51.651Z"}
{"level":"info","message":"🌐 Host: cluster0-shard-00-00.7noqj.mongodb.net","timestamp":"2026-03-08T01:43:51.651Z"}
{"level":"info","message":"🔌 Port: 27017","timestamp":"2026-03-08T01:43:51.652Z"}
{"level":"info","message":"Creating database indexes...","timestamp":"2026-03-08T01:43:51.655Z"}
{"level":"info","message":"✅ Indexes created for collection: users","timestamp":"2026-03-08T01:43:52.981Z"}
{"level":"info","message":"✅ Indexes created for collection: departments","timestamp":"2026-03-08T01:43:53.039Z"}
{"level":"info","message":"✅ Indexes created for collection: users","timestamp":"2026-03-08T01:43:53.046Z"}
{"level":"info","message":"✅ Indexes created for collection: programs","timestamp":"2026-03-08T01:43:53.102Z"}
{"level":"info","message":"✅ Indexes created for collection: departments","timestamp":"2026-03-08T01:43:53.108Z"}
{"level":"info","message":"✅ Indexes created for collection: courses","timestamp":"2026-03-08T01:43:53.158Z"}
{"level":"info","message":"✅ Indexes created for collection: programs","timestamp":"2026-03-08T01:43:53.164Z"}
{"level":"info","message":"✅ Indexes created for collection: assignments","timestamp":"2026-03-08T01:43:53.215Z"}
{"level":"info","message":"✅ Indexes created for collection: courses","timestamp":"2026-03-08T01:43:53.221Z"}
{"level":"info","message":"✅ Indexes created for collection: submissions","timestamp":"2026-03-08T01:43:53.274Z"}
{"level":"info","message":"🎉 Database index optimization process completed","timestamp":"2026-03-08T01:43:53.275Z"}
{"level":"info","message":"✅ Indexes created for collection: assignments","timestamp":"2026-03-08T01:43:53.280Z"}
{"level":"info","message":"✅ Indexes created for collection: submissions","timestamp":"2026-03-08T01:43:53.338Z"}
{"level":"info","message":"Attempting to connect to MongoDB...","timestamp":"2026-03-08T01:44:06.847Z"}
{"level":"info","message":"Attempting to connect to MongoDB...","timestamp":"2026-03-08T01:44:06.878Z"}
{"level":"info","message":"✅ MongoDB connected successfully","timestamp":"2026-03-08T01:44:07.260Z"}
{"level":"info","message":"📊 Database: project","timestamp":"2026-03-08T01:44:07.260Z"}
{"level":"info","message":"🌐 Host: cluster0-shard-00-00.7noqj.mongodb.net","timestamp":"2026-03-08T01:44:07.260Z"}
{"level":"info","message":"🔌 Port: 27017","timestamp":"2026-03-08T01:44:07.260Z"}
{"level":"info","message":"Creating database indexes...","timestamp":"2026-03-08T01:44:07.261Z"}
{"level":"info","message":"✅ MongoDB connected successfully","timestamp":"2026-03-08T01:44:07.271Z"}
{"level":"info","message":"📊 Database: project","timestamp":"2026-03-08T01:44:07.272Z"}
{"level":"info","message":"🌐 Host: cluster0-shard-00-00.7noqj.mongodb.net","timestamp":"2026-03-08T01:44:07.272Z"}
{"level":"info","message":"🔌 Port: 27017","timestamp":"2026-03-08T01:44:07.272Z"}
{"level":"info","message":"Creating database indexes...","timestamp":"2026-03-08T01:44:07.272Z"}
{"level":"info","message":"✅ Indexes created for collection: users","timestamp":"2026-03-08T01:44:08.695Z"}
{"level":"info","message":"✅ Indexes created for collection: users","timestamp":"2026-03-08T01:44:08.736Z"}
{"level":"info","message":"✅ Indexes created for collection: departments","timestamp":"2026-03-08T01:44:08.763Z"}
{"level":"info","message":"✅ Indexes created for collection: departments","timestamp":"2026-03-08T01:44:08.799Z"}
{"level":"info","message":"✅ Indexes created for collection: programs","timestamp":"2026-03-08T01:44:08.820Z"}
{"level":"info","message":"✅ Indexes created for collection: programs","timestamp":"2026-03-08T01:44:08.861Z"}
{"level":"info","message":"✅ Indexes created for collection: courses","timestamp":"2026-03-08T01:44:08.879Z"}
{"level":"info","message":"✅ Indexes created for collection: courses","timestamp":"2026-03-08T01:44:08.930Z"}
{"level":"info","message":"✅ Indexes created for collection: assignments","timestamp":"2026-03-08T01:44:08.938Z"}
{"level":"info","message":"✅ Indexes created for collection: assignments","timestamp":"2026-03-08T01:44:08.993Z"}
{"level":"info","message":"✅ Indexes created for collection: submissions","timestamp":"2026-03-08T01:44:09.000Z"}
{"level":"info","message":"🎉 Database index optimization process completed","timestamp":"2026-03-08T01:44:09.001Z"}
{"level":"info","message":"✅ Indexes created for collection: submissions","timestamp":"2026-03-08T01:44:09.053Z"}
{"level":"info","message":"Attempting to connect to MongoDB...","timestamp":"2026-03-08T01:44:13.305Z"}
{"level":"info","message":"Attempting to connect to MongoDB...","timestamp":"2026-03-08T01:44:13.522Z"}
{"level":"info","message":"✅ MongoDB connected successfully","timestamp":"2026-03-08T01:44:13.707Z"}
{"level":"info","message":"📊 Database: project","timestamp":"2026-03-08T01:44:13.707Z"}
{"level":"info","message":"🌐 Host: cluster0-shard-00-00.7noqj.mongodb.net","timestamp":"2026-03-08T01:44:13.707Z"}
{"level":"info","message":"🔌 Port: 27017","timestamp":"2026-03-08T01:44:13.708Z"}
{"level":"info","message":"Creating database indexes...","timestamp":"2026-03-08T01:44:13.708Z"}
{"level":"info","message":"✅ MongoDB connected successfully","timestamp":"2026-03-08T01:44:13.932Z"}
{"level":"info","message":"📊 Database: project","timestamp":"2026-03-08T01:44:13.932Z"}
{"level":"info","message":"🌐 Host: cluster0-shard-00-00.7noqj.mongodb.net","timestamp":"2026-03-08T01:44:13.932Z"}
{"level":"info","message":"🔌 Port: 27017","timestamp":"2026-03-08T01:44:13.932Z"}
{"level":"info","message":"Creating database indexes...","timestamp":"2026-03-08T01:44:13.933Z"}
{"level":"info","message":"✅ Indexes created for collection: users","timestamp":"2026-03-08T01:44:15.084Z"}
{"level":"info","message":"✅ Indexes created for collection: departments","timestamp":"2026-03-08T01:44:15.149Z"}
{"level":"info","message":"✅ Indexes created for collection: programs","timestamp":"2026-03-08T01:44:15.205Z"}
{"level":"info","message":"✅ Indexes created for collection: courses","timestamp":"2026-03-08T01:44:15.264Z"}
{"level":"info","message":"✅ Indexes created for collection: users","timestamp":"2026-03-08T01:44:15.319Z"}
{"level":"info","message":"✅ Indexes created for collection: assignments","timestamp":"2026-03-08T01:44:15.327Z"}
{"level":"info","message":"✅ Indexes created for collection: departments","timestamp":"2026-03-08T01:44:15.379Z"}
{"level":"info","message":"✅ Indexes created for collection: submissions","timestamp":"2026-03-08T01:44:15.387Z"}
{"level":"info","message":"🎉 Database index optimization process completed","timestamp":"2026-03-08T01:44:15.387Z"}
{"level":"info","message":"✅ Indexes created for collection: programs","timestamp":"2026-03-08T01:44:15.438Z"}
{"level":"info","message":"✅ Indexes created for collection: courses","timestamp":"2026-03-08T01:44:15.497Z"}
{"level":"info","message":"✅ Indexes created for collection: assignments","timestamp":"2026-03-08T01:44:15.555Z"}
{"level":"info","message":"✅ Indexes created for collection: submissions","timestamp":"2026-03-08T01:44:15.616Z"}
{"level":"info","message":"Attempting to connect to MongoDB...","timestamp":"2026-03-08T01:47:14.414Z"}
{"level":"info","message":"Attempting to connect to MongoDB...","timestamp":"2026-03-08T01:47:14.417Z"}
{"level":"info","message":"✅ MongoDB connected successfully","timestamp":"2026-03-08T01:47:14.844Z"}
{"level":"info","message":"📊 Database: project","timestamp":"2026-03-08T01:47:14.844Z"}
{"level":"info","message":"🌐 Host: cluster0-shard-00-00.7noqj.mongodb.net","timestamp":"2026-03-08T01:47:14.844Z"}
{"level":"info","message":"🔌 Port: 27017","timestamp":"2026-03-08T01:47:14.845Z"}
{"level":"info","message":"Creating database indexes...","timestamp":"2026-03-08T01:47:14.845Z"}
{"level":"info","message":"✅ MongoDB connected successfully","timestamp":"2026-03-08T01:47:14.917Z"}
{"level":"info","message":"📊 Database: project","timestamp":"2026-03-08T01:47:14.920Z"}
{"level":"info","message":"🌐 Host: cluster0-shard-00-00.7noqj.mongodb.net","timestamp":"2026-03-08T01:47:14.931Z"}
{"level":"info","message":"🔌 Port: 27017","timestamp":"2026-03-08T01:47:14.933Z"}
{"level":"info","message":"Creating database indexes...","timestamp":"2026-03-08T01:47:14.934Z"}
{"level":"info","message":"✅ Indexes created for collection: users","timestamp":"2026-03-08T01:47:16.232Z"}
{"level":"info","message":"✅ Indexes created for collection: departments","timestamp":"2026-03-08T01:47:16.291Z"}
{"level":"info","message":"✅ Indexes created for collection: users","timestamp":"2026-03-08T01:47:16.357Z"}
{"level":"info","message":"✅ Indexes created for collection: programs","timestamp":"2026-03-08T01:47:16.362Z"}
{"level":"info","message":"✅ Indexes created for collection: departments","timestamp":"2026-03-08T01:47:16.425Z"}
{"level":"info","message":"✅ Indexes created for collection: courses","timestamp":"2026-03-08T01:47:16.435Z"}
{"level":"info","message":"✅ Indexes created for collection: programs","timestamp":"2026-03-08T01:47:16.486Z"}
{"level":"info","message":"✅ Indexes created for collection: assignments","timestamp":"2026-03-08T01:47:16.494Z"}
{"level":"info","message":"✅ Indexes created for collection: courses","timestamp":"2026-03-08T01:47:16.548Z"}
{"level":"info","message":"✅ Indexes created for collection: submissions","timestamp":"2026-03-08T01:47:16.557Z"}
{"level":"info","message":"🎉 Database index optimization process completed","timestamp":"2026-03-08T01:47:16.557Z"}
{"level":"info","message":"✅ Indexes created for collection: assignments","timestamp":"2026-03-08T01:47:16.610Z"}
{"level":"info","message":"✅ Indexes created for collection: submissions","timestamp":"2026-03-08T01:47:16.670Z"}
{"level":"info","message":"Attempting to connect to MongoDB...","timestamp":"2026-03-08T01:49:09.335Z"}
{"level":"info","message":"Attempting to connect to MongoDB...","timestamp":"2026-03-08T01:49:09.367Z"}
{"level":"info","message":"✅ MongoDB connected successfully","timestamp":"2026-03-08T01:49:09.781Z"}
{"level":"info","message":"📊 Database: project","timestamp":"2026-03-08T01:49:09.782Z"}
{"level":"info","message":"🌐 Host: cluster0-shard-00-00.7noqj.mongodb.net","timestamp":"2026-03-08T01:49:09.782Z"}
{"level":"info","message":"🔌 Port: 27017","timestamp":"2026-03-08T01:49:09.782Z"}
{"level":"info","message":"Creating database indexes...","timestamp":"2026-03-08T01:49:09.782Z"}
{"level":"info","message":"✅ MongoDB connected successfully","timestamp":"2026-03-08T01:49:09.831Z"}
{"level":"info","message":"📊 Database: project","timestamp":"2026-03-08T01:49:09.831Z"}
{"level":"info","message":"🌐 Host: cluster0-shard-00-00.7noqj.mongodb.net","timestamp":"2026-03-08T01:49:09.831Z"}
{"level":"info","message":"🔌 Port: 27017","timestamp":"2026-03-08T01:49:09.832Z"}
{"level":"info","message":"Creating database indexes...","timestamp":"2026-03-08T01:49:09.832Z"}
{"level":"info","message":"✅ Indexes created for collection: users","timestamp":"2026-03-08T01:49:11.249Z"}
{"level":"info","message":"✅ Indexes created for collection: users","timestamp":"2026-03-08T01:49:11.277Z"}
{"level":"info","message":"✅ Indexes created for collection: departments","timestamp":"2026-03-08T01:49:11.310Z"}
{"level":"info","message":"✅ Indexes created for collection: departments","timestamp":"2026-03-08T01:49:11.347Z"}
{"level":"info","message":"✅ Indexes created for collection: programs","timestamp":"2026-03-08T01:49:11.369Z"}
{"level":"info","message":"✅ Indexes created for collection: programs","timestamp":"2026-03-08T01:49:11.422Z"}
{"level":"info","message":"✅ Indexes created for collection: courses","timestamp":"2026-03-08T01:49:11.431Z"}
{"level":"info","message":"✅ Indexes created for collection: assignments","timestamp":"2026-03-08T01:49:11.490Z"}
{"level":"info","message":"✅ Indexes created for collection: courses","timestamp":"2026-03-08T01:49:11.495Z"}
{"level":"info","message":"✅ Indexes created for collection: submissions","timestamp":"2026-03-08T01:49:11.551Z"}
{"level":"info","message":"🎉 Database index optimization process completed","timestamp":"2026-03-08T01:49:11.552Z"}
{"level":"info","message":"✅ Indexes created for collection: assignments","timestamp":"2026-03-08T01:49:11.566Z"}
{"level":"info","message":"✅ Indexes created for collection: submissions","timestamp":"2026-03-08T01:49:11.638Z"}
{"level":"info","message":"Attempting to connect to MongoDB...","timestamp":"2026-03-08T01:54:07.766Z"}
{"level":"info","message":"Attempting to connect to MongoDB...","timestamp":"2026-03-08T01:54:07.936Z"}
{"level":"info","message":"✅ MongoDB connected successfully","timestamp":"2026-03-08T01:54:08.154Z"}
{"level":"info","message":"📊 Database: project","timestamp":"2026-03-08T01:54:08.154Z"}
{"level":"info","message":"🌐 Host: cluster0-shard-00-00.7noqj.mongodb.net","timestamp":"2026-03-08T01:54:08.154Z"}
{"level":"info","message":"🔌 Port: 27017","timestamp":"2026-03-08T01:54:08.154Z"}
{"level":"info","message":"Creating database indexes...","timestamp":"2026-03-08T01:54:08.155Z"}
{"level":"info","message":"✅ MongoDB connected successfully","timestamp":"2026-03-08T01:54:08.355Z"}
{"level":"info","message":"📊 Database: project","timestamp":"2026-03-08T01:54:08.355Z"}
{"level":"info","message":"🌐 Host: cluster0-shard-00-00.7noqj.mongodb.net","timestamp":"2026-03-08T01:54:08.356Z"}
{"level":"info","message":"🔌 Port: 27017","timestamp":"2026-03-08T01:54:08.356Z"}
{"level":"info","message":"Creating database indexes...","timestamp":"2026-03-08T01:54:08.356Z"}
{"level":"info","message":"✅ Indexes created for collection: users","timestamp":"2026-03-08T01:54:09.574Z"}
{"level":"info","message":"✅ Indexes created for collection: departments","timestamp":"2026-03-08T01:54:09.639Z"}
{"level":"info","message":"✅ Indexes created for collection: programs","timestamp":"2026-03-08T01:54:09.702Z"}
{"level":"info","message":"✅ Indexes created for collection: users","timestamp":"2026-03-08T01:54:09.733Z"}
{"level":"info","message":"✅ Indexes created for collection: courses","timestamp":"2026-03-08T01:54:09.763Z"}
{"level":"info","message":"✅ Indexes created for collection: departments","timestamp":"2026-03-08T01:54:09.793Z"}
{"level":"info","message":"✅ Indexes created for collection: assignments","timestamp":"2026-03-08T01:54:09.821Z"}
{"level":"info","message":"✅ Indexes created for collection: programs","timestamp":"2026-03-08T01:54:09.863Z"}
{"level":"info","message":"✅ Indexes created for collection: submissions","timestamp":"2026-03-08T01:54:09.880Z"}
{"level":"info","message":"🎉 Database index optimization process completed","timestamp":"2026-03-08T01:54:09.880Z"}
{"level":"info","message":"✅ Indexes created for collection: courses","timestamp":"2026-03-08T01:54:09.925Z"}
{"level":"info","message":"✅ Indexes created for collection: assignments","timestamp":"2026-03-08T01:54:09.986Z"}
{"level":"info","message":"✅ Indexes created for collection: submissions","timestamp":"2026-03-08T01:54:10.046Z"}
{"level":"info","message":"Attempting to connect to MongoDB...","timestamp":"2026-03-08T01:54:25.213Z"}
{"level":"info","message":"Attempting to connect to MongoDB...","timestamp":"2026-03-08T01:54:25.238Z"}
{"level":"info","message":"✅ MongoDB connected successfully","timestamp":"2026-03-08T01:54:25.604Z"}
{"level":"info","message":"📊 Database: project","timestamp":"2026-03-08T01:54:25.604Z"}
{"level":"info","message":"🌐 Host: cluster0-shard-00-00.7noqj.mongodb.net","timestamp":"2026-03-08T01:54:25.604Z"}
{"level":"info","message":"🔌 Port: 27017","timestamp":"2026-03-08T01:54:25.605Z"}
{"level":"info","message":"Creating database indexes...","timestamp":"2026-03-08T01:54:25.605Z"}
{"level":"info","message":"✅ MongoDB connected successfully","timestamp":"2026-03-08T01:54:25.639Z"}
{"level":"info","message":"📊 Database: project","timestamp":"2026-03-08T01:54:25.640Z"}
{"level":"info","message":"🌐 Host: cluster0-shard-00-00.7noqj.mongodb.net","timestamp":"2026-03-08T01:54:25.640Z"}
{"level":"info","message":"🔌 Port: 27017","timestamp":"2026-03-08T01:54:25.640Z"}
{"level":"info","message":"Creating database indexes...","timestamp":"2026-03-08T01:54:25.641Z"}
{"level":"info","message":"✅ Indexes created for collection: users","timestamp":"2026-03-08T01:54:27.025Z"}
{"level":"info","message":"✅ Indexes created for collection: users","timestamp":"2026-03-08T01:54:27.060Z"}
{"level":"info","message":"✅ Indexes created for collection: departments","timestamp":"2026-03-08T01:54:27.080Z"}
{"level":"info","message":"✅ Indexes created for collection: departments","timestamp":"2026-03-08T01:54:27.117Z"}
{"level":"info","message":"✅ Indexes created for collection: programs","timestamp":"2026-03-08T01:54:27.138Z"}
{"level":"info","message":"✅ Indexes created for collection: programs","timestamp":"2026-03-08T01:54:27.175Z"}
{"level":"info","message":"✅ Indexes created for collection: courses","timestamp":"2026-03-08T01:54:27.196Z"}
{"level":"info","message":"✅ Indexes created for collection: courses","timestamp":"2026-03-08T01:54:27.232Z"}
{"level":"info","message":"✅ Indexes created for collection: assignments","timestamp":"2026-03-08T01:54:27.261Z"}
{"level":"info","message":"✅ Indexes created for collection: assignments","timestamp":"2026-03-08T01:54:27.290Z"}
{"level":"info","message":"✅ Indexes created for collection: submissions","timestamp":"2026-03-08T01:54:27.320Z"}
{"level":"info","message":"🎉 Database index optimization process completed","timestamp":"2026-03-08T01:54:27.321Z"}
{"level":"info","message":"✅ Indexes created for collection: submissions","timestamp":"2026-03-08T01:54:27.347Z"}
{"level":"info","message":"Attempting to connect to MongoDB...","timestamp":"2026-03-08T01:54:36.530Z"}
{"level":"info","message":"Attempting to connect to MongoDB...","timestamp":"2026-03-08T01:54:36.669Z"}
{"level":"info","message":"✅ MongoDB connected successfully","timestamp":"2026-03-08T01:54:37.008Z"}
{"level":"info","message":"📊 Database: project","timestamp":"2026-03-08T01:54:37.008Z"}
{"level":"info","message":"🌐 Host: cluster0-shard-00-00.7noqj.mongodb.net","timestamp":"2026-03-08T01:54:37.008Z"}
{"level":"info","message":"🔌 Port: 27017","timestamp":"2026-03-08T01:54:37.009Z"}
{"level":"info","message":"Creating database indexes...","timestamp":"2026-03-08T01:54:37.009Z"}
{"level":"info","message":"✅ MongoDB connected successfully","timestamp":"2026-03-08T01:54:37.066Z"}
{"level":"info","message":"📊 Database: project","timestamp":"2026-03-08T01:54:37.066Z"}
{"level":"info","message":"🌐 Host: cluster0-shard-00-00.7noqj.mongodb.net","timestamp":"2026-03-08T01:54:37.067Z"}
{"level":"info","message":"🔌 Port: 27017","timestamp":"2026-03-08T01:54:37.067Z"}
{"level":"info","message":"Creating database indexes...","timestamp":"2026-03-08T01:54:37.067Z"}
{"level":"info","message":"✅ Indexes created for collection: users","timestamp":"2026-03-08T01:54:38.427Z"}
{"level":"info","message":"✅ Indexes created for collection: users","timestamp":"2026-03-08T01:54:38.456Z"}
{"level":"info","message":"✅ Indexes created for collection: departments","timestamp":"2026-03-08T01:54:38.485Z"}
{"level":"info","message":"✅ Indexes created for collection: departments","timestamp":"2026-03-08T01:54:38.516Z"}
{"level":"info","message":"✅ Indexes created for collection: programs","timestamp":"2026-03-08T01:54:38.546Z"}
{"level":"info","message":"✅ Indexes created for collection: programs","timestamp":"2026-03-08T01:54:38.581Z"}
{"level":"info","message":"✅ Indexes created for collection: courses","timestamp":"2026-03-08T01:54:38.612Z"}
{"level":"info","message":"✅ Indexes created for collection: courses","timestamp":"2026-03-08T01:54:38.638Z"}
{"level":"info","message":"✅ Indexes created for collection: assignments","timestamp":"2026-03-08T01:54:38.671Z"}
{"level":"info","message":"✅ Indexes created for collection: assignments","timestamp":"2026-03-08T01:54:38.696Z"}
{"level":"info","message":"✅ Indexes created for collection: submissions","timestamp":"2026-03-08T01:54:38.730Z"}
{"level":"info","message":"🎉 Database index optimization process completed","timestamp":"2026-03-08T01:54:38.730Z"}
{"level":"info","message":"✅ Indexes created for collection: submissions","timestamp":"2026-03-08T01:54:38.754Z"}
{"level":"info","message":"Attempting to connect to MongoDB...","timestamp":"2026-03-08T01:54:43.271Z"}
{"level":"info","message":"Attempting to connect to MongoDB...","timestamp":"2026-03-08T01:54:43.383Z"}
{"level":"info","message":"✅ MongoDB connected successfully","timestamp":"2026-03-08T01:54:43.717Z"}
{"level":"info","message":"📊 Database: project","timestamp":"2026-03-08T01:54:43.718Z"}
{"level":"info","message":"🌐 Host: cluster0-shard-00-00.7noqj.mongodb.net","timestamp":"2026-03-08T01:54:43.718Z"}
{"level":"info","message":"🔌 Port: 27017","timestamp":"2026-03-08T01:54:43.718Z"}
{"level":"info","message":"Creating database indexes...","timestamp":"2026-03-08T01:54:43.719Z"}
{"level":"info","message":"✅ MongoDB connected successfully","timestamp":"2026-03-08T01:54:43.817Z"}
{"level":"info","message":"📊 Database: project","timestamp":"2026-03-08T01:54:43.817Z"}
{"level":"info","message":"🌐 Host: cluster0-shard-00-00.7noqj.mongodb.net","timestamp":"2026-03-08T01:54:43.817Z"}
{"level":"info","message":"🔌 Port: 27017","timestamp":"2026-03-08T01:54:43.818Z"}
{"level":"info","message":"Creating database indexes...","timestamp":"2026-03-08T01:54:43.818Z"}
{"level":"info","message":"✅ Indexes created for collection: users","timestamp":"2026-03-08T01:54:44.707Z"}
{"level":"info","message":"✅ Indexes created for collection: departments","timestamp":"2026-03-08T01:54:44.787Z"}
{"level":"info","message":"✅ Indexes created for collection: users","timestamp":"2026-03-08T01:54:44.794Z"}
{"level":"info","message":"✅ Indexes created for collection: departments","timestamp":"2026-03-08T01:54:45.455Z"}
{"level":"info","message":"✅ Indexes created for collection: programs","timestamp":"2026-03-08T01:54:45.459Z"}
{"level":"info","message":"✅ Indexes created for collection: programs","timestamp":"2026-03-08T01:54:45.520Z"}
{"level":"info","message":"✅ Indexes created for collection: courses","timestamp":"2026-03-08T01:54:45.536Z"}
{"level":"info","message":"✅ Indexes created for collection: courses","timestamp":"2026-03-08T01:54:45.580Z"}
{"level":"info","message":"✅ Indexes created for collection: assignments","timestamp":"2026-03-08T01:54:45.609Z"}
{"level":"info","message":"✅ Indexes created for collection: assignments","timestamp":"2026-03-08T01:54:45.637Z"}
{"level":"info","message":"✅ Indexes created for collection: submissions","timestamp":"2026-03-08T01:54:45.678Z"}
{"level":"info","message":"🎉 Database index optimization process completed","timestamp":"2026-03-08T01:54:45.678Z"}
{"level":"info","message":"✅ Indexes created for collection: submissions","timestamp":"2026-03-08T01:54:45.693Z"}
{"level":"info","message":"Attempting to connect to MongoDB...","timestamp":"2026-03-08T01:54:53.270Z"}
{"level":"info","message":"Attempting to connect to MongoDB...","timestamp":"2026-03-08T01:54:53.377Z"}
{"level":"info","message":"✅ MongoDB connected successfully","timestamp":"2026-03-08T01:54:53.640Z"}
{"level":"info","message":"📊 Database: project","timestamp":"2026-03-08T01:54:53.640Z"}
{"level":"info","message":"🌐 Host: cluster0-shard-00-00.7noqj.mongodb.net","timestamp":"2026-03-08T01:54:53.640Z"}
{"level":"info","message":"🔌 Port: 27017","timestamp":"2026-03-08T01:54:53.640Z"}
{"level":"info","message":"Creating database indexes...","timestamp":"2026-03-08T01:54:53.640Z"}
{"level":"info","message":"✅ MongoDB connected successfully","timestamp":"2026-03-08T01:54:53.800Z"}
{"level":"info","message":"📊 Database: project","timestamp":"2026-03-08T01:54:53.801Z"}
{"level":"info","message":"🌐 Host: cluster0-shard-00-00.7noqj.mongodb.net","timestamp":"2026-03-08T01:54:53.801Z"}
{"level":"info","message":"🔌 Port: 27017","timestamp":"2026-03-08T01:54:53.801Z"}
{"level":"info","message":"Creating database indexes...","timestamp":"2026-03-08T01:54:53.802Z"}
{"level":"info","message":"✅ Indexes created for collection: users","timestamp":"2026-03-08T01:54:54.753Z"}
{"level":"info","message":"✅ Indexes created for collection: departments","timestamp":"2026-03-08T01:54:54.808Z"}
{"level":"info","message":"✅ Indexes created for collection: programs","timestamp":"2026-03-08T01:54:54.865Z"}
{"level":"info","message":"✅ Indexes created for collection: courses","timestamp":"2026-03-08T01:54:54.927Z"}
{"level":"info","message":"✅ Indexes created for collection: users","timestamp":"2026-03-08T01:54:55.571Z"}
{"level":"info","message":"✅ Indexes created for collection: assignments","timestamp":"2026-03-08T01:54:55.577Z"}
{"level":"info","message":"✅ Indexes created for collection: departments","timestamp":"2026-03-08T01:54:55.630Z"}
{"level":"info","message":"✅ Indexes created for collection: submissions","timestamp":"2026-03-08T01:54:55.634Z"}
{"level":"info","message":"🎉 Database index optimization process completed","timestamp":"2026-03-08T01:54:55.635Z"}
{"level":"info","message":"✅ Indexes created for collection: programs","timestamp":"2026-03-08T01:54:55.685Z"}
{"level":"info","message":"✅ Indexes created for collection: courses","timestamp":"2026-03-08T01:54:55.742Z"}
{"level":"info","message":"✅ Indexes created for collection: assignments","timestamp":"2026-03-08T01:54:55.800Z"}
{"level":"info","message":"✅ Indexes created for collection: submissions","timestamp":"2026-03-08T01:54:55.859Z"}
{"level":"info","message":"Attempting to connect to MongoDB...","timestamp":"2026-03-08T01:55:06.395Z"}
{"level":"info","message":"Attempting to connect to MongoDB...","timestamp":"2026-03-08T01:55:06.486Z"}
{"level":"info","message":"✅ MongoDB connected successfully","timestamp":"2026-03-08T01:55:06.783Z"}
{"level":"info","message":"📊 Database: project","timestamp":"2026-03-08T01:55:06.783Z"}
{"level":"info","message":"🌐 Host: cluster0-shard-00-00.7noqj.mongodb.net","timestamp":"2026-03-08T01:55:06.783Z"}
{"level":"info","message":"🔌 Port: 27017","timestamp":"2026-03-08T01:55:06.783Z"}
{"level":"info","message":"Creating database indexes...","timestamp":"2026-03-08T01:55:06.784Z"}
{"level":"info","message":"✅ MongoDB connected successfully","timestamp":"2026-03-08T01:55:06.907Z"}
{"level":"info","message":"📊 Database: project","timestamp":"2026-03-08T01:55:06.907Z"}
{"level":"info","message":"🌐 Host: cluster0-shard-00-00.7noqj.mongodb.net","timestamp":"2026-03-08T01:55:06.907Z"}
{"level":"info","message":"🔌 Port: 27017","timestamp":"2026-03-08T01:55:06.907Z"}
{"level":"info","message":"Creating database indexes...","timestamp":"2026-03-08T01:55:06.907Z"}
{"level":"info","message":"✅ Indexes created for collection: users","timestamp":"2026-03-08T01:55:08.167Z"}
{"level":"info","message":"✅ Indexes created for collection: departments","timestamp":"2026-03-08T01:55:08.232Z"}
{"level":"info","message":"✅ Indexes created for collection: programs","timestamp":"2026-03-08T01:55:08.292Z"}
{"level":"info","message":"✅ Indexes created for collection: users","timestamp":"2026-03-08T01:55:08.325Z"}
{"level":"info","message":"✅ Indexes created for collection: courses","timestamp":"2026-03-08T01:55:08.347Z"}
{"level":"info","message":"✅ Indexes created for collection: departments","timestamp":"2026-03-08T01:55:08.387Z"}
{"level":"info","message":"✅ Indexes created for collection: assignments","timestamp":"2026-03-08T01:55:08.408Z"}
{"level":"info","message":"✅ Indexes created for collection: programs","timestamp":"2026-03-08T01:55:08.444Z"}
{"level":"info","message":"✅ Indexes created for collection: submissions","timestamp":"2026-03-08T01:55:08.466Z"}
{"level":"info","message":"🎉 Database index optimization process completed","timestamp":"2026-03-08T01:55:08.466Z"}
{"level":"info","message":"✅ Indexes created for collection: courses","timestamp":"2026-03-08T01:55:08.500Z"}
{"level":"info","message":"✅ Indexes created for collection: assignments","timestamp":"2026-03-08T01:55:08.563Z"}
{"level":"info","message":"✅ Indexes created for collection: submissions","timestamp":"2026-03-08T01:55:08.629Z"}
{"level":"info","message":"Attempting to connect to MongoDB...","timestamp":"2026-03-08T01:55:21.088Z"}
{"level":"info","message":"Attempting to connect to MongoDB...","timestamp":"2026-03-08T01:55:21.165Z"}
{"level":"info","message":"✅ MongoDB connected successfully","timestamp":"2026-03-08T01:55:21.534Z"}
{"level":"info","message":"📊 Database: project","timestamp":"2026-03-08T01:55:21.534Z"}
{"level":"info","message":"🌐 Host: cluster0-shard-00-00.7noqj.mongodb.net","timestamp":"2026-03-08T01:55:21.534Z"}
{"level":"info","message":"🔌 Port: 27017","timestamp":"2026-03-08T01:55:21.534Z"}
{"level":"info","message":"Creating database indexes...","timestamp":"2026-03-08T01:55:21.535Z"}
{"level":"info","message":"✅ MongoDB connected successfully","timestamp":"2026-03-08T01:55:21.563Z"}
{"level":"info","message":"📊 Database: project","timestamp":"2026-03-08T01:55:21.563Z"}
{"level":"info","message":"🌐 Host: cluster0-shard-00-00.7noqj.mongodb.net","timestamp":"2026-03-08T01:55:21.564Z"}
{"level":"info","message":"🔌 Port: 27017","timestamp":"2026-03-08T01:55:21.564Z"}
{"level":"info","message":"Creating database indexes...","timestamp":"2026-03-08T01:55:21.564Z"}
{"level":"info","message":"✅ Indexes created for collection: users","timestamp":"2026-03-08T01:55:22.952Z"}
{"level":"info","message":"✅ Indexes created for collection: users","timestamp":"2026-03-08T01:55:22.996Z"}
{"level":"info","message":"✅ Indexes created for collection: departments","timestamp":"2026-03-08T01:55:23.019Z"}
{"level":"info","message":"✅ Indexes created for collection: departments","timestamp":"2026-03-08T01:55:23.056Z"}
{"level":"info","message":"✅ Indexes created for collection: programs","timestamp":"2026-03-08T01:55:23.075Z"}
{"level":"info","message":"✅ Indexes created for collection: programs","timestamp":"2026-03-08T01:55:23.119Z"}
{"level":"info","message":"✅ Indexes created for collection: courses","timestamp":"2026-03-08T01:55:23.144Z"}
{"level":"info","message":"✅ Indexes created for collection: courses","timestamp":"2026-03-08T01:55:23.179Z"}
{"level":"info","message":"✅ Indexes created for collection: assignments","timestamp":"2026-03-08T01:55:23.202Z"}
{"level":"info","message":"✅ Indexes created for collection: assignments","timestamp":"2026-03-08T01:55:23.242Z"}
{"level":"info","message":"✅ Indexes created for collection: submissions","timestamp":"2026-03-08T01:55:23.261Z"}
{"level":"info","message":"🎉 Database index optimization process completed","timestamp":"2026-03-08T01:55:23.261Z"}
{"level":"info","message":"✅ Indexes created for collection: submissions","timestamp":"2026-03-08T01:55:23.301Z"}
{"level":"info","message":"Attempting to connect to MongoDB...","timestamp":"2026-03-08T01:55:40.030Z"}
{"level":"info","message":"Attempting to connect to MongoDB...","timestamp":"2026-03-08T01:55:40.061Z"}
{"level":"info","message":"✅ MongoDB connected successfully","timestamp":"2026-03-08T01:55:40.468Z"}
{"level":"info","message":"📊 Database: project","timestamp":"2026-03-08T01:55:40.468Z"}
{"level":"info","message":"🌐 Host: cluster0-shard-00-00.7noqj.mongodb.net","timestamp":"2026-03-08T01:55:40.468Z"}
{"level":"info","message":"🔌 Port: 27017","timestamp":"2026-03-08T01:55:40.468Z"}
{"level":"info","message":"Creating database indexes...","timestamp":"2026-03-08T01:55:40.469Z"}
{"level":"info","message":"✅ MongoDB connected successfully","timestamp":"2026-03-08T01:55:40.499Z"}
{"level":"info","message":"📊 Database: project","timestamp":"2026-03-08T01:55:40.499Z"}
{"level":"info","message":"🌐 Host: cluster0-shard-00-00.7noqj.mongodb.net","timestamp":"2026-03-08T01:55:40.499Z"}
{"level":"info","message":"🔌 Port: 27017","timestamp":"2026-03-08T01:55:40.500Z"}
{"level":"info","message":"Creating database indexes...","timestamp":"2026-03-08T01:55:40.500Z"}
{"level":"info","message":"✅ Indexes created for collection: users","timestamp":"2026-03-08T01:55:41.935Z"}
{"level":"info","message":"✅ Indexes created for collection: departments","timestamp":"2026-03-08T01:55:41.994Z"}
{"level":"info","message":"✅ Indexes created for collection: programs","timestamp":"2026-03-08T01:55:42.059Z"}
{"level":"info","message":"✅ Indexes created for collection: users","timestamp":"2026-03-08T01:55:42.089Z"}
{"level":"info","message":"✅ Indexes created for collection: courses","timestamp":"2026-03-08T01:55:42.119Z"}
{"level":"info","message":"✅ Indexes created for collection: departments","timestamp":"2026-03-08T01:55:42.155Z"}
{"level":"info","message":"✅ Indexes created for collection: assignments","timestamp":"2026-03-08T01:55:42.179Z"}
{"level":"info","message":"✅ Indexes created for collection: programs","timestamp":"2026-03-08T01:55:42.213Z"}
{"level":"info","message":"✅ Indexes created for collection: submissions","timestamp":"2026-03-08T01:55:42.246Z"}
{"level":"info","message":"🎉 Database index optimization process completed","timestamp":"2026-03-08T01:55:42.247Z"}
{"level":"info","message":"✅ Indexes created for collection: courses","timestamp":"2026-03-08T01:55:42.271Z"}
{"level":"info","message":"✅ Indexes created for collection: assignments","timestamp":"2026-03-08T01:55:42.330Z"}
{"level":"info","message":"✅ Indexes created for collection: submissions","timestamp":"2026-03-08T01:55:42.391Z"}
{"level":"info","message":"Attempting to connect to MongoDB...","timestamp":"2026-03-08T01:55:45.655Z"}
{"level":"info","message":"Attempting to connect to MongoDB...","timestamp":"2026-03-08T01:55:45.733Z"}
{"level":"info","message":"✅ MongoDB connected successfully","timestamp":"2026-03-08T01:55:46.078Z"}
{"level":"info","message":"📊 Database: project","timestamp":"2026-03-08T01:55:46.079Z"}
{"level":"info","message":"🌐 Host: cluster0-shard-00-00.7noqj.mongodb.net","timestamp":"2026-03-08T01:55:46.079Z"}
{"level":"info","message":"🔌 Port: 27017","timestamp":"2026-03-08T01:55:46.079Z"}
{"level":"info","message":"Creating database indexes...","timestamp":"2026-03-08T01:55:46.079Z"}
{"level":"info","message":"✅ MongoDB connected successfully","timestamp":"2026-03-08T01:55:46.149Z"}
{"level":"info","message":"📊 Database: project","timestamp":"2026-03-08T01:55:46.149Z"}
{"level":"info","message":"🌐 Host: cluster0-shard-00-00.7noqj.mongodb.net","timestamp":"2026-03-08T01:55:46.149Z"}
{"level":"info","message":"🔌 Port: 27017","timestamp":"2026-03-08T01:55:46.149Z"}
{"level":"info","message":"Creating database indexes...","timestamp":"2026-03-08T01:55:46.150Z"}
{"level":"info","message":"✅ Indexes created for collection: users","timestamp":"2026-03-08T01:55:47.490Z"}
{"level":"info","message":"✅ Indexes created for collection: departments","timestamp":"2026-03-08T01:55:47.554Z"}
{"level":"info","message":"✅ Indexes created for collection: users","timestamp":"2026-03-08T01:55:47.577Z"}
{"level":"info","message":"✅ Indexes created for collection: programs","timestamp":"2026-03-08T01:55:47.614Z"}
{"level":"info","message":"✅ Indexes created for collection: departments","timestamp":"2026-03-08T01:55:47.636Z"}
{"level":"info","message":"✅ Indexes created for collection: courses","timestamp":"2026-03-08T01:55:47.677Z"}
{"level":"info","message":"✅ Indexes created for collection: programs","timestamp":"2026-03-08T01:55:47.697Z"}
{"level":"info","message":"✅ Indexes created for collection: assignments","timestamp":"2026-03-08T01:55:47.733Z"}
{"level":"info","message":"✅ Indexes created for collection: courses","timestamp":"2026-03-08T01:55:47.753Z"}
{"level":"info","message":"✅ Indexes created for collection: submissions","timestamp":"2026-03-08T01:55:47.791Z"}
{"level":"info","message":"🎉 Database index optimization process completed","timestamp":"2026-03-08T01:55:47.792Z"}
{"level":"info","message":"✅ Indexes created for collection: assignments","timestamp":"2026-03-08T01:55:47.810Z"}
{"level":"info","message":"✅ Indexes created for collection: submissions","timestamp":"2026-03-08T01:55:47.868Z"}
{"level":"info","message":"Attempting to connect to MongoDB...","timestamp":"2026-03-08T01:56:01.069Z"}
{"level":"info","message":"Attempting to connect to MongoDB...","timestamp":"2026-03-08T01:56:01.146Z"}
{"level":"info","message":"✅ MongoDB connected successfully","timestamp":"2026-03-08T01:56:01.524Z"}
{"level":"info","message":"📊 Database: project","timestamp":"2026-03-08T01:56:01.525Z"}
{"level":"info","message":"🌐 Host: cluster0-shard-00-00.7noqj.mongodb.net","timestamp":"2026-03-08T01:56:01.525Z"}
{"level":"info","message":"🔌 Port: 27017","timestamp":"2026-03-08T01:56:01.526Z"}
{"level":"info","message":"Creating database indexes...","timestamp":"2026-03-08T01:56:01.527Z"}
{"level":"info","message":"✅ MongoDB connected successfully","timestamp":"2026-03-08T01:56:01.579Z"}
{"level":"info","message":"📊 Database: project","timestamp":"2026-03-08T01:56:01.580Z"}
{"level":"info","message":"🌐 Host: cluster0-shard-00-00.7noqj.mongodb.net","timestamp":"2026-03-08T01:56:01.580Z"}
{"level":"info","message":"🔌 Port: 27017","timestamp":"2026-03-08T01:56:01.580Z"}
{"level":"info","message":"Creating database indexes...","timestamp":"2026-03-08T01:56:01.581Z"}
{"level":"info","message":"✅ Indexes created for collection: users","timestamp":"2026-03-08T01:56:02.916Z"}
{"level":"info","message":"✅ Indexes created for collection: users","timestamp":"2026-03-08T01:56:02.969Z"}
{"level":"info","message":"✅ Indexes created for collection: departments","timestamp":"2026-03-08T01:56:02.978Z"}
{"level":"info","message":"✅ Indexes created for collection: programs","timestamp":"2026-03-08T01:56:03.037Z"}
{"level":"info","message":"✅ Indexes created for collection: departments","timestamp":"2026-03-08T01:56:03.040Z"}
{"level":"info","message":"✅ Indexes created for collection: courses","timestamp":"2026-03-08T01:56:03.094Z"}
{"level":"info","message":"✅ Indexes created for collection: programs","timestamp":"2026-03-08T01:56:03.110Z"}
{"level":"info","message":"✅ Indexes created for collection: assignments","timestamp":"2026-03-08T01:56:03.154Z"}
{"level":"info","message":"✅ Indexes created for collection: courses","timestamp":"2026-03-08T01:56:03.184Z"}
{"level":"info","message":"✅ Indexes created for collection: submissions","timestamp":"2026-03-08T01:56:03.213Z"}
{"level":"info","message":"🎉 Database index optimization process completed","timestamp":"2026-03-08T01:56:03.213Z"}
{"level":"info","message":"✅ Indexes created for collection: assignments","timestamp":"2026-03-08T01:56:03.254Z"}
{"level":"info","message":"✅ Indexes created for collection: submissions","timestamp":"2026-03-08T01:56:03.326Z"}
{"level":"info","message":"Attempting to connect to MongoDB...","timestamp":"2026-03-08T01:59:49.063Z"}
{"level":"info","message":"Attempting to connect to MongoDB...","timestamp":"2026-03-08T01:59:49.079Z"}
{"level":"info","message":"✅ MongoDB connected successfully","timestamp":"2026-03-08T01:59:49.461Z"}
{"level":"info","message":"📊 Database: project","timestamp":"2026-03-08T01:59:49.461Z"}
{"level":"info","message":"🌐 Host: cluster0-shard-00-00.7noqj.mongodb.net","timestamp":"2026-03-08T01:59:49.461Z"}
{"level":"info","message":"🔌 Port: 27017","timestamp":"2026-03-08T01:59:49.461Z"}
{"level":"info","message":"Creating database indexes...","timestamp":"2026-03-08T01:59:49.462Z"}
{"level":"info","message":"✅ MongoDB connected successfully","timestamp":"2026-03-08T01:59:49.470Z"}
{"level":"info","message":"📊 Database: project","timestamp":"2026-03-08T01:59:49.470Z"}
{"level":"info","message":"🌐 Host: cluster0-shard-00-00.7noqj.mongodb.net","timestamp":"2026-03-08T01:59:49.470Z"}
{"level":"info","message":"🔌 Port: 27017","timestamp":"2026-03-08T01:59:49.470Z"}
{"level":"info","message":"Creating database indexes...","timestamp":"2026-03-08T01:59:49.471Z"}
{"level":"info","message":"✅ Indexes created for collection: users","timestamp":"2026-03-08T01:59:50.988Z"}
{"level":"info","message":"✅ Indexes created for collection: users","timestamp":"2026-03-08T01:59:51.006Z"}
{"level":"info","message":"✅ Indexes created for collection: departments","timestamp":"2026-03-08T01:59:51.043Z"}
{"level":"info","message":"✅ Indexes created for collection: departments","timestamp":"2026-03-08T01:59:51.080Z"}
{"level":"info","message":"✅ Indexes created for collection: programs","timestamp":"2026-03-08T01:59:51.099Z"}
{"level":"info","message":"✅ Indexes created for collection: programs","timestamp":"2026-03-08T01:59:51.150Z"}
{"level":"info","message":"✅ Indexes created for collection: courses","timestamp":"2026-03-08T01:59:51.155Z"}
{"level":"info","message":"✅ Indexes created for collection: assignments","timestamp":"2026-03-08T01:59:51.214Z"}
{"level":"info","message":"✅ Indexes created for collection: courses","timestamp":"2026-03-08T01:59:51.217Z"}
{"level":"info","message":"✅ Indexes created for collection: submissions","timestamp":"2026-03-08T01:59:51.267Z"}
{"level":"info","message":"🎉 Database index optimization process completed","timestamp":"2026-03-08T01:59:51.268Z"}
{"level":"info","message":"✅ Indexes created for collection: assignments","timestamp":"2026-03-08T01:59:51.284Z"}
{"level":"info","message":"✅ Indexes created for collection: submissions","timestamp":"2026-03-08T01:59:51.350Z"}
{"level":"info","message":"Attempting to connect to MongoDB...","timestamp":"2026-03-08T01:59:53.849Z"}
{"level":"info","message":"Attempting to connect to MongoDB...","timestamp":"2026-03-08T01:59:53.882Z"}
{"level":"info","message":"✅ MongoDB connected successfully","timestamp":"2026-03-08T01:59:54.270Z"}
{"level":"info","message":"📊 Database: project","timestamp":"2026-03-08T01:59:54.270Z"}
{"level":"info","message":"🌐 Host: cluster0-shard-00-00.7noqj.mongodb.net","timestamp":"2026-03-08T01:59:54.271Z"}
{"level":"info","message":"🔌 Port: 27017","timestamp":"2026-03-08T01:59:54.271Z"}
{"level":"info","message":"Creating database indexes...","timestamp":"2026-03-08T01:59:54.271Z"}
{"level":"info","message":"✅ MongoDB connected successfully","timestamp":"2026-03-08T01:59:54.345Z"}
{"level":"info","message":"📊 Database: project","timestamp":"2026-03-08T01:59:54.346Z"}
{"level":"info","message":"🌐 Host: cluster0-shard-00-00.7noqj.mongodb.net","timestamp":"2026-03-08T01:59:54.346Z"}
{"level":"info","message":"🔌 Port: 27017","timestamp":"2026-03-08T01:59:54.346Z"}
{"level":"info","message":"Creating database indexes...","timestamp":"2026-03-08T01:59:54.347Z"}
{"level":"info","message":"✅ Indexes created for collection: users","timestamp":"2026-03-08T01:59:55.698Z"}
{"level":"info","message":"✅ Indexes created for collection: users","timestamp":"2026-03-08T01:59:55.751Z"}
{"level":"info","message":"✅ Indexes created for collection: departments","timestamp":"2026-03-08T01:59:55.778Z"}
{"level":"info","message":"✅ Indexes created for collection: departments","timestamp":"2026-03-08T01:59:55.814Z"}
{"level":"info","message":"✅ Indexes created for collection: programs","timestamp":"2026-03-08T01:59:55.836Z"}
{"level":"info","message":"✅ Indexes created for collection: programs","timestamp":"2026-03-08T01:59:55.873Z"}
{"level":"info","message":"✅ Indexes created for collection: courses","timestamp":"2026-03-08T01:59:55.895Z"}
{"level":"info","message":"✅ Indexes created for collection: courses","timestamp":"2026-03-08T01:59:55.934Z"}
{"level":"info","message":"✅ Indexes created for collection: assignments","timestamp":"2026-03-08T01:59:55.953Z"}
{"level":"info","message":"✅ Indexes created for collection: assignments","timestamp":"2026-03-08T01:59:55.993Z"}
{"level":"info","message":"✅ Indexes created for collection: submissions","timestamp":"2026-03-08T01:59:56.013Z"}
{"level":"info","message":"🎉 Database index optimization process completed","timestamp":"2026-03-08T01:59:56.013Z"}
{"level":"info","message":"✅ Indexes created for collection: submissions","timestamp":"2026-03-08T01:59:56.056Z"}
{"level":"info","message":"Attempting to connect to MongoDB...","timestamp":"2026-03-08T02:00:00.616Z"}
{"level":"info","message":"Attempting to connect to MongoDB...","timestamp":"2026-03-08T02:00:00.816Z"}
{"level":"info","message":"✅ MongoDB connected successfully","timestamp":"2026-03-08T02:00:01.100Z"}
{"level":"info","message":"📊 Database: project","timestamp":"2026-03-08T02:00:01.102Z"}
{"level":"info","message":"🌐 Host: cluster0-shard-00-00.7noqj.mongodb.net","timestamp":"2026-03-08T02:00:01.103Z"}
{"level":"info","message":"🔌 Port: 27017","timestamp":"2026-03-08T02:00:01.104Z"}
{"level":"info","message":"Creating database indexes...","timestamp":"2026-03-08T02:00:01.106Z"}
{"level":"info","message":"✅ MongoDB connected successfully","timestamp":"2026-03-08T02:00:01.256Z"}
{"level":"info","message":"📊 Database: project","timestamp":"2026-03-08T02:00:01.258Z"}
{"level":"info","message":"🌐 Host: cluster0-shard-00-00.7noqj.mongodb.net","timestamp":"2026-03-08T02:00:01.261Z"}
{"level":"info","message":"🔌 Port: 27017","timestamp":"2026-03-08T02:00:01.262Z"}
{"level":"info","message":"Creating database indexes...","timestamp":"2026-03-08T02:00:01.263Z"}
{"level":"info","message":"✅ Indexes created for collection: users","timestamp":"2026-03-08T02:00:02.467Z"}
{"level":"info","message":"✅ Indexes created for collection: departments","timestamp":"2026-03-08T02:00:02.535Z"}
{"level":"info","message":"✅ Indexes created for collection: programs","timestamp":"2026-03-08T02:00:02.612Z"}
{"level":"info","message":"✅ Indexes created for collection: users","timestamp":"2026-03-08T02:00:02.632Z"}
{"level":"info","message":"✅ Indexes created for collection: courses","timestamp":"2026-03-08T02:00:02.672Z"}
{"level":"info","message":"✅ Indexes created for collection: departments","timestamp":"2026-03-08T02:00:02.693Z"}
{"level":"info","message":"✅ Indexes created for collection: assignments","timestamp":"2026-03-08T02:00:02.734Z"}
{"level":"info","message":"✅ Indexes created for collection: programs","timestamp":"2026-03-08T02:00:02.751Z"}
{"level":"info","message":"✅ Indexes created for collection: submissions","timestamp":"2026-03-08T02:00:02.793Z"}
{"level":"info","message":"🎉 Database index optimization process completed","timestamp":"2026-03-08T02:00:02.794Z"}
{"level":"info","message":"✅ Indexes created for collection: courses","timestamp":"2026-03-08T02:00:02.810Z"}
{"level":"info","message":"✅ Indexes created for collection: assignments","timestamp":"2026-03-08T02:00:02.867Z"}
{"level":"info","message":"✅ Indexes created for collection: submissions","timestamp":"2026-03-08T02:00:02.925Z"}
{"level":"info","message":"Attempting to connect to MongoDB...","timestamp":"2026-03-08T02:01:01.366Z"}
{"level":"info","message":"Attempting to connect to MongoDB...","timestamp":"2026-03-08T02:01:01.382Z"}
{"level":"info","message":"✅ MongoDB connected successfully","timestamp":"2026-03-08T02:01:01.782Z"}
{"level":"info","message":"📊 Database: project","timestamp":"2026-03-08T02:01:01.783Z"}
{"level":"info","message":"🌐 Host: cluster0-shard-00-00.7noqj.mongodb.net","timestamp":"2026-03-08T02:01:01.783Z"}
{"level":"info","message":"🔌 Port: 27017","timestamp":"2026-03-08T02:01:01.783Z"}
{"level":"info","message":"Creating database indexes...","timestamp":"2026-03-08T02:01:01.783Z"}
{"level":"info","message":"✅ MongoDB connected successfully","timestamp":"2026-03-08T02:01:01.789Z"}
{"level":"info","message":"📊 Database: project","timestamp":"2026-03-08T02:01:01.789Z"}
{"level":"info","message":"🌐 Host: cluster0-shard-00-00.7noqj.mongodb.net","timestamp":"2026-03-08T02:01:01.789Z"}
{"level":"info","message":"🔌 Port: 27017","timestamp":"2026-03-08T02:01:01.789Z"}
{"level":"info","message":"Creating database indexes...","timestamp":"2026-03-08T02:01:01.790Z"}
{"level":"info","message":"✅ Indexes created for collection: users","timestamp":"2026-03-08T02:01:03.220Z"}
{"level":"info","message":"✅ Indexes created for collection: departments","timestamp":"2026-03-08T02:01:03.281Z"}
{"level":"info","message":"✅ Indexes created for collection: programs","timestamp":"2026-03-08T02:01:03.341Z"}
{"level":"info","message":"✅ Indexes created for collection: courses","timestamp":"2026-03-08T02:01:03.401Z"}
{"level":"info","message":"✅ Indexes created for collection: users","timestamp":"2026-03-08T02:01:03.431Z"}
{"level":"info","message":"✅ Indexes created for collection: assignments","timestamp":"2026-03-08T02:01:03.460Z"}
{"level":"info","message":"✅ Indexes created for collection: departments","timestamp":"2026-03-08T02:01:03.486Z"}
{"level":"info","message":"✅ Indexes created for collection: submissions","timestamp":"2026-03-08T02:01:03.518Z"}
{"level":"info","message":"🎉 Database index optimization process completed","timestamp":"2026-03-08T02:01:03.518Z"}
{"level":"info","message":"✅ Indexes created for collection: programs","timestamp":"2026-03-08T02:01:03.538Z"}
{"level":"info","message":"✅ Indexes created for collection: courses","timestamp":"2026-03-08T02:01:03.595Z"}
{"level":"info","message":"✅ Indexes created for collection: assignments","timestamp":"2026-03-08T02:01:03.651Z"}
{"level":"info","message":"✅ Indexes created for collection: submissions","timestamp":"2026-03-08T02:01:03.708Z"}
{"level":"info","message":"Attempting to connect to MongoDB...","timestamp":"2026-03-08T02:02:51.662Z"}
{"level":"info","message":"Attempting to connect to MongoDB...","timestamp":"2026-03-08T02:02:51.666Z"}
{"level":"info","message":"✅ MongoDB connected successfully","timestamp":"2026-03-08T02:02:52.072Z"}
{"level":"info","message":"📊 Database: project","timestamp":"2026-03-08T02:02:52.073Z"}
{"level":"info","message":"🌐 Host: cluster0-shard-00-00.7noqj.mongodb.net","timestamp":"2026-03-08T02:02:52.073Z"}
{"level":"info","message":"🔌 Port: 27017","timestamp":"2026-03-08T02:02:52.074Z"}
{"level":"info","message":"Creating database indexes...","timestamp":"2026-03-08T02:02:52.074Z"}
{"level":"info","message":"✅ MongoDB connected successfully","timestamp":"2026-03-08T02:02:52.109Z"}
{"level":"info","message":"📊 Database: project","timestamp":"2026-03-08T02:02:52.109Z"}
{"level":"info","message":"🌐 Host: cluster0-shard-00-00.7noqj.mongodb.net","timestamp":"2026-03-08T02:02:52.110Z"}
{"level":"info","message":"🔌 Port: 27017","timestamp":"2026-03-08T02:02:52.110Z"}
{"level":"info","message":"Creating database indexes...","timestamp":"2026-03-08T02:02:52.111Z"}
{"level":"info","message":"✅ Indexes created for collection: users","timestamp":"2026-03-08T02:02:53.525Z"}
{"level":"info","message":"✅ Indexes created for collection: users","timestamp":"2026-03-08T02:02:53.561Z"}
{"level":"info","message":"✅ Indexes created for collection: departments","timestamp":"2026-03-08T02:02:53.594Z"}
{"level":"info","message":"✅ Indexes created for collection: departments","timestamp":"2026-03-08T02:02:53.623Z"}
{"level":"info","message":"✅ Indexes created for collection: programs","timestamp":"2026-03-08T02:02:53.679Z"}
{"level":"info","message":"✅ Indexes created for collection: programs","timestamp":"2026-03-08T02:02:53.691Z"}
{"level":"info","message":"✅ Indexes created for collection: courses","timestamp":"2026-03-08T02:02:53.751Z"}
{"level":"info","message":"✅ Indexes created for collection: courses","timestamp":"2026-03-08T02:02:53.790Z"}
{"level":"info","message":"✅ Indexes created for collection: assignments","timestamp":"2026-03-08T02:02:53.838Z"}
{"level":"info","message":"✅ Indexes created for collection: assignments","timestamp":"2026-03-08T02:02:53.850Z"}
{"level":"info","message":"✅ Indexes created for collection: submissions","timestamp":"2026-03-08T02:02:53.907Z"}
{"level":"info","message":"✅ Indexes created for collection: submissions","timestamp":"2026-03-08T02:02:53.913Z"}
{"level":"info","message":"🎉 Database index optimization process completed","timestamp":"2026-03-08T02:02:53.907Z"}
{"level":"info","message":"Attempting to connect to MongoDB...","timestamp":"2026-03-08T02:02:59.666Z"}
{"level":"info","message":"Attempting to connect to MongoDB...","timestamp":"2026-03-08T02:02:59.819Z"}
{"level":"info","message":"✅ MongoDB connected successfully","timestamp":"2026-03-08T02:03:00.100Z"}
{"level":"info","message":"📊 Database: project","timestamp":"2026-03-08T02:03:00.100Z"}
{"level":"info","message":"🌐 Host: cluster0-shard-00-00.7noqj.mongodb.net","timestamp":"2026-03-08T02:03:00.101Z"}
{"level":"info","message":"🔌 Port: 27017","timestamp":"2026-03-08T02:03:00.101Z"}
{"level":"info","message":"Creating database indexes...","timestamp":"2026-03-08T02:03:00.101Z"}
{"level":"info","message":"✅ MongoDB connected successfully","timestamp":"2026-03-08T02:03:00.209Z"}
{"level":"info","message":"📊 Database: project","timestamp":"2026-03-08T02:03:00.209Z"}
{"level":"info","message":"🌐 Host: cluster0-shard-00-00.7noqj.mongodb.net","timestamp":"2026-03-08T02:03:00.209Z"}
{"level":"info","message":"🔌 Port: 27017","timestamp":"2026-03-08T02:03:00.209Z"}
{"level":"info","message":"Creating database indexes...","timestamp":"2026-03-08T02:03:00.209Z"}
{"level":"info","message":"✅ Indexes created for collection: users","timestamp":"2026-03-08T02:03:01.476Z"}
{"level":"info","message":"✅ Indexes created for collection: departments","timestamp":"2026-03-08T02:03:01.533Z"}
{"level":"info","message":"✅ Indexes created for collection: programs","timestamp":"2026-03-08T02:03:01.590Z"}
{"level":"info","message":"✅ Indexes created for collection: users","timestamp":"2026-03-08T02:03:01.607Z"}
{"level":"info","message":"✅ Indexes created for collection: courses","timestamp":"2026-03-08T02:03:01.668Z"}
{"level":"info","message":"✅ Indexes created for collection: departments","timestamp":"2026-03-08T02:03:01.692Z"}
{"level":"info","message":"✅ Indexes created for collection: assignments","timestamp":"2026-03-08T02:03:01.728Z"}
{"level":"info","message":"✅ Indexes created for collection: programs","timestamp":"2026-03-08T02:03:01.747Z"}
{"level":"info","message":"✅ Indexes created for collection: submissions","timestamp":"2026-03-08T02:03:01.782Z"}
{"level":"info","message":"🎉 Database index optimization process completed","timestamp":"2026-03-08T02:03:01.782Z"}
{"level":"info","message":"✅ Indexes created for collection: courses","timestamp":"2026-03-08T02:03:01.805Z"}
{"level":"info","message":"✅ Indexes created for collection: assignments","timestamp":"2026-03-08T02:03:01.861Z"}
{"level":"info","message":"✅ Indexes created for collection: submissions","timestamp":"2026-03-08T02:03:01.919Z"}
{"level":"info","message":"Attempting to connect to MongoDB...","timestamp":"2026-03-08T02:03:11.388Z"}
{"level":"info","message":"Attempting to connect to MongoDB...","timestamp":"2026-03-08T02:03:11.799Z"}
{"level":"info","message":"✅ MongoDB connected successfully","timestamp":"2026-03-08T02:03:11.801Z"}
{"level":"info","message":"📊 Database: project","timestamp":"2026-03-08T02:03:11.802Z"}
{"level":"info","message":"🌐 Host: cluster0-shard-00-00.7noqj.mongodb.net","timestamp":"2026-03-08T02:03:11.802Z"}
{"level":"info","message":"🔌 Port: 27017","timestamp":"2026-03-08T02:03:11.802Z"}
{"level":"info","message":"Creating database indexes...","timestamp":"2026-03-08T02:03:11.803Z"}
{"level":"info","message":"✅ MongoDB connected successfully","timestamp":"2026-03-08T02:03:12.229Z"}
{"level":"info","message":"📊 Database: project","timestamp":"2026-03-08T02:03:12.230Z"}
{"level":"info","message":"🌐 Host: cluster0-shard-00-00.7noqj.mongodb.net","timestamp":"2026-03-08T02:03:12.230Z"}
{"level":"info","message":"🔌 Port: 27017","timestamp":"2026-03-08T02:03:12.230Z"}
{"level":"info","message":"Creating database indexes...","timestamp":"2026-03-08T02:03:12.231Z"}
{"level":"info","message":"✅ Indexes created for collection: users","timestamp":"2026-03-08T02:03:13.145Z"}
{"level":"info","message":"✅ Indexes created for collection: departments","timestamp":"2026-03-08T02:03:13.220Z"}
{"level":"info","message":"✅ Indexes created for collection: programs","timestamp":"2026-03-08T02:03:13.277Z"}
{"level":"info","message":"✅ Indexes created for collection: courses","timestamp":"2026-03-08T02:03:13.335Z"}
{"level":"info","message":"✅ Indexes created for collection: assignments","timestamp":"2026-03-08T02:03:13.397Z"}
{"level":"info","message":"✅ Indexes created for collection: submissions","timestamp":"2026-03-08T02:03:13.459Z"}
{"level":"info","message":"🎉 Database index optimization process completed","timestamp":"2026-03-08T02:03:13.460Z"}
{"level":"info","message":"✅ Indexes created for collection: users","timestamp":"2026-03-08T02:03:13.567Z"}
{"level":"info","message":"✅ Indexes created for collection: departments","timestamp":"2026-03-08T02:03:13.637Z"}
{"level":"info","message":"✅ Indexes created for collection: programs","timestamp":"2026-03-08T02:03:13.705Z"}
{"level":"info","message":"✅ Indexes created for collection: courses","timestamp":"2026-03-08T02:03:13.774Z"}
{"level":"info","message":"✅ Indexes created for collection: assignments","timestamp":"2026-03-08T02:03:13.841Z"}
{"level":"info","message":"✅ Indexes created for collection: submissions","timestamp":"2026-03-08T02:03:13.911Z"}
{"level":"info","message":"Attempting to connect to MongoDB...","timestamp":"2026-03-08T02:03:26.998Z"}
{"level":"info","message":"✅ MongoDB connected successfully","timestamp":"2026-03-08T02:03:27.407Z"}
{"level":"info","message":"📊 Database: project","timestamp":"2026-03-08T02:03:27.407Z"}
{"level":"info","message":"🌐 Host: cluster0-shard-00-00.7noqj.mongodb.net","timestamp":"2026-03-08T02:03:27.408Z"}
{"level":"info","message":"🔌 Port: 27017","timestamp":"2026-03-08T02:03:27.408Z"}
{"level":"info","message":"Creating database indexes...","timestamp":"2026-03-08T02:03:27.408Z"}
{"level":"info","message":"✅ Indexes created for collection: users","timestamp":"2026-03-08T02:03:28.151Z"}
{"level":"info","message":"✅ Indexes created for collection: departments","timestamp":"2026-03-08T02:03:28.208Z"}
{"level":"info","message":"✅ Indexes created for collection: programs","timestamp":"2026-03-08T02:03:28.271Z"}
{"level":"info","message":"✅ Indexes created for collection: courses","timestamp":"2026-03-08T02:03:28.326Z"}
{"level":"info","message":"✅ Indexes created for collection: assignments","timestamp":"2026-03-08T02:03:28.383Z"}
{"level":"info","message":"✅ Indexes created for collection: submissions","timestamp":"2026-03-08T02:03:28.439Z"}
{"level":"info","message":"🎉 Database index optimization process completed","timestamp":"2026-03-08T02:03:28.439Z"}
{"level":"info","message":"Attempting to connect to MongoDB...","timestamp":"2026-03-08T02:03:29.474Z"}
{"level":"info","message":"✅ MongoDB connected successfully","timestamp":"2026-03-08T02:03:29.937Z"}
{"level":"info","message":"📊 Database: project","timestamp":"2026-03-08T02:03:29.937Z"}
{"level":"info","message":"🌐 Host: cluster0-shard-00-00.7noqj.mongodb.net","timestamp":"2026-03-08T02:03:29.938Z"}
{"level":"info","message":"🔌 Port: 27017","timestamp":"2026-03-08T02:03:29.939Z"}
{"level":"info","message":"Creating database indexes...","timestamp":"2026-03-08T02:03:29.940Z"}
{"level":"info","message":"✅ Indexes created for collection: users","timestamp":"2026-03-08T02:03:30.741Z"}
{"level":"info","message":"✅ Indexes created for collection: departments","timestamp":"2026-03-08T02:03:30.800Z"}
{"level":"info","message":"✅ Indexes created for collection: programs","timestamp":"2026-03-08T02:03:30.861Z"}
{"level":"info","message":"✅ Indexes created for collection: courses","timestamp":"2026-03-08T02:03:30.921Z"}
{"level":"info","message":"✅ Indexes created for collection: assignments","timestamp":"2026-03-08T02:03:30.978Z"}
{"level":"info","message":"✅ Indexes created for collection: submissions","timestamp":"2026-03-08T02:03:31.034Z"}
{"level":"info","message":"Attempting to connect to MongoDB...","timestamp":"2026-03-08T02:03:35.473Z"}
{"level":"info","message":"Attempting to connect to MongoDB...","timestamp":"2026-03-08T02:03:35.802Z"}
{"level":"info","message":"✅ MongoDB connected successfully","timestamp":"2026-03-08T02:03:35.908Z"}
{"level":"info","message":"📊 Database: project","timestamp":"2026-03-08T02:03:35.909Z"}
{"level":"info","message":"🌐 Host: cluster0-shard-00-00.7noqj.mongodb.net","timestamp":"2026-03-08T02:03:35.909Z"}
{"level":"info","message":"🔌 Port: 27017","timestamp":"2026-03-08T02:03:35.910Z"}
{"level":"info","message":"Creating database indexes...","timestamp":"2026-03-08T02:03:35.910Z"}
{"level":"info","message":"✅ MongoDB connected successfully","timestamp":"2026-03-08T02:03:36.233Z"}
{"level":"info","message":"📊 Database: project","timestamp":"2026-03-08T02:03:36.234Z"}
{"level":"info","message":"🌐 Host: cluster0-shard-00-00.7noqj.mongodb.net","timestamp":"2026-03-08T02:03:36.234Z"}
{"level":"info","message":"🔌 Port: 27017","timestamp":"2026-03-08T02:03:36.234Z"}
{"level":"info","message":"Creating database indexes...","timestamp":"2026-03-08T02:03:36.235Z"}
{"level":"info","message":"✅ Indexes created for collection: users","timestamp":"2026-03-08T02:03:37.118Z"}
{"level":"info","message":"✅ Indexes created for collection: departments","timestamp":"2026-03-08T02:03:37.180Z"}
{"level":"info","message":"✅ Indexes created for collection: programs","timestamp":"2026-03-08T02:03:37.249Z"}
{"level":"info","message":"✅ Indexes created for collection: courses","timestamp":"2026-03-08T02:03:37.344Z"}
{"level":"info","message":"✅ Indexes created for collection: assignments","timestamp":"2026-03-08T02:03:37.416Z"}
{"level":"info","message":"✅ Indexes created for collection: users","timestamp":"2026-03-08T02:03:37.469Z"}
{"level":"info","message":"✅ Indexes created for collection: submissions","timestamp":"2026-03-08T02:03:37.476Z"}
{"level":"info","message":"🎉 Database index optimization process completed","timestamp":"2026-03-08T02:03:37.476Z"}
{"level":"info","message":"✅ Indexes created for collection: departments","timestamp":"2026-03-08T02:03:37.979Z"}
{"level":"info","message":"✅ Indexes created for collection: programs","timestamp":"2026-03-08T02:03:38.037Z"}
{"level":"info","message":"✅ Indexes created for collection: courses","timestamp":"2026-03-08T02:03:38.095Z"}
{"level":"info","message":"✅ Indexes created for collection: assignments","timestamp":"2026-03-08T02:03:38.155Z"}
{"level":"info","message":"✅ Indexes created for collection: submissions","timestamp":"2026-03-08T02:03:38.214Z"}
{"level":"info","message":"Attempting to connect to MongoDB...","timestamp":"2026-03-08T02:03:47.449Z"}
{"level":"info","message":"Attempting to connect to MongoDB...","timestamp":"2026-03-08T02:03:47.645Z"}
{"level":"info","message":"✅ MongoDB connected successfully","timestamp":"2026-03-08T02:03:47.855Z"}
{"level":"info","message":"📊 Database: project","timestamp":"2026-03-08T02:03:47.856Z"}
{"level":"info","message":"🌐 Host: cluster0-shard-00-00.7noqj.mongodb.net","timestamp":"2026-03-08T02:03:47.856Z"}
{"level":"info","message":"🔌 Port: 27017","timestamp":"2026-03-08T02:03:47.856Z"}
{"level":"info","message":"Creating database indexes...","timestamp":"2026-03-08T02:03:47.857Z"}
{"level":"info","message":"✅ MongoDB connected successfully","timestamp":"2026-03-08T02:03:48.051Z"}
{"level":"info","message":"📊 Database: project","timestamp":"2026-03-08T02:03:48.052Z"}
{"level":"info","message":"🌐 Host: cluster0-shard-00-00.7noqj.mongodb.net","timestamp":"2026-03-08T02:03:48.052Z"}
{"level":"info","message":"🔌 Port: 27017","timestamp":"2026-03-08T02:03:48.052Z"}
{"level":"info","message":"Creating database indexes...","timestamp":"2026-03-08T02:03:48.053Z"}
{"level":"info","message":"Attempting to connect to MongoDB...","timestamp":"2026-03-08T02:03:51.543Z"}
{"level":"info","message":"Attempting to connect to MongoDB...","timestamp":"2026-03-08T02:03:51.544Z"}
{"level":"info","message":"✅ MongoDB connected successfully","timestamp":"2026-03-08T02:03:51.989Z"}
{"level":"info","message":"📊 Database: project","timestamp":"2026-03-08T02:03:51.989Z"}
{"level":"info","message":"🌐 Host: cluster0-shard-00-00.7noqj.mongodb.net","timestamp":"2026-03-08T02:03:51.989Z"}
{"level":"info","message":"🔌 Port: 27017","timestamp":"2026-03-08T02:03:51.989Z"}
{"level":"info","message":"Creating database indexes...","timestamp":"2026-03-08T02:03:51.990Z"}
{"level":"info","message":"✅ MongoDB connected successfully","timestamp":"2026-03-08T02:03:52.018Z"}
{"level":"info","message":"📊 Database: project","timestamp":"2026-03-08T02:03:52.018Z"}
{"level":"info","message":"🌐 Host: cluster0-shard-00-00.7noqj.mongodb.net","timestamp":"2026-03-08T02:03:52.018Z"}
{"level":"info","message":"🔌 Port: 27017","timestamp":"2026-03-08T02:03:52.018Z"}
{"level":"info","message":"Creating database indexes...","timestamp":"2026-03-08T02:03:52.019Z"}
{"level":"info","message":"✅ Indexes created for collection: users","timestamp":"2026-03-08T02:03:53.455Z"}
{"level":"info","message":"✅ Indexes created for collection: departments","timestamp":"2026-03-08T02:03:53.514Z"}
{"level":"info","message":"✅ Indexes created for collection: programs","timestamp":"2026-03-08T02:03:53.570Z"}
{"level":"info","message":"✅ Indexes created for collection: users","timestamp":"2026-03-08T02:03:53.607Z"}
{"level":"info","message":"✅ Indexes created for collection: courses","timestamp":"2026-03-08T02:03:53.626Z"}
{"level":"info","message":"✅ Indexes created for collection: departments","timestamp":"2026-03-08T02:03:53.666Z"}
{"level":"info","message":"✅ Indexes created for collection: assignments","timestamp":"2026-03-08T02:03:53.684Z"}
{"level":"info","message":"✅ Indexes created for collection: programs","timestamp":"2026-03-08T02:03:53.726Z"}
{"level":"info","message":"✅ Indexes created for collection: submissions","timestamp":"2026-03-08T02:03:53.745Z"}
{"level":"info","message":"🎉 Database index optimization process completed","timestamp":"2026-03-08T02:03:53.745Z"}
{"level":"info","message":"✅ Indexes created for collection: courses","timestamp":"2026-03-08T02:03:53.786Z"}
{"level":"info","message":"✅ Indexes created for collection: assignments","timestamp":"2026-03-08T02:03:53.845Z"}
{"level":"info","message":"✅ Indexes created for collection: submissions","timestamp":"2026-03-08T02:03:53.905Z"}
{"level":"info","message":"Attempting to connect to MongoDB...","timestamp":"2026-03-08T02:03:57.252Z"}
{"level":"info","message":"Attempting to connect to MongoDB...","timestamp":"2026-03-08T02:03:57.625Z"}
{"level":"info","message":"✅ MongoDB connected successfully","timestamp":"2026-03-08T02:03:57.648Z"}
{"level":"info","message":"📊 Database: project","timestamp":"2026-03-08T02:03:57.648Z"}
{"level":"info","message":"🌐 Host: cluster0-shard-00-00.7noqj.mongodb.net","timestamp":"2026-03-08T02:03:57.648Z"}
{"level":"info","message":"🔌 Port: 27017","timestamp":"2026-03-08T02:03:57.649Z"}
{"level":"info","message":"Creating database indexes...","timestamp":"2026-03-08T02:03:57.649Z"}
{"level":"info","message":"✅ MongoDB connected successfully","timestamp":"2026-03-08T02:03:58.045Z"}
{"level":"info","message":"📊 Database: project","timestamp":"2026-03-08T02:03:58.046Z"}
{"level":"info","message":"🌐 Host: cluster0-shard-00-00.7noqj.mongodb.net","timestamp":"2026-03-08T02:03:58.046Z"}
{"level":"info","message":"🔌 Port: 27017","timestamp":"2026-03-08T02:03:58.046Z"}
{"level":"info","message":"Creating database indexes...","timestamp":"2026-03-08T02:03:58.047Z"}
{"level":"info","message":"✅ Indexes created for collection: users","timestamp":"2026-03-08T02:03:58.449Z"}
{"level":"info","message":"✅ Indexes created for collection: departments","timestamp":"2026-03-08T02:03:59.038Z"}
{"level":"info","message":"✅ Indexes created for collection: programs","timestamp":"2026-03-08T02:03:59.110Z"}
{"level":"info","message":"✅ Indexes created for collection: courses","timestamp":"2026-03-08T02:03:59.179Z"}
{"level":"info","message":"✅ Indexes created for collection: assignments","timestamp":"2026-03-08T02:03:59.246Z"}
{"level":"info","message":"✅ Indexes created for collection: submissions","timestamp":"2026-03-08T02:03:59.307Z"}
{"level":"info","message":"🎉 Database index optimization process completed","timestamp":"2026-03-08T02:03:59.307Z"}
{"level":"info","message":"✅ Indexes created for collection: users","timestamp":"2026-03-08T02:03:59.396Z"}
{"level":"info","message":"✅ Indexes created for collection: departments","timestamp":"2026-03-08T02:03:59.455Z"}
{"level":"info","message":"✅ Indexes created for collection: programs","timestamp":"2026-03-08T02:03:59.518Z"}
{"level":"info","message":"✅ Indexes created for collection: courses","timestamp":"2026-03-08T02:03:59.582Z"}
{"level":"info","message":"✅ Indexes created for collection: assignments","timestamp":"2026-03-08T02:03:59.643Z"}
{"level":"info","message":"✅ Indexes created for collection: submissions","timestamp":"2026-03-08T02:03:59.704Z"}
{"level":"info","message":"Attempting to connect to MongoDB...","timestamp":"2026-03-08T02:04:03.027Z"}
{"level":"info","message":"Attempting to connect to MongoDB...","timestamp":"2026-03-08T02:04:03.085Z"}
{"level":"info","message":"✅ MongoDB connected successfully","timestamp":"2026-03-08T02:04:03.496Z"}
{"level":"info","message":"📊 Database: project","timestamp":"2026-03-08T02:04:03.496Z"}
{"level":"info","message":"🌐 Host: cluster0-shard-00-00.7noqj.mongodb.net","timestamp":"2026-03-08T02:04:03.496Z"}
{"level":"info","message":"🔌 Port: 27017","timestamp":"2026-03-08T02:04:03.496Z"}
{"level":"info","message":"Creating database indexes...","timestamp":"2026-03-08T02:04:03.496Z"}
{"level":"info","message":"✅ MongoDB connected successfully","timestamp":"2026-03-08T02:04:03.509Z"}
{"level":"info","message":"📊 Database: project","timestamp":"2026-03-08T02:04:03.509Z"}
{"level":"info","message":"🌐 Host: cluster0-shard-00-00.7noqj.mongodb.net","timestamp":"2026-03-08T02:04:03.510Z"}
{"level":"info","message":"🔌 Port: 27017","timestamp":"2026-03-08T02:04:03.510Z"}
{"level":"info","message":"Creating database indexes...","timestamp":"2026-03-08T02:04:03.510Z"}
{"level":"info","message":"✅ Indexes created for collection: users","timestamp":"2026-03-08T02:04:04.912Z"}
{"level":"info","message":"✅ Indexes created for collection: users","timestamp":"2026-03-08T02:04:04.932Z"}
{"level":"info","message":"✅ Indexes created for collection: departments","timestamp":"2026-03-08T02:04:04.979Z"}
{"level":"info","message":"✅ Indexes created for collection: departments","timestamp":"2026-03-08T02:04:05.014Z"}
{"level":"info","message":"✅ Indexes created for collection: programs","timestamp":"2026-03-08T02:04:05.039Z"}
{"level":"info","message":"✅ Indexes created for collection: programs","timestamp":"2026-03-08T02:04:05.090Z"}
{"level":"info","message":"✅ Indexes created for collection: courses","timestamp":"2026-03-08T02:04:05.106Z"}
{"level":"info","message":"✅ Indexes created for collection: courses","timestamp":"2026-03-08T02:04:05.161Z"}
{"level":"info","message":"✅ Indexes created for collection: assignments","timestamp":"2026-03-08T02:04:05.180Z"}
{"level":"info","message":"✅ Indexes created for collection: assignments","timestamp":"2026-03-08T02:04:05.231Z"}
{"level":"info","message":"✅ Indexes created for collection: submissions","timestamp":"2026-03-08T02:04:05.247Z"}
{"level":"info","message":"🎉 Database index optimization process completed","timestamp":"2026-03-08T02:04:05.248Z"}
{"level":"info","message":"✅ Indexes created for collection: submissions","timestamp":"2026-03-08T02:04:05.300Z"}
{"level":"info","message":"Attempting to connect to MongoDB...","timestamp":"2026-03-08T02:04:45.051Z"}
{"level":"info","message":"Attempting to connect to MongoDB...","timestamp":"2026-03-08T02:04:45.156Z"}
{"level":"info","message":"✅ MongoDB connected successfully","timestamp":"2026-03-08T02:04:45.587Z"}
{"level":"info","message":"📊 Database: project","timestamp":"2026-03-08T02:04:45.588Z"}
{"level":"info","message":"🌐 Host: cluster0-shard-00-00.7noqj.mongodb.net","timestamp":"2026-03-08T02:04:45.588Z"}
{"level":"info","message":"🔌 Port: 27017","timestamp":"2026-03-08T02:04:45.588Z"}
{"level":"info","message":"Creating database indexes...","timestamp":"2026-03-08T02:04:45.589Z"}
{"level":"info","message":"✅ MongoDB connected successfully","timestamp":"2026-03-08T02:04:45.659Z"}
{"level":"info","message":"📊 Database: project","timestamp":"2026-03-08T02:04:45.660Z"}
{"level":"info","message":"🌐 Host: cluster0-shard-00-00.7noqj.mongodb.net","timestamp":"2026-03-08T02:04:45.660Z"}
{"level":"info","message":"🔌 Port: 27017","timestamp":"2026-03-08T02:04:45.660Z"}
{"level":"info","message":"Creating database indexes...","timestamp":"2026-03-08T02:04:45.661Z"}
{"level":"info","message":"✅ Indexes created for collection: users","timestamp":"2026-03-08T02:04:46.986Z"}
{"level":"info","message":"✅ Indexes created for collection: users","timestamp":"2026-03-08T02:04:47.018Z"}
{"level":"info","message":"✅ Indexes created for collection: departments","timestamp":"2026-03-08T02:04:47.043Z"}
{"level":"info","message":"✅ Indexes created for collection: departments","timestamp":"2026-03-08T02:04:47.080Z"}
{"level":"info","message":"✅ Indexes created for collection: programs","timestamp":"2026-03-08T02:04:47.101Z"}
{"level":"info","message":"✅ Indexes created for collection: programs","timestamp":"2026-03-08T02:04:47.139Z"}
{"level":"info","message":"✅ Indexes created for collection: courses","timestamp":"2026-03-08T02:04:47.163Z"}
{"level":"info","message":"✅ Indexes created for collection: courses","timestamp":"2026-03-08T02:04:47.196Z"}
{"level":"info","message":"✅ Indexes created for collection: assignments","timestamp":"2026-03-08T02:04:47.218Z"}
{"level":"info","message":"✅ Indexes created for collection: assignments","timestamp":"2026-03-08T02:04:47.253Z"}
{"level":"info","message":"✅ Indexes created for collection: submissions","timestamp":"2026-03-08T02:04:47.275Z"}
{"level":"info","message":"🎉 Database index optimization process completed","timestamp":"2026-03-08T02:04:47.275Z"}
{"level":"info","message":"✅ Indexes created for collection: submissions","timestamp":"2026-03-08T02:04:47.311Z"}
{"level":"info","message":"Attempting to connect to MongoDB...","timestamp":"2026-03-08T02:07:21.286Z"}
{"level":"info","message":"Attempting to connect to MongoDB...","timestamp":"2026-03-08T02:07:21.328Z"}
{"level":"info","message":"✅ MongoDB connected successfully","timestamp":"2026-03-08T02:07:21.760Z"}
{"level":"info","message":"✅ MongoDB connected successfully","timestamp":"2026-03-08T02:07:21.768Z"}
{"level":"info","message":"📊 Database: project","timestamp":"2026-03-08T02:07:21.761Z"}
{"level":"info","message":"🌐 Host: cluster0-shard-00-00.7noqj.mongodb.net","timestamp":"2026-03-08T02:07:21.762Z"}
{"level":"info","message":"🔌 Port: 27017","timestamp":"2026-03-08T02:07:21.762Z"}
{"level":"info","message":"Creating database indexes...","timestamp":"2026-03-08T02:07:21.763Z"}
{"level":"info","message":"📊 Database: project","timestamp":"2026-03-08T02:07:21.769Z"}
{"level":"info","message":"🌐 Host: cluster0-shard-00-00.7noqj.mongodb.net","timestamp":"2026-03-08T02:07:21.769Z"}
{"level":"info","message":"🔌 Port: 27017","timestamp":"2026-03-08T02:07:21.769Z"}
{"level":"info","message":"Creating database indexes...","timestamp":"2026-03-08T02:07:21.769Z"}
{"level":"info","message":"✅ Indexes created for collection: users","timestamp":"2026-03-08T02:07:23.220Z"}
{"level":"info","message":"✅ Indexes created for collection: users","timestamp":"2026-03-08T02:07:23.242Z"}
{"level":"info","message":"✅ Indexes created for collection: departments","timestamp":"2026-03-08T02:07:23.359Z"}
{"level":"info","message":"✅ Indexes created for collection: departments","timestamp":"2026-03-08T02:07:23.385Z"}
{"level":"info","message":"✅ Indexes created for collection: programs","timestamp":"2026-03-08T02:07:23.447Z"}
{"level":"info","message":"✅ Indexes created for collection: programs","timestamp":"2026-03-08T02:07:23.504Z"}
{"level":"info","message":"✅ Indexes created for collection: courses","timestamp":"2026-03-08T02:07:23.509Z"}
{"level":"info","message":"✅ Indexes created for collection: courses","timestamp":"2026-03-08T02:07:23.567Z"}
{"level":"info","message":"✅ Indexes created for collection: assignments","timestamp":"2026-03-08T02:07:23.569Z"}
{"level":"info","message":"✅ Indexes created for collection: assignments","timestamp":"2026-03-08T02:07:23.627Z"}
{"level":"info","message":"✅ Indexes created for collection: submissions","timestamp":"2026-03-08T02:07:23.633Z"}
{"level":"info","message":"🎉 Database index optimization process completed","timestamp":"2026-03-08T02:07:23.633Z"}
{"level":"info","message":"✅ Indexes created for collection: submissions","timestamp":"2026-03-08T02:07:23.689Z"}
{"level":"info","message":"Attempting to connect to MongoDB...","timestamp":"2026-03-08T02:07:59.440Z"}
{"level":"info","message":"Attempting to connect to MongoDB...","timestamp":"2026-03-08T02:07:59.446Z"}
{"level":"info","message":"✅ MongoDB connected successfully","timestamp":"2026-03-08T02:07:59.886Z"}
{"level":"info","message":"✅ MongoDB connected successfully","timestamp":"2026-03-08T02:07:59.888Z"}
{"level":"info","message":"📊 Database: project","timestamp":"2026-03-08T02:07:59.886Z"}
{"level":"info","message":"🌐 Host: cluster0-shard-00-00.7noqj.mongodb.net","timestamp":"2026-03-08T02:07:59.886Z"}
{"level":"info","message":"🔌 Port: 27017","timestamp":"2026-03-08T02:07:59.886Z"}
{"level":"info","message":"Creating database indexes...","timestamp":"2026-03-08T02:07:59.887Z"}
{"level":"info","message":"📊 Database: project","timestamp":"2026-03-08T02:07:59.889Z"}
{"level":"info","message":"🌐 Host: cluster0-shard-00-00.7noqj.mongodb.net","timestamp":"2026-03-08T02:07:59.889Z"}
{"level":"info","message":"🔌 Port: 27017","timestamp":"2026-03-08T02:07:59.889Z"}
{"level":"info","message":"Creating database indexes...","timestamp":"2026-03-08T02:07:59.890Z"}
{"level":"info","message":"✅ Indexes created for collection: users","timestamp":"2026-03-08T02:08:01.298Z"}
{"level":"info","message":"✅ Indexes created for collection: users","timestamp":"2026-03-08T02:08:01.313Z"}
{"level":"info","message":"✅ Indexes created for collection: departments","timestamp":"2026-03-08T02:08:01.357Z"}
{"level":"info","message":"✅ Indexes created for collection: departments","timestamp":"2026-03-08T02:08:01.378Z"}
{"level":"info","message":"✅ Indexes created for collection: programs","timestamp":"2026-03-08T02:08:01.416Z"}
{"level":"info","message":"✅ Indexes created for collection: programs","timestamp":"2026-03-08T02:08:01.436Z"}
{"level":"info","message":"✅ Indexes created for collection: courses","timestamp":"2026-03-08T02:08:01.475Z"}
{"level":"info","message":"✅ Indexes created for collection: courses","timestamp":"2026-03-08T02:08:01.498Z"}
{"level":"info","message":"✅ Indexes created for collection: assignments","timestamp":"2026-03-08T02:08:01.536Z"}
{"level":"info","message":"✅ Indexes created for collection: assignments","timestamp":"2026-03-08T02:08:01.558Z"}
{"level":"info","message":"✅ Indexes created for collection: submissions","timestamp":"2026-03-08T02:08:01.596Z"}
{"level":"info","message":"🎉 Database index optimization process completed","timestamp":"2026-03-08T02:08:01.596Z"}
{"level":"info","message":"✅ Indexes created for collection: submissions","timestamp":"2026-03-08T02:08:01.618Z"}
{"level":"warn","message":"⚠️ MongoDB connection disconnected","timestamp":"2026-03-08T02:11:47.010Z"}
{"level":"info","message":"📡 MongoDB connection established","timestamp":"2026-03-08T02:11:51.038Z"}
{"level":"info","message":"🔄 MongoDB connection reconnected","timestamp":"2026-03-08T02:11:51.038Z"}
{"level":"info","message":"Attempting to connect to MongoDB...","timestamp":"2026-03-08T02:12:13.658Z"}
{"level":"info","message":"Attempting to connect to MongoDB...","timestamp":"2026-03-08T02:12:13.704Z"}
{"level":"info","message":"✅ MongoDB connected successfully","timestamp":"2026-03-08T02:12:14.059Z"}
{"level":"info","message":"📊 Database: project","timestamp":"2026-03-08T02:12:14.059Z"}
{"level":"info","message":"🌐 Host: cluster0-shard-00-00.7noqj.mongodb.net","timestamp":"2026-03-08T02:12:14.059Z"}
{"level":"info","message":"🔌 Port: 27017","timestamp":"2026-03-08T02:12:14.060Z"}
{"level":"info","message":"Creating database indexes...","timestamp":"2026-03-08T02:12:14.060Z"}
{"level":"info","message":"✅ MongoDB connected successfully","timestamp":"2026-03-08T02:12:14.090Z"}
{"level":"info","message":"📊 Database: project","timestamp":"2026-03-08T02:12:14.091Z"}
{"level":"info","message":"🌐 Host: cluster0-shard-00-00.7noqj.mongodb.net","timestamp":"2026-03-08T02:12:14.091Z"}
{"level":"info","message":"🔌 Port: 27017","timestamp":"2026-03-08T02:12:14.091Z"}
{"level":"info","message":"Creating database indexes...","timestamp":"2026-03-08T02:12:14.092Z"}
{"level":"info","message":"✅ Indexes created for collection: users","timestamp":"2026-03-08T02:12:15.382Z"}
{"level":"info","message":"✅ Indexes created for collection: users","timestamp":"2026-03-08T02:12:15.433Z"}
{"level":"info","message":"✅ Indexes created for collection: departments","timestamp":"2026-03-08T02:12:15.438Z"}
{"level":"info","message":"✅ Indexes created for collection: departments","timestamp":"2026-03-08T02:12:15.492Z"}
{"level":"info","message":"✅ Indexes created for collection: programs","timestamp":"2026-03-08T02:12:15.497Z"}
{"level":"info","message":"✅ Indexes created for collection: programs","timestamp":"2026-03-08T02:12:15.584Z"}
{"level":"info","message":"✅ Indexes created for collection: courses","timestamp":"2026-03-08T02:12:15.591Z"}
{"level":"info","message":"✅ Indexes created for collection: courses","timestamp":"2026-03-08T02:12:15.645Z"}
{"level":"info","message":"✅ Indexes created for collection: assignments","timestamp":"2026-03-08T02:12:15.650Z"}
{"level":"info","message":"✅ Indexes created for collection: assignments","timestamp":"2026-03-08T02:12:15.706Z"}
{"level":"info","message":"✅ Indexes created for collection: submissions","timestamp":"2026-03-08T02:12:15.714Z"}
{"level":"info","message":"🎉 Database index optimization process completed","timestamp":"2026-03-08T02:12:15.714Z"}
{"level":"info","message":"✅ Indexes created for collection: submissions","timestamp":"2026-03-08T02:12:15.767Z"}
{"level":"info","message":"Attempting to connect to MongoDB...","timestamp":"2026-03-08T02:13:40.810Z"}
{"level":"info","message":"Attempting to connect to MongoDB...","timestamp":"2026-03-08T02:13:41.010Z"}
{"level":"info","message":"✅ MongoDB connected successfully","timestamp":"2026-03-08T02:13:41.217Z"}
{"level":"info","message":"📊 Database: project","timestamp":"2026-03-08T02:13:41.217Z"}
{"level":"info","message":"🌐 Host: cluster0-shard-00-00.7noqj.mongodb.net","timestamp":"2026-03-08T02:13:41.217Z"}
{"level":"info","message":"🔌 Port: 27017","timestamp":"2026-03-08T02:13:41.218Z"}
{"level":"info","message":"Creating database indexes...","timestamp":"2026-03-08T02:13:41.219Z"}
{"level":"info","message":"✅ MongoDB connected successfully","timestamp":"2026-03-08T02:13:41.381Z"}
{"level":"info","message":"📊 Database: project","timestamp":"2026-03-08T02:13:41.381Z"}
{"level":"info","message":"🌐 Host: cluster0-shard-00-00.7noqj.mongodb.net","timestamp":"2026-03-08T02:13:41.381Z"}
{"level":"info","message":"🔌 Port: 27017","timestamp":"2026-03-08T02:13:41.381Z"}
{"level":"info","message":"Creating database indexes...","timestamp":"2026-03-08T02:13:41.381Z"}
{"level":"info","message":"✅ Indexes created for collection: users","timestamp":"2026-03-08T02:13:42.569Z"}
{"level":"info","message":"✅ Indexes created for collection: departments","timestamp":"2026-03-08T02:13:42.648Z"}
{"level":"info","message":"✅ Indexes created for collection: programs","timestamp":"2026-03-08T02:13:42.714Z"}
{"level":"info","message":"✅ Indexes created for collection: users","timestamp":"2026-03-08T02:13:42.741Z"}
{"level":"info","message":"✅ Indexes created for collection: courses","timestamp":"2026-03-08T02:13:42.772Z"}
{"level":"info","message":"✅ Indexes created for collection: departments","timestamp":"2026-03-08T02:13:42.796Z"}
{"level":"info","message":"✅ Indexes created for collection: assignments","timestamp":"2026-03-08T02:13:42.830Z"}
{"level":"info","message":"✅ Indexes created for collection: programs","timestamp":"2026-03-08T02:13:42.852Z"}
{"level":"info","message":"✅ Indexes created for collection: submissions","timestamp":"2026-03-08T02:13:42.889Z"}
{"level":"info","message":"🎉 Database index optimization process completed","timestamp":"2026-03-08T02:13:42.889Z"}
{"level":"info","message":"✅ Indexes created for collection: courses","timestamp":"2026-03-08T02:13:42.908Z"}
{"level":"info","message":"✅ Indexes created for collection: assignments","timestamp":"2026-03-08T02:13:42.965Z"}
{"level":"info","message":"✅ Indexes created for collection: submissions","timestamp":"2026-03-08T02:13:43.024Z"}
{"level":"info","message":"Attempting to connect to MongoDB...","timestamp":"2026-03-08T02:18:02.894Z"}
{"level":"info","message":"Attempting to connect to MongoDB...","timestamp":"2026-03-08T02:18:02.996Z"}
{"level":"info","message":"✅ MongoDB connected successfully","timestamp":"2026-03-08T02:18:03.444Z"}
{"level":"info","message":"📊 Database: project","timestamp":"2026-03-08T02:18:03.451Z"}
{"level":"info","message":"🌐 Host: cluster0-shard-00-00.7noqj.mongodb.net","timestamp":"2026-03-08T02:18:03.452Z"}
{"level":"info","message":"🔌 Port: 27017","timestamp":"2026-03-08T02:18:03.453Z"}
{"level":"info","message":"Creating database indexes...","timestamp":"2026-03-08T02:18:03.459Z"}
{"level":"info","message":"✅ MongoDB connected successfully","timestamp":"2026-03-08T02:18:03.548Z"}
{"level":"info","message":"📊 Database: project","timestamp":"2026-03-08T02:18:03.549Z"}
{"level":"info","message":"🌐 Host: cluster0-shard-00-00.7noqj.mongodb.net","timestamp":"2026-03-08T02:18:03.549Z"}
{"level":"info","message":"🔌 Port: 27017","timestamp":"2026-03-08T02:18:03.555Z"}
{"level":"info","message":"Creating database indexes...","timestamp":"2026-03-08T02:18:03.558Z"}
{"level":"info","message":"✅ Indexes created for collection: users","timestamp":"2026-03-08T02:18:04.675Z"}
{"level":"info","message":"✅ Indexes created for collection: departments","timestamp":"2026-03-08T02:18:04.744Z"}
{"level":"info","message":"✅ Indexes created for collection: users","timestamp":"2026-03-08T02:18:04.757Z"}
{"level":"info","message":"✅ Indexes created for collection: programs","timestamp":"2026-03-08T02:18:04.809Z"}
{"level":"info","message":"✅ Indexes created for collection: departments","timestamp":"2026-03-08T02:18:04.815Z"}
{"level":"info","message":"✅ Indexes created for collection: courses","timestamp":"2026-03-08T02:18:04.866Z"}
{"level":"info","message":"✅ Indexes created for collection: programs","timestamp":"2026-03-08T02:18:04.872Z"}
{"level":"info","message":"✅ Indexes created for collection: courses","timestamp":"2026-03-08T02:18:04.943Z"}
{"level":"info","message":"✅ Indexes created for collection: assignments","timestamp":"2026-03-08T02:18:04.951Z"}
{"level":"info","message":"✅ Indexes created for collection: assignments","timestamp":"2026-03-08T02:18:05.455Z"}
{"level":"info","message":"✅ Indexes created for collection: submissions","timestamp":"2026-03-08T02:18:05.462Z"}
{"level":"info","message":"🎉 Database index optimization process completed","timestamp":"2026-03-08T02:18:05.463Z"}
{"level":"info","message":"✅ Indexes created for collection: submissions","timestamp":"2026-03-08T02:18:05.512Z"}
{"level":"info","message":"Attempting to connect to MongoDB...","timestamp":"2026-03-08T02:18:34.616Z"}
{"level":"info","message":"Attempting to connect to MongoDB...","timestamp":"2026-03-08T02:18:34.897Z"}
{"level":"info","message":"✅ MongoDB connected successfully","timestamp":"2026-03-08T02:18:35.088Z"}
{"level":"info","message":"📊 Database: project","timestamp":"2026-03-08T02:18:35.088Z"}
{"level":"info","message":"🌐 Host: cluster0-shard-00-00.7noqj.mongodb.net","timestamp":"2026-03-08T02:18:35.089Z"}
{"level":"info","message":"🔌 Port: 27017","timestamp":"2026-03-08T02:18:35.091Z"}
{"level":"info","message":"Creating database indexes...","timestamp":"2026-03-08T02:18:35.092Z"}
{"level":"info","message":"✅ MongoDB connected successfully","timestamp":"2026-03-08T02:18:35.364Z"}
{"level":"info","message":"📊 Database: project","timestamp":"2026-03-08T02:18:35.365Z"}
{"level":"info","message":"🌐 Host: cluster0-shard-00-00.7noqj.mongodb.net","timestamp":"2026-03-08T02:18:35.366Z"}
{"level":"info","message":"🔌 Port: 27017","timestamp":"2026-03-08T02:18:35.368Z"}
{"level":"info","message":"Creating database indexes...","timestamp":"2026-03-08T02:18:35.372Z"}
{"level":"info","message":"✅ Indexes created for collection: users","timestamp":"2026-03-08T02:18:36.398Z"}
{"level":"info","message":"✅ Indexes created for collection: departments","timestamp":"2026-03-08T02:18:36.481Z"}
{"level":"info","message":"✅ Indexes created for collection: programs","timestamp":"2026-03-08T02:18:36.542Z"}
{"level":"info","message":"✅ Indexes created for collection: courses","timestamp":"2026-03-08T02:18:36.612Z"}
{"level":"info","message":"✅ Indexes created for collection: assignments","timestamp":"2026-03-08T02:18:36.691Z"}
{"level":"info","message":"✅ Indexes created for collection: users","timestamp":"2026-03-08T02:18:36.751Z"}
{"level":"info","message":"✅ Indexes created for collection: submissions","timestamp":"2026-03-08T02:18:36.752Z"}
{"level":"info","message":"🎉 Database index optimization process completed","timestamp":"2026-03-08T02:18:36.753Z"}
{"level":"info","message":"✅ Indexes created for collection: departments","timestamp":"2026-03-08T02:18:36.819Z"}
{"level":"info","message":"✅ Indexes created for collection: programs","timestamp":"2026-03-08T02:18:36.888Z"}
{"level":"info","message":"✅ Indexes created for collection: courses","timestamp":"2026-03-08T02:18:36.948Z"}
{"level":"info","message":"✅ Indexes created for collection: assignments","timestamp":"2026-03-08T02:18:37.006Z"}
{"level":"info","message":"✅ Indexes created for collection: submissions","timestamp":"2026-03-08T02:18:37.065Z"}
{"level":"info","message":"Attempting to connect to MongoDB...","timestamp":"2026-03-08T02:20:44.302Z"}
{"level":"info","message":"Attempting to connect to MongoDB...","timestamp":"2026-03-08T02:20:44.394Z"}
{"level":"info","message":"✅ MongoDB connected successfully","timestamp":"2026-03-08T02:20:44.867Z"}
{"level":"info","message":"📊 Database: project","timestamp":"2026-03-08T02:20:44.868Z"}
{"level":"info","message":"🌐 Host: cluster0-shard-00-00.7noqj.mongodb.net","timestamp":"2026-03-08T02:20:44.868Z"}
{"level":"info","message":"🔌 Port: 27017","timestamp":"2026-03-08T02:20:44.869Z"}
{"level":"info","message":"Creating database indexes...","timestamp":"2026-03-08T02:20:44.882Z"}
{"level":"info","message":"✅ MongoDB connected successfully","timestamp":"2026-03-08T02:20:45.100Z"}
{"level":"info","message":"📊 Database: project","timestamp":"2026-03-08T02:20:45.105Z"}
{"level":"info","message":"🌐 Host: cluster0-shard-00-00.7noqj.mongodb.net","timestamp":"2026-03-08T02:20:45.105Z"}
{"level":"info","message":"🔌 Port: 27017","timestamp":"2026-03-08T02:20:45.108Z"}
{"level":"info","message":"Creating database indexes...","timestamp":"2026-03-08T02:20:45.108Z"}
{"level":"info","message":"✅ Indexes created for collection: users","timestamp":"2026-03-08T02:20:46.300Z"}
{"level":"info","message":"✅ Indexes created for collection: departments","timestamp":"2026-03-08T02:20:46.366Z"}
{"level":"info","message":"✅ Indexes created for collection: programs","timestamp":"2026-03-08T02:20:46.427Z"}
{"level":"info","message":"✅ Indexes created for collection: users","timestamp":"2026-03-08T02:20:46.439Z"}
{"level":"info","message":"✅ Indexes created for collection: courses","timestamp":"2026-03-08T02:20:46.484Z"}
{"level":"info","message":"✅ Indexes created for collection: departments","timestamp":"2026-03-08T02:20:46.497Z"}
{"level":"info","message":"✅ Indexes created for collection: assignments","timestamp":"2026-03-08T02:20:46.545Z"}
{"level":"info","message":"✅ Indexes created for collection: programs","timestamp":"2026-03-08T02:20:46.558Z"}
{"level":"info","message":"✅ Indexes created for collection: submissions","timestamp":"2026-03-08T02:20:46.609Z"}
{"level":"info","message":"✅ Indexes created for collection: courses","timestamp":"2026-03-08T02:20:46.615Z"}
{"level":"info","message":"🎉 Database index optimization process completed","timestamp":"2026-03-08T02:20:46.609Z"}
{"level":"info","message":"✅ Indexes created for collection: assignments","timestamp":"2026-03-08T02:20:46.673Z"}
{"level":"info","message":"✅ Indexes created for collection: submissions","timestamp":"2026-03-08T02:20:46.729Z"}
{"level":"info","message":"Attempting to connect to MongoDB...","timestamp":"2026-03-08T02:20:52.766Z"}
{"level":"info","message":"Attempting to connect to MongoDB...","timestamp":"2026-03-08T02:20:53.134Z"}
{"level":"info","message":"✅ MongoDB connected successfully","timestamp":"2026-03-08T02:20:53.212Z"}
{"level":"info","message":"📊 Database: project","timestamp":"2026-03-08T02:20:53.213Z"}
{"level":"info","message":"🌐 Host: cluster0-shard-00-00.7noqj.mongodb.net","timestamp":"2026-03-08T02:20:53.213Z"}
{"level":"info","message":"🔌 Port: 27017","timestamp":"2026-03-08T02:20:53.213Z"}
{"level":"info","message":"Creating database indexes...","timestamp":"2026-03-08T02:20:53.213Z"}
{"level":"info","message":"✅ MongoDB connected successfully","timestamp":"2026-03-08T02:20:53.532Z"}
{"level":"info","message":"📊 Database: project","timestamp":"2026-03-08T02:20:53.532Z"}
{"level":"info","message":"🌐 Host: cluster0-shard-00-00.7noqj.mongodb.net","timestamp":"2026-03-08T02:20:53.532Z"}
{"level":"info","message":"🔌 Port: 27017","timestamp":"2026-03-08T02:20:53.532Z"}
{"level":"info","message":"Creating database indexes...","timestamp":"2026-03-08T02:20:53.533Z"}
{"level":"info","message":"✅ Indexes created for collection: users","timestamp":"2026-03-08T02:20:54.523Z"}
{"level":"info","message":"✅ Indexes created for collection: departments","timestamp":"2026-03-08T02:20:54.584Z"}
{"level":"info","message":"✅ Indexes created for collection: programs","timestamp":"2026-03-08T02:20:54.647Z"}
{"level":"info","message":"✅ Indexes created for collection: courses","timestamp":"2026-03-08T02:20:54.708Z"}
{"level":"info","message":"✅ Indexes created for collection: assignments","timestamp":"2026-03-08T02:20:54.780Z"}
{"level":"info","message":"✅ Indexes created for collection: submissions","timestamp":"2026-03-08T02:20:54.848Z"}
{"level":"info","message":"🎉 Database index optimization process completed","timestamp":"2026-03-08T02:20:54.849Z"}
{"level":"info","message":"✅ Indexes created for collection: users","timestamp":"2026-03-08T02:20:54.922Z"}
{"level":"info","message":"✅ Indexes created for collection: departments","timestamp":"2026-03-08T02:20:54.985Z"}
{"level":"info","message":"✅ Indexes created for collection: programs","timestamp":"2026-03-08T02:20:55.052Z"}
{"level":"info","message":"✅ Indexes created for collection: courses","timestamp":"2026-03-08T02:20:55.113Z"}
{"level":"info","message":"✅ Indexes created for collection: assignments","timestamp":"2026-03-08T02:20:55.171Z"}
{"level":"info","message":"✅ Indexes created for collection: submissions","timestamp":"2026-03-08T02:20:55.232Z"}
{"level":"info","message":"Attempting to connect to MongoDB...","timestamp":"2026-03-08T02:21:25.426Z"}
{"level":"info","message":"Attempting to connect to MongoDB...","timestamp":"2026-03-08T02:21:25.523Z"}
{"level":"info","message":"✅ MongoDB connected successfully","timestamp":"2026-03-08T02:21:25.843Z"}
{"level":"info","message":"📊 Database: project","timestamp":"2026-03-08T02:21:25.846Z"}
{"level":"info","message":"🌐 Host: cluster0-shard-00-00.7noqj.mongodb.net","timestamp":"2026-03-08T02:21:25.847Z"}
{"level":"info","message":"🔌 Port: 27017","timestamp":"2026-03-08T02:21:25.848Z"}
{"level":"info","message":"Creating database indexes...","timestamp":"2026-03-08T02:21:25.848Z"}
{"level":"info","message":"✅ MongoDB connected successfully","timestamp":"2026-03-08T02:21:25.973Z"}
{"level":"info","message":"📊 Database: project","timestamp":"2026-03-08T02:21:25.973Z"}
{"level":"info","message":"🌐 Host: cluster0-shard-00-00.7noqj.mongodb.net","timestamp":"2026-03-08T02:21:25.974Z"}
{"level":"info","message":"🔌 Port: 27017","timestamp":"2026-03-08T02:21:25.974Z"}
{"level":"info","message":"Creating database indexes...","timestamp":"2026-03-08T02:21:25.975Z"}
{"level":"info","message":"✅ Indexes created for collection: users","timestamp":"2026-03-08T02:21:27.320Z"}
{"level":"info","message":"✅ Indexes created for collection: users","timestamp":"2026-03-08T02:21:27.373Z"}
{"level":"info","message":"✅ Indexes created for collection: departments","timestamp":"2026-03-08T02:21:27.410Z"}
{"level":"info","message":"✅ Indexes created for collection: departments","timestamp":"2026-03-08T02:21:27.433Z"}
{"level":"info","message":"✅ Indexes created for collection: programs","timestamp":"2026-03-08T02:21:27.466Z"}
{"level":"info","message":"✅ Indexes created for collection: programs","timestamp":"2026-03-08T02:21:27.503Z"}
{"level":"info","message":"✅ Indexes created for collection: courses","timestamp":"2026-03-08T02:21:27.523Z"}
{"level":"info","message":"✅ Indexes created for collection: courses","timestamp":"2026-03-08T02:21:27.568Z"}
{"level":"info","message":"✅ Indexes created for collection: assignments","timestamp":"2026-03-08T02:21:27.582Z"}
{"level":"info","message":"✅ Indexes created for collection: assignments","timestamp":"2026-03-08T02:21:27.631Z"}
{"level":"info","message":"✅ Indexes created for collection: submissions","timestamp":"2026-03-08T02:21:27.639Z"}
{"level":"info","message":"🎉 Database index optimization process completed","timestamp":"2026-03-08T02:21:27.639Z"}
{"level":"info","message":"✅ Indexes created for collection: submissions","timestamp":"2026-03-08T02:21:27.696Z"}
{"level":"info","message":"Attempting to connect to MongoDB...","timestamp":"2026-03-08T13:16:50.922Z"}
{"level":"info","message":"✅ MongoDB connected successfully","timestamp":"2026-03-08T13:16:51.431Z"}
{"level":"info","message":"📊 Database: project","timestamp":"2026-03-08T13:16:51.432Z"}
{"level":"info","message":"🌐 Host: cluster0-shard-00-00.7noqj.mongodb.net","timestamp":"2026-03-08T13:16:51.432Z"}
{"level":"info","message":"🔌 Port: 27017","timestamp":"2026-03-08T13:16:51.432Z"}
{"level":"info","message":"Creating database indexes...","timestamp":"2026-03-08T13:16:51.433Z"}
{"level":"info","message":"✅ Indexes created for collection: users","timestamp":"2026-03-08T13:16:52.319Z"}
{"level":"info","message":"✅ Indexes created for collection: departments","timestamp":"2026-03-08T13:16:52.390Z"}
{"level":"info","message":"✅ Indexes created for collection: programs","timestamp":"2026-03-08T13:16:52.474Z"}
{"level":"info","message":"✅ Indexes created for collection: courses","timestamp":"2026-03-08T13:16:52.545Z"}
{"level":"info","message":"✅ Indexes created for collection: assignments","timestamp":"2026-03-08T13:16:52.613Z"}
{"level":"info","message":"✅ Indexes created for collection: submissions","timestamp":"2026-03-08T13:16:52.680Z"}
{"level":"info","message":"🎉 Database index optimization process completed","timestamp":"2026-03-08T13:16:52.681Z"}
{"level":"info","message":"Attempting to connect to MongoDB...","timestamp":"2026-03-08T13:21:45.475Z"}
{"level":"info","message":"✅ MongoDB connected successfully","timestamp":"2026-03-08T13:21:45.936Z"}
{"level":"info","message":"📊 Database: project","timestamp":"2026-03-08T13:21:45.936Z"}
{"level":"info","message":"🌐 Host: cluster0-shard-00-00.7noqj.mongodb.net","timestamp":"2026-03-08T13:21:45.937Z"}
{"level":"info","message":"🔌 Port: 27017","timestamp":"2026-03-08T13:21:45.937Z"}
{"level":"info","message":"Creating database indexes...","timestamp":"2026-03-08T13:21:45.939Z"}
{"level":"info","message":"✅ Indexes created for collection: users","timestamp":"2026-03-08T13:21:46.826Z"}
{"level":"info","message":"✅ Indexes created for collection: departments","timestamp":"2026-03-08T13:21:46.899Z"}
{"level":"info","message":"✅ Indexes created for collection: programs","timestamp":"2026-03-08T13:21:46.970Z"}
{"level":"info","message":"✅ Indexes created for collection: courses","timestamp":"2026-03-08T13:21:47.038Z"}
{"level":"info","message":"✅ Indexes created for collection: assignments","timestamp":"2026-03-08T13:21:47.108Z"}
{"level":"info","message":"✅ Indexes created for collection: submissions","timestamp":"2026-03-08T13:21:47.178Z"}
{"level":"info","message":"🎉 Database index optimization process completed","timestamp":"2026-03-08T13:21:47.178Z"}
{"level":"warn","message":"⚠️ MongoDB connection disconnected","timestamp":"2026-03-08T13:23:39.489Z"}
{"level":"info","message":"📡 MongoDB connection established","timestamp":"2026-03-08T13:23:41.349Z"}
{"level":"info","message":"🔄 MongoDB connection reconnected","timestamp":"2026-03-08T13:23:41.349Z"}
{"level":"warn","message":"⚠️ MongoDB connection disconnected","timestamp":"2026-03-08T13:30:51.225Z"}
{"level":"info","message":"📡 MongoDB connection established","timestamp":"2026-03-08T14:08:45.018Z"}
{"level":"info","message":"🔄 MongoDB connection reconnected","timestamp":"2026-03-08T14:08:45.020Z"}
{"level":"info","message":"Attempting to connect to MongoDB...","timestamp":"2026-03-08T14:09:14.688Z"}
{"level":"info","message":"✅ MongoDB connected successfully","timestamp":"2026-03-08T14:09:15.076Z"}
{"level":"info","message":"📊 Database: project","timestamp":"2026-03-08T14:09:15.077Z"}
{"level":"info","message":"🌐 Host: cluster0-shard-00-00.7noqj.mongodb.net","timestamp":"2026-03-08T14:09:15.077Z"}
{"level":"info","message":"🔌 Port: 27017","timestamp":"2026-03-08T14:09:15.077Z"}
{"level":"info","message":"Creating database indexes...","timestamp":"2026-03-08T14:09:15.077Z"}
{"level":"info","message":"✅ Indexes created for collection: users","timestamp":"2026-03-08T14:09:15.926Z"}
{"level":"info","message":"✅ Indexes created for collection: departments","timestamp":"2026-03-08T14:09:15.982Z"}
{"level":"info","message":"✅ Indexes created for collection: programs","timestamp":"2026-03-08T14:09:16.039Z"}
{"level":"info","message":"✅ Indexes created for collection: courses","timestamp":"2026-03-08T14:09:16.097Z"}
{"level":"info","message":"✅ Indexes created for collection: assignments","timestamp":"2026-03-08T14:09:16.156Z"}
{"level":"info","message":"✅ Indexes created for collection: submissions","timestamp":"2026-03-08T14:09:16.213Z"}
{"level":"info","message":"🎉 Database index optimization process completed","timestamp":"2026-03-08T14:09:16.214Z"}
{"level":"info","message":"Attempting to connect to MongoDB...","timestamp":"2026-03-09T19:08:39.365Z"}
{"level":"info","message":"✅ MongoDB connected successfully","timestamp":"2026-03-09T19:08:39.803Z"}
{"level":"info","message":"📊 Database: project","timestamp":"2026-03-09T19:08:39.803Z"}
{"level":"info","message":"🌐 Host: cluster0-shard-00-00.7noqj.mongodb.net","timestamp":"2026-03-09T19:08:39.803Z"}
{"level":"info","message":"🔌 Port: 27017","timestamp":"2026-03-09T19:08:39.803Z"}
{"level":"info","message":"Creating database indexes...","timestamp":"2026-03-09T19:08:39.804Z"}
{"level":"info","message":"✅ Indexes created for collection: users","timestamp":"2026-03-09T19:08:40.533Z"}
{"level":"info","message":"✅ Indexes created for collection: departments","timestamp":"2026-03-09T19:08:40.588Z"}
{"level":"info","message":"✅ Indexes created for collection: programs","timestamp":"2026-03-09T19:08:40.643Z"}
{"level":"info","message":"✅ Indexes created for collection: courses","timestamp":"2026-03-09T19:08:40.699Z"}
{"level":"info","message":"✅ Indexes created for collection: assignments","timestamp":"2026-03-09T19:08:40.758Z"}
{"level":"info","message":"✅ Indexes created for collection: submissions","timestamp":"2026-03-09T19:08:40.815Z"}
{"level":"info","message":"🎉 Database index optimization process completed","timestamp":"2026-03-09T19:08:40.815Z"}
{"level":"warn","message":"⚠️ MongoDB connection disconnected","timestamp":"2026-03-09T19:16:09.848Z"}
{"level":"info","message":"📡 MongoDB connection established","timestamp":"2026-03-09T19:16:12.756Z"}
{"level":"info","message":"🔄 MongoDB connection reconnected","timestamp":"2026-03-09T19:16:12.757Z"}
{"level":"info","message":"Attempting to connect to MongoDB...","timestamp":"2026-03-09T19:18:52.830Z"}
{"level":"info","message":"✅ MongoDB connected successfully","timestamp":"2026-03-09T19:18:53.285Z"}
{"level":"info","message":"📊 Database: project","timestamp":"2026-03-09T19:18:53.285Z"}
{"level":"info","message":"🌐 Host: cluster0-shard-00-00.7noqj.mongodb.net","timestamp":"2026-03-09T19:18:53.285Z"}
{"level":"info","message":"🔌 Port: 27017","timestamp":"2026-03-09T19:18:53.285Z"}
{"level":"info","message":"Creating database indexes...","timestamp":"2026-03-09T19:18:53.286Z"}
{"level":"info","message":"✅ Indexes created for collection: users","timestamp":"2026-03-09T19:18:54.075Z"}
{"level":"info","message":"✅ Indexes created for collection: departments","timestamp":"2026-03-09T19:18:54.141Z"}
{"level":"info","message":"✅ Indexes created for collection: programs","timestamp":"2026-03-09T19:18:54.200Z"}
{"level":"info","message":"✅ Indexes created for collection: courses","timestamp":"2026-03-09T19:18:54.261Z"}
{"level":"info","message":"✅ Indexes created for collection: assignments","timestamp":"2026-03-09T19:18:54.320Z"}
{"level":"info","message":"✅ Indexes created for collection: submissions","timestamp":"2026-03-09T19:18:54.378Z"}
{"level":"info","message":"🎉 Database index optimization process completed","timestamp":"2026-03-09T19:18:54.379Z"}
{"level":"info","message":"Attempting to connect to MongoDB...","timestamp":"2026-03-09T19:19:03.942Z"}
{"level":"info","message":"✅ MongoDB connected successfully","timestamp":"2026-03-09T19:19:04.310Z"}
{"level":"info","message":"📊 Database: project","timestamp":"2026-03-09T19:19:04.311Z"}
{"level":"info","message":"🌐 Host: cluster0-shard-00-00.7noqj.mongodb.net","timestamp":"2026-03-09T19:19:04.311Z"}
{"level":"info","message":"🔌 Port: 27017","timestamp":"2026-03-09T19:19:04.311Z"}
{"level":"info","message":"Creating database indexes...","timestamp":"2026-03-09T19:19:04.311Z"}
{"level":"info","message":"✅ Indexes created for collection: users","timestamp":"2026-03-09T19:19:05.039Z"}
{"level":"info","message":"✅ Indexes created for collection: departments","timestamp":"2026-03-09T19:19:05.116Z"}
{"level":"info","message":"✅ Indexes created for collection: programs","timestamp":"2026-03-09T19:19:05.175Z"}
{"level":"info","message":"✅ Indexes created for collection: courses","timestamp":"2026-03-09T19:19:05.232Z"}
{"level":"info","message":"✅ Indexes created for collection: assignments","timestamp":"2026-03-09T19:19:05.291Z"}
{"level":"info","message":"✅ Indexes created for collection: submissions","timestamp":"2026-03-09T19:19:05.348Z"}
{"level":"info","message":"🎉 Database index optimization process completed","timestamp":"2026-03-09T19:19:05.348Z"}
{"level":"info","message":"Attempting to connect to MongoDB...","timestamp":"2026-03-09T19:19:18.541Z"}
{"level":"info","message":"✅ MongoDB connected successfully","timestamp":"2026-03-09T19:19:18.935Z"}
{"level":"info","message":"📊 Database: project","timestamp":"2026-03-09T19:19:18.935Z"}
{"level":"info","message":"🌐 Host: cluster0-shard-00-00.7noqj.mongodb.net","timestamp":"2026-03-09T19:19:18.935Z"}
{"level":"info","message":"🔌 Port: 27017","timestamp":"2026-03-09T19:19:18.936Z"}
{"level":"info","message":"Creating database indexes...","timestamp":"2026-03-09T19:19:18.936Z"}
{"level":"info","message":"✅ Indexes created for collection: users","timestamp":"2026-03-09T19:19:19.641Z"}
{"level":"info","message":"✅ Indexes created for collection: departments","timestamp":"2026-03-09T19:19:19.695Z"}
{"level":"info","message":"✅ Indexes created for collection: programs","timestamp":"2026-03-09T19:19:19.758Z"}
{"level":"info","message":"✅ Indexes created for collection: courses","timestamp":"2026-03-09T19:19:19.813Z"}
{"level":"info","message":"✅ Indexes created for collection: assignments","timestamp":"2026-03-09T19:19:19.868Z"}
{"level":"info","message":"✅ Indexes created for collection: submissions","timestamp":"2026-03-09T19:19:19.925Z"}
{"level":"info","message":"🎉 Database index optimization process completed","timestamp":"2026-03-09T19:19:19.925Z"}
{"level":"info","message":"Attempting to connect to MongoDB...","timestamp":"2026-03-09T19:19:29.592Z"}
{"level":"info","message":"✅ MongoDB connected successfully","timestamp":"2026-03-09T19:19:30.013Z"}
{"level":"info","message":"📊 Database: project","timestamp":"2026-03-09T19:19:30.013Z"}
{"level":"info","message":"🌐 Host: cluster0-shard-00-00.7noqj.mongodb.net","timestamp":"2026-03-09T19:19:30.014Z"}
{"level":"info","message":"🔌 Port: 27017","timestamp":"2026-03-09T19:19:30.014Z"}
{"level":"info","message":"Creating database indexes...","timestamp":"2026-03-09T19:19:30.014Z"}
{"level":"info","message":"✅ Indexes created for collection: users","timestamp":"2026-03-09T19:19:30.782Z"}
{"level":"info","message":"✅ Indexes created for collection: departments","timestamp":"2026-03-09T19:19:30.848Z"}
{"level":"info","message":"✅ Indexes created for collection: programs","timestamp":"2026-03-09T19:19:30.905Z"}
{"level":"info","message":"✅ Indexes created for collection: courses","timestamp":"2026-03-09T19:19:30.960Z"}
{"level":"info","message":"✅ Indexes created for collection: assignments","timestamp":"2026-03-09T19:19:31.019Z"}
{"level":"info","message":"✅ Indexes created for collection: submissions","timestamp":"2026-03-09T19:19:31.074Z"}
{"level":"info","message":"🎉 Database index optimization process completed","timestamp":"2026-03-09T19:19:31.074Z"}
{"level":"info","message":"Attempting to connect to MongoDB...","timestamp":"2026-03-09T19:19:38.766Z"}
{"level":"info","message":"✅ MongoDB connected successfully","timestamp":"2026-03-09T19:19:39.143Z"}
{"level":"info","message":"📊 Database: project","timestamp":"2026-03-09T19:19:39.144Z"}
{"level":"info","message":"🌐 Host: cluster0-shard-00-00.7noqj.mongodb.net","timestamp":"2026-03-09T19:19:39.144Z"}
{"level":"info","message":"🔌 Port: 27017","timestamp":"2026-03-09T19:19:39.144Z"}
{"level":"info","message":"Creating database indexes...","timestamp":"2026-03-09T19:19:39.144Z"}
{"level":"info","message":"✅ Indexes created for collection: users","timestamp":"2026-03-09T19:19:39.871Z"}
{"level":"info","message":"✅ Indexes created for collection: departments","timestamp":"2026-03-09T19:19:39.926Z"}
{"level":"info","message":"✅ Indexes created for collection: programs","timestamp":"2026-03-09T19:19:39.981Z"}
{"level":"info","message":"✅ Indexes created for collection: courses","timestamp":"2026-03-09T19:19:40.036Z"}
{"level":"info","message":"✅ Indexes created for collection: assignments","timestamp":"2026-03-09T19:19:40.093Z"}
{"level":"info","message":"✅ Indexes created for collection: submissions","timestamp":"2026-03-09T19:19:40.148Z"}
{"level":"info","message":"🎉 Database index optimization process completed","timestamp":"2026-03-09T19:19:40.148Z"}
{"level":"info","message":"Attempting to connect to MongoDB...","timestamp":"2026-03-09T19:20:41.435Z"}
{"level":"info","message":"✅ MongoDB connected successfully","timestamp":"2026-03-09T19:20:41.851Z"}
{"level":"info","message":"📊 Database: project","timestamp":"2026-03-09T19:20:41.851Z"}
{"level":"info","message":"🌐 Host: cluster0-shard-00-00.7noqj.mongodb.net","timestamp":"2026-03-09T19:20:41.851Z"}
{"level":"info","message":"🔌 Port: 27017","timestamp":"2026-03-09T19:20:41.851Z"}
{"level":"info","message":"Creating database indexes...","timestamp":"2026-03-09T19:20:41.852Z"}
{"level":"info","message":"✅ Indexes created for collection: users","timestamp":"2026-03-09T19:20:42.599Z"}
{"level":"info","message":"✅ Indexes created for collection: departments","timestamp":"2026-03-09T19:20:42.656Z"}
{"level":"info","message":"✅ Indexes created for collection: programs","timestamp":"2026-03-09T19:20:42.714Z"}
{"level":"info","message":"✅ Indexes created for collection: courses","timestamp":"2026-03-09T19:20:42.774Z"}
{"level":"info","message":"✅ Indexes created for collection: assignments","timestamp":"2026-03-09T19:20:42.832Z"}
{"level":"info","message":"✅ Indexes created for collection: submissions","timestamp":"2026-03-09T19:20:42.890Z"}
{"level":"info","message":"Attempting to connect to MongoDB...","timestamp":"2026-03-09T19:22:02.251Z"}
{"level":"info","message":"✅ MongoDB connected successfully","timestamp":"2026-03-09T19:22:02.710Z"}
{"level":"info","message":"📊 Database: project","timestamp":"2026-03-09T19:22:02.710Z"}
{"level":"info","message":"🌐 Host: cluster0-shard-00-00.7noqj.mongodb.net","timestamp":"2026-03-09T19:22:02.711Z"}
{"level":"info","message":"🔌 Port: 27017","timestamp":"2026-03-09T19:22:02.711Z"}
{"level":"info","message":"Creating database indexes...","timestamp":"2026-03-09T19:22:02.712Z"}
{"level":"info","message":"✅ Indexes created for collection: users","timestamp":"2026-03-09T19:22:03.456Z"}
{"level":"info","message":"✅ Indexes created for collection: departments","timestamp":"2026-03-09T19:22:03.513Z"}
{"level":"info","message":"✅ Indexes created for collection: programs","timestamp":"2026-03-09T19:22:03.573Z"}
{"level":"info","message":"✅ Indexes created for collection: courses","timestamp":"2026-03-09T19:22:03.630Z"}
{"level":"info","message":"✅ Indexes created for collection: assignments","timestamp":"2026-03-09T19:22:03.693Z"}
{"level":"info","message":"✅ Indexes created for collection: submissions","timestamp":"2026-03-09T19:22:03.754Z"}
{"level":"info","message":"🎉 Database index optimization process completed","timestamp":"2026-03-09T19:22:03.755Z"}
{"level":"info","message":"Attempting to connect to MongoDB...","timestamp":"2026-03-09T19:23:09.515Z"}
{"level":"info","message":"✅ MongoDB connected successfully","timestamp":"2026-03-09T19:23:09.949Z"}
{"level":"info","message":"📊 Database: project","timestamp":"2026-03-09T19:23:09.949Z"}
{"level":"info","message":"🌐 Host: cluster0-shard-00-00.7noqj.mongodb.net","timestamp":"2026-03-09T19:23:09.950Z"}
{"level":"info","message":"🔌 Port: 27017","timestamp":"2026-03-09T19:23:09.950Z"}
{"level":"info","message":"Creating database indexes...","timestamp":"2026-03-09T19:23:09.950Z"}
{"level":"info","message":"✅ Indexes created for collection: users","timestamp":"2026-03-09T19:23:10.702Z"}
{"level":"info","message":"✅ Indexes created for collection: departments","timestamp":"2026-03-09T19:23:10.761Z"}
{"level":"info","message":"✅ Indexes created for collection: programs","timestamp":"2026-03-09T19:23:10.830Z"}
{"level":"info","message":"✅ Indexes created for collection: courses","timestamp":"2026-03-09T19:23:10.888Z"}
{"level":"info","message":"✅ Indexes created for collection: assignments","timestamp":"2026-03-09T19:23:10.947Z"}
{"level":"info","message":"✅ Indexes created for collection: submissions","timestamp":"2026-03-09T19:23:11.006Z"}
{"level":"info","message":"🎉 Database index optimization process completed","timestamp":"2026-03-09T19:23:11.006Z"}
{"level":"info","message":"Attempting to connect to MongoDB...","timestamp":"2026-03-09T19:23:29.060Z"}
{"level":"info","message":"✅ MongoDB connected successfully","timestamp":"2026-03-09T19:23:29.444Z"}
{"level":"info","message":"📊 Database: project","timestamp":"2026-03-09T19:23:29.445Z"}
{"level":"info","message":"🌐 Host: cluster0-shard-00-00.7noqj.mongodb.net","timestamp":"2026-03-09T19:23:29.445Z"}
{"level":"info","message":"🔌 Port: 27017","timestamp":"2026-03-09T19:23:29.445Z"}
{"level":"info","message":"Creating database indexes...","timestamp":"2026-03-09T19:23:29.445Z"}
{"level":"info","message":"✅ Indexes created for collection: users","timestamp":"2026-03-09T19:23:30.221Z"}
{"level":"info","message":"✅ Indexes created for collection: departments","timestamp":"2026-03-09T19:23:30.278Z"}
{"level":"info","message":"✅ Indexes created for collection: programs","timestamp":"2026-03-09T19:23:30.331Z"}
{"level":"info","message":"✅ Indexes created for collection: courses","timestamp":"2026-03-09T19:23:30.502Z"}
{"level":"info","message":"✅ Indexes created for collection: assignments","timestamp":"2026-03-09T19:23:30.560Z"}
{"level":"info","message":"✅ Indexes created for collection: submissions","timestamp":"2026-03-09T19:23:30.614Z"}
{"level":"info","message":"🎉 Database index optimization process completed","timestamp":"2026-03-09T19:23:30.614Z"}
{"level":"info","message":"Attempting to connect to MongoDB...","timestamp":"2026-03-09T19:23:50.855Z"}
{"level":"info","message":"✅ MongoDB connected successfully","timestamp":"2026-03-09T19:23:51.263Z"}
{"level":"info","message":"📊 Database: project","timestamp":"2026-03-09T19:23:51.263Z"}
{"level":"info","message":"🌐 Host: cluster0-shard-00-00.7noqj.mongodb.net","timestamp":"2026-03-09T19:23:51.263Z"}
{"level":"info","message":"🔌 Port: 27017","timestamp":"2026-03-09T19:23:51.264Z"}
{"level":"info","message":"Creating database indexes...","timestamp":"2026-03-09T19:23:51.264Z"}
{"level":"info","message":"✅ Indexes created for collection: users","timestamp":"2026-03-09T19:23:52.005Z"}
{"level":"info","message":"✅ Indexes created for collection: departments","timestamp":"2026-03-09T19:23:52.063Z"}
{"level":"info","message":"✅ Indexes created for collection: programs","timestamp":"2026-03-09T19:23:52.121Z"}
{"level":"info","message":"✅ Indexes created for collection: courses","timestamp":"2026-03-09T19:23:52.179Z"}
{"level":"info","message":"✅ Indexes created for collection: assignments","timestamp":"2026-03-09T19:23:52.245Z"}
{"level":"info","message":"✅ Indexes created for collection: submissions","timestamp":"2026-03-09T19:23:52.303Z"}
{"level":"info","message":"🎉 Database index optimization process completed","timestamp":"2026-03-09T19:23:52.304Z"}
{"level":"info","message":"Attempting to connect to MongoDB...","timestamp":"2026-03-09T19:24:13.249Z"}
{"level":"info","message":"✅ MongoDB connected successfully","timestamp":"2026-03-09T19:24:13.657Z"}
{"level":"info","message":"📊 Database: project","timestamp":"2026-03-09T19:24:13.658Z"}
{"level":"info","message":"🌐 Host: cluster0-shard-00-00.7noqj.mongodb.net","timestamp":"2026-03-09T19:24:13.658Z"}
{"level":"info","message":"🔌 Port: 27017","timestamp":"2026-03-09T19:24:13.658Z"}
{"level":"info","message":"Creating database indexes...","timestamp":"2026-03-09T19:24:13.659Z"}
{"level":"info","message":"✅ Indexes created for collection: users","timestamp":"2026-03-09T19:24:14.410Z"}
{"level":"info","message":"✅ Indexes created for collection: departments","timestamp":"2026-03-09T19:24:14.474Z"}
{"level":"info","message":"✅ Indexes created for collection: programs","timestamp":"2026-03-09T19:24:14.538Z"}
{"level":"info","message":"✅ Indexes created for collection: courses","timestamp":"2026-03-09T19:24:14.597Z"}
{"level":"info","message":"✅ Indexes created for collection: assignments","timestamp":"2026-03-09T19:24:14.660Z"}
{"level":"info","message":"✅ Indexes created for collection: submissions","timestamp":"2026-03-09T19:24:14.724Z"}
{"level":"info","message":"🎉 Database index optimization process completed","timestamp":"2026-03-09T19:24:14.725Z"}
{"level":"info","message":"Attempting to connect to MongoDB...","timestamp":"2026-03-09T19:24:27.062Z"}
{"level":"info","message":"✅ MongoDB connected successfully","timestamp":"2026-03-09T19:24:27.431Z"}
{"level":"info","message":"📊 Database: project","timestamp":"2026-03-09T19:24:27.431Z"}
{"level":"info","message":"🌐 Host: cluster0-shard-00-00.7noqj.mongodb.net","timestamp":"2026-03-09T19:24:27.432Z"}
{"level":"info","message":"🔌 Port: 27017","timestamp":"2026-03-09T19:24:27.432Z"}
{"level":"info","message":"Creating database indexes...","timestamp":"2026-03-09T19:24:27.433Z"}
{"level":"info","message":"✅ Indexes created for collection: users","timestamp":"2026-03-09T19:24:28.199Z"}
{"level":"info","message":"✅ Indexes created for collection: departments","timestamp":"2026-03-09T19:24:28.288Z"}
{"level":"info","message":"✅ Indexes created for collection: programs","timestamp":"2026-03-09T19:24:28.355Z"}
{"level":"info","message":"✅ Indexes created for collection: courses","timestamp":"2026-03-09T19:24:28.419Z"}
{"level":"info","message":"✅ Indexes created for collection: assignments","timestamp":"2026-03-09T19:24:28.483Z"}
{"level":"info","message":"✅ Indexes created for collection: submissions","timestamp":"2026-03-09T19:24:28.549Z"}
{"level":"info","message":"🎉 Database index optimization process completed","timestamp":"2026-03-09T19:24:28.549Z"}
{"level":"info","message":"Attempting to connect to MongoDB...","timestamp":"2026-03-09T19:25:43.080Z"}
{"level":"info","message":"✅ MongoDB connected successfully","timestamp":"2026-03-09T19:25:43.484Z"}
{"level":"info","message":"📊 Database: project","timestamp":"2026-03-09T19:25:43.484Z"}
{"level":"info","message":"🌐 Host: cluster0-shard-00-00.7noqj.mongodb.net","timestamp":"2026-03-09T19:25:43.484Z"}
{"level":"info","message":"🔌 Port: 27017","timestamp":"2026-03-09T19:25:43.484Z"}
{"level":"info","message":"Creating database indexes...","timestamp":"2026-03-09T19:25:43.485Z"}
{"level":"info","message":"✅ Indexes created for collection: users","timestamp":"2026-03-09T19:25:44.258Z"}
{"level":"info","message":"✅ Indexes created for collection: departments","timestamp":"2026-03-09T19:25:44.320Z"}
{"level":"info","message":"✅ Indexes created for collection: programs","timestamp":"2026-03-09T19:25:44.377Z"}
{"level":"info","message":"✅ Indexes created for collection: courses","timestamp":"2026-03-09T19:25:44.432Z"}
{"level":"info","message":"✅ Indexes created for collection: assignments","timestamp":"2026-03-09T19:25:44.488Z"}
{"level":"info","message":"✅ Indexes created for collection: submissions","timestamp":"2026-03-09T19:25:44.545Z"}
{"level":"info","message":"🎉 Database index optimization process completed","timestamp":"2026-03-09T19:25:44.545Z"}
{"level":"info","message":"Attempting to connect to MongoDB...","timestamp":"2026-03-09T19:27:39.223Z"}
{"level":"info","message":"✅ MongoDB connected successfully","timestamp":"2026-03-09T19:27:39.607Z"}
{"level":"info","message":"📊 Database: project","timestamp":"2026-03-09T19:27:39.607Z"}
{"level":"info","message":"🌐 Host: cluster0-shard-00-00.7noqj.mongodb.net","timestamp":"2026-03-09T19:27:39.608Z"}
{"level":"info","message":"🔌 Port: 27017","timestamp":"2026-03-09T19:27:39.608Z"}
{"level":"info","message":"Creating database indexes...","timestamp":"2026-03-09T19:27:39.608Z"}
{"level":"info","message":"✅ Indexes created for collection: users","timestamp":"2026-03-09T19:27:40.338Z"}
{"level":"info","message":"✅ Indexes created for collection: departments","timestamp":"2026-03-09T19:27:40.398Z"}
{"level":"info","message":"✅ Indexes created for collection: programs","timestamp":"2026-03-09T19:27:40.458Z"}
{"level":"info","message":"✅ Indexes created for collection: courses","timestamp":"2026-03-09T19:27:40.513Z"}
{"level":"info","message":"✅ Indexes created for collection: assignments","timestamp":"2026-03-09T19:27:40.567Z"}
{"level":"info","message":"✅ Indexes created for collection: submissions","timestamp":"2026-03-09T19:27:40.623Z"}
{"level":"info","message":"🎉 Database index optimization process completed","timestamp":"2026-03-09T19:27:40.623Z"}
{"level":"info","message":"Attempting to connect to MongoDB...","timestamp":"2026-03-09T19:28:31.339Z"}
{"level":"info","message":"✅ MongoDB connected successfully","timestamp":"2026-03-09T19:28:31.735Z"}
{"level":"info","message":"📊 Database: project","timestamp":"2026-03-09T19:28:31.736Z"}
{"level":"info","message":"🌐 Host: cluster0-shard-00-00.7noqj.mongodb.net","timestamp":"2026-03-09T19:28:31.737Z"}
{"level":"info","message":"🔌 Port: 27017","timestamp":"2026-03-09T19:28:31.738Z"}
{"level":"info","message":"Creating database indexes...","timestamp":"2026-03-09T19:28:31.738Z"}
{"level":"info","message":"✅ Indexes created for collection: users","timestamp":"2026-03-09T19:28:32.463Z"}
{"level":"info","message":"✅ Indexes created for collection: departments","timestamp":"2026-03-09T19:28:32.518Z"}
{"level":"info","message":"✅ Indexes created for collection: programs","timestamp":"2026-03-09T19:28:32.580Z"}
{"level":"info","message":"✅ Indexes created for collection: courses","timestamp":"2026-03-09T19:28:32.637Z"}
{"level":"info","message":"✅ Indexes created for collection: assignments","timestamp":"2026-03-09T19:28:32.694Z"}
{"level":"info","message":"✅ Indexes created for collection: submissions","timestamp":"2026-03-09T19:28:32.751Z"}
{"level":"info","message":"🎉 Database index optimization process completed","timestamp":"2026-03-09T19:28:32.753Z"}
{"level":"info","message":"Attempting to connect to MongoDB...","timestamp":"2026-03-09T19:28:46.786Z"}
{"level":"info","message":"✅ MongoDB connected successfully","timestamp":"2026-03-09T19:28:47.223Z"}
{"level":"info","message":"📊 Database: project","timestamp":"2026-03-09T19:28:47.223Z"}
{"level":"info","message":"🌐 Host: cluster0-shard-00-00.7noqj.mongodb.net","timestamp":"2026-03-09T19:28:47.224Z"}
{"level":"info","message":"🔌 Port: 27017","timestamp":"2026-03-09T19:28:47.224Z"}
{"level":"info","message":"Creating database indexes...","timestamp":"2026-03-09T19:28:47.225Z"}
{"level":"info","message":"✅ Indexes created for collection: users","timestamp":"2026-03-09T19:28:47.961Z"}
{"level":"info","message":"✅ Indexes created for collection: departments","timestamp":"2026-03-09T19:28:48.018Z"}
{"level":"info","message":"✅ Indexes created for collection: programs","timestamp":"2026-03-09T19:28:48.073Z"}
{"level":"info","message":"✅ Indexes created for collection: courses","timestamp":"2026-03-09T19:28:48.128Z"}
{"level":"info","message":"✅ Indexes created for collection: assignments","timestamp":"2026-03-09T19:28:48.182Z"}
{"level":"info","message":"✅ Indexes created for collection: submissions","timestamp":"2026-03-09T19:28:48.237Z"}
{"level":"info","message":"🎉 Database index optimization process completed","timestamp":"2026-03-09T19:28:48.238Z"}
{"level":"info","message":"Attempting to connect to MongoDB...","timestamp":"2026-03-09T19:28:52.362Z"}
{"level":"info","message":"✅ MongoDB connected successfully","timestamp":"2026-03-09T19:28:52.735Z"}
{"level":"info","message":"📊 Database: project","timestamp":"2026-03-09T19:28:52.735Z"}
{"level":"info","message":"🌐 Host: cluster0-shard-00-00.7noqj.mongodb.net","timestamp":"2026-03-09T19:28:52.736Z"}
{"level":"info","message":"🔌 Port: 27017","timestamp":"2026-03-09T19:28:52.736Z"}
{"level":"info","message":"Creating database indexes...","timestamp":"2026-03-09T19:28:52.737Z"}
{"level":"info","message":"✅ Indexes created for collection: users","timestamp":"2026-03-09T19:28:53.448Z"}
{"level":"info","message":"✅ Indexes created for collection: departments","timestamp":"2026-03-09T19:28:53.510Z"}
{"level":"info","message":"✅ Indexes created for collection: programs","timestamp":"2026-03-09T19:28:53.570Z"}
{"level":"info","message":"✅ Indexes created for collection: courses","timestamp":"2026-03-09T19:28:53.626Z"}
{"level":"info","message":"✅ Indexes created for collection: assignments","timestamp":"2026-03-09T19:28:53.684Z"}
{"level":"info","message":"✅ Indexes created for collection: submissions","timestamp":"2026-03-09T19:28:53.742Z"}
{"level":"info","message":"🎉 Database index optimization process completed","timestamp":"2026-03-09T19:28:53.743Z"}
{"level":"info","message":"Attempting to connect to MongoDB...","timestamp":"2026-03-09T19:29:03.070Z"}
{"level":"info","message":"✅ MongoDB connected successfully","timestamp":"2026-03-09T19:29:03.456Z"}
{"level":"info","message":"📊 Database: project","timestamp":"2026-03-09T19:29:03.456Z"}
{"level":"info","message":"🌐 Host: cluster0-shard-00-00.7noqj.mongodb.net","timestamp":"2026-03-09T19:29:03.456Z"}
{"level":"info","message":"🔌 Port: 27017","timestamp":"2026-03-09T19:29:03.457Z"}
{"level":"info","message":"Creating database indexes...","timestamp":"2026-03-09T19:29:03.458Z"}
{"level":"info","message":"✅ Indexes created for collection: users","timestamp":"2026-03-09T19:29:04.209Z"}
{"level":"info","message":"✅ Indexes created for collection: departments","timestamp":"2026-03-09T19:29:04.286Z"}
{"level":"info","message":"✅ Indexes created for collection: programs","timestamp":"2026-03-09T19:29:04.351Z"}
{"level":"info","message":"✅ Indexes created for collection: courses","timestamp":"2026-03-09T19:29:04.416Z"}
{"level":"info","message":"✅ Indexes created for collection: assignments","timestamp":"2026-03-09T19:29:04.482Z"}
{"level":"info","message":"✅ Indexes created for collection: submissions","timestamp":"2026-03-09T19:29:04.546Z"}
{"level":"info","message":"🎉 Database index optimization process completed","timestamp":"2026-03-09T19:29:04.548Z"}
{"level":"info","message":"Attempting to connect to MongoDB...","timestamp":"2026-03-09T19:29:09.135Z"}
{"level":"info","message":"✅ MongoDB connected successfully","timestamp":"2026-03-09T19:29:09.514Z"}
{"level":"info","message":"📊 Database: project","timestamp":"2026-03-09T19:29:09.514Z"}
{"level":"info","message":"🌐 Host: cluster0-shard-00-00.7noqj.mongodb.net","timestamp":"2026-03-09T19:29:09.515Z"}
{"level":"info","message":"🔌 Port: 27017","timestamp":"2026-03-09T19:29:09.515Z"}
{"level":"info","message":"Creating database indexes...","timestamp":"2026-03-09T19:29:09.516Z"}
{"level":"info","message":"✅ Indexes created for collection: users","timestamp":"2026-03-09T19:29:10.261Z"}
{"level":"info","message":"✅ Indexes created for collection: departments","timestamp":"2026-03-09T19:29:10.324Z"}
{"level":"info","message":"✅ Indexes created for collection: programs","timestamp":"2026-03-09T19:29:10.390Z"}
{"level":"info","message":"✅ Indexes created for collection: courses","timestamp":"2026-03-09T19:29:10.456Z"}
{"level":"info","message":"✅ Indexes created for collection: assignments","timestamp":"2026-03-09T19:29:10.519Z"}
{"level":"info","message":"✅ Indexes created for collection: submissions","timestamp":"2026-03-09T19:29:10.580Z"}
{"level":"info","message":"🎉 Database index optimization process completed","timestamp":"2026-03-09T19:29:10.581Z"}
{"level":"info","message":"Attempting to connect to MongoDB...","timestamp":"2026-03-09T19:29:15.458Z"}
{"level":"info","message":"✅ MongoDB connected successfully","timestamp":"2026-03-09T19:29:16.069Z"}
{"level":"info","message":"📊 Database: project","timestamp":"2026-03-09T19:29:16.069Z"}
{"level":"info","message":"🌐 Host: cluster0-shard-00-00.7noqj.mongodb.net","timestamp":"2026-03-09T19:29:16.070Z"}
{"level":"info","message":"🔌 Port: 27017","timestamp":"2026-03-09T19:29:16.070Z"}
{"level":"info","message":"Creating database indexes...","timestamp":"2026-03-09T19:29:16.070Z"}
{"level":"info","message":"✅ Indexes created for collection: users","timestamp":"2026-03-09T19:29:16.811Z"}
{"level":"info","message":"✅ Indexes created for collection: departments","timestamp":"2026-03-09T19:29:16.866Z"}
{"level":"info","message":"✅ Indexes created for collection: programs","timestamp":"2026-03-09T19:29:16.922Z"}
{"level":"info","message":"✅ Indexes created for collection: courses","timestamp":"2026-03-09T19:29:16.980Z"}
{"level":"info","message":"✅ Indexes created for collection: assignments","timestamp":"2026-03-09T19:29:17.038Z"}
{"level":"info","message":"✅ Indexes created for collection: submissions","timestamp":"2026-03-09T19:29:17.091Z"}
{"level":"info","message":"🎉 Database index optimization process completed","timestamp":"2026-03-09T19:29:17.092Z"}
{"level":"info","message":"Attempting to connect to MongoDB...","timestamp":"2026-03-09T19:29:23.734Z"}
{"level":"info","message":"✅ MongoDB connected successfully","timestamp":"2026-03-09T19:29:24.111Z"}
{"level":"info","message":"📊 Database: project","timestamp":"2026-03-09T19:29:24.112Z"}
{"level":"info","message":"🌐 Host: cluster0-shard-00-00.7noqj.mongodb.net","timestamp":"2026-03-09T19:29:24.113Z"}
{"level":"info","message":"🔌 Port: 27017","timestamp":"2026-03-09T19:29:24.113Z"}
{"level":"info","message":"Creating database indexes...","timestamp":"2026-03-09T19:29:24.114Z"}
{"level":"info","message":"✅ Indexes created for collection: users","timestamp":"2026-03-09T19:29:24.842Z"}
{"level":"info","message":"✅ Indexes created for collection: departments","timestamp":"2026-03-09T19:29:24.900Z"}
{"level":"info","message":"✅ Indexes created for collection: programs","timestamp":"2026-03-09T19:29:24.960Z"}
{"level":"info","message":"✅ Indexes created for collection: courses","timestamp":"2026-03-09T19:29:25.019Z"}
{"level":"info","message":"✅ Indexes created for collection: assignments","timestamp":"2026-03-09T19:29:25.078Z"}
{"level":"info","message":"✅ Indexes created for collection: submissions","timestamp":"2026-03-09T19:29:25.145Z"}
{"level":"info","message":"🎉 Database index optimization process completed","timestamp":"2026-03-09T19:29:25.146Z"}
{"level":"info","message":"Attempting to connect to MongoDB...","timestamp":"2026-03-09T19:34:58.543Z"}
{"level":"info","message":"✅ MongoDB connected successfully","timestamp":"2026-03-09T19:34:58.947Z"}
{"level":"info","message":"📊 Database: project","timestamp":"2026-03-09T19:34:58.947Z"}
{"level":"info","message":"🌐 Host: cluster0-shard-00-00.7noqj.mongodb.net","timestamp":"2026-03-09T19:34:58.948Z"}
{"level":"info","message":"🔌 Port: 27017","timestamp":"2026-03-09T19:34:58.948Z"}
{"level":"info","message":"Creating database indexes...","timestamp":"2026-03-09T19:34:58.948Z"}
{"level":"info","message":"✅ Indexes created for collection: users","timestamp":"2026-03-09T19:34:59.696Z"}
{"level":"info","message":"✅ Indexes created for collection: departments","timestamp":"2026-03-09T19:34:59.778Z"}
{"level":"info","message":"✅ Indexes created for collection: programs","timestamp":"2026-03-09T19:34:59.838Z"}
{"level":"info","message":"✅ Indexes created for collection: courses","timestamp":"2026-03-09T19:34:59.897Z"}
{"level":"info","message":"✅ Indexes created for collection: assignments","timestamp":"2026-03-09T19:34:59.956Z"}
{"level":"info","message":"✅ Indexes created for collection: submissions","timestamp":"2026-03-09T19:35:00.015Z"}
{"level":"info","message":"🎉 Database index optimization process completed","timestamp":"2026-03-09T19:35:00.016Z"}
{"level":"info","message":"Attempting to connect to MongoDB...","timestamp":"2026-03-09T19:36:11.527Z"}
{"level":"info","message":"✅ MongoDB connected successfully","timestamp":"2026-03-09T19:36:12.081Z"}
{"level":"info","message":"📊 Database: project","timestamp":"2026-03-09T19:36:12.081Z"}
{"level":"info","message":"🌐 Host: cluster0-shard-00-00.7noqj.mongodb.net","timestamp":"2026-03-09T19:36:12.082Z"}
{"level":"info","message":"🔌 Port: 27017","timestamp":"2026-03-09T19:36:12.082Z"}
{"level":"info","message":"Creating database indexes...","timestamp":"2026-03-09T19:36:12.083Z"}
{"level":"info","message":"✅ Indexes created for collection: users","timestamp":"2026-03-09T19:36:13.112Z"}
{"level":"info","message":"✅ Indexes created for collection: departments","timestamp":"2026-03-09T19:36:13.167Z"}
{"level":"info","message":"✅ Indexes created for collection: programs","timestamp":"2026-03-09T19:36:13.224Z"}
{"level":"info","message":"✅ Indexes created for collection: courses","timestamp":"2026-03-09T19:36:13.314Z"}
{"level":"info","message":"✅ Indexes created for collection: assignments","timestamp":"2026-03-09T19:36:13.369Z"}
{"level":"info","message":"✅ Indexes created for collection: submissions","timestamp":"2026-03-09T19:36:13.428Z"}
{"level":"info","message":"🎉 Database index optimization process completed","timestamp":"2026-03-09T19:36:13.428Z"}
{"level":"info","message":"Attempting to connect to MongoDB...","timestamp":"2026-03-09T19:36:19.177Z"}
{"level":"info","message":"✅ MongoDB connected successfully","timestamp":"2026-03-09T19:36:19.551Z"}
{"level":"info","message":"📊 Database: project","timestamp":"2026-03-09T19:36:19.551Z"}
{"level":"info","message":"🌐 Host: cluster0-shard-00-00.7noqj.mongodb.net","timestamp":"2026-03-09T19:36:19.552Z"}
{"level":"info","message":"🔌 Port: 27017","timestamp":"2026-03-09T19:36:19.552Z"}
{"level":"info","message":"Creating database indexes...","timestamp":"2026-03-09T19:36:19.552Z"}
{"level":"info","message":"✅ Indexes created for collection: users","timestamp":"2026-03-09T19:36:20.301Z"}
{"level":"info","message":"✅ Indexes created for collection: departments","timestamp":"2026-03-09T19:36:20.359Z"}
{"level":"info","message":"✅ Indexes created for collection: programs","timestamp":"2026-03-09T19:36:20.419Z"}
{"level":"info","message":"✅ Indexes created for collection: courses","timestamp":"2026-03-09T19:36:20.474Z"}
{"level":"info","message":"✅ Indexes created for collection: assignments","timestamp":"2026-03-09T19:36:20.529Z"}
{"level":"info","message":"✅ Indexes created for collection: submissions","timestamp":"2026-03-09T19:36:20.600Z"}
{"level":"info","message":"🎉 Database index optimization process completed","timestamp":"2026-03-09T19:36:20.603Z"}
{"level":"info","message":"Attempting to connect to MongoDB...","timestamp":"2026-03-09T19:37:44.677Z"}
{"level":"info","message":"✅ MongoDB connected successfully","timestamp":"2026-03-09T19:37:45.051Z"}
{"level":"info","message":"📊 Database: project","timestamp":"2026-03-09T19:37:45.052Z"}
{"level":"info","message":"🌐 Host: cluster0-shard-00-00.7noqj.mongodb.net","timestamp":"2026-03-09T19:37:45.054Z"}
{"level":"info","message":"🔌 Port: 27017","timestamp":"2026-03-09T19:37:45.055Z"}
{"level":"info","message":"Creating database indexes...","timestamp":"2026-03-09T19:37:45.057Z"}
{"level":"info","message":"✅ Indexes created for collection: users","timestamp":"2026-03-09T19:37:45.813Z"}
{"level":"info","message":"✅ Indexes created for collection: departments","timestamp":"2026-03-09T19:37:45.872Z"}
{"level":"info","message":"✅ Indexes created for collection: programs","timestamp":"2026-03-09T19:37:45.946Z"}
{"level":"info","message":"✅ Indexes created for collection: courses","timestamp":"2026-03-09T19:37:46.004Z"}
{"level":"info","message":"✅ Indexes created for collection: assignments","timestamp":"2026-03-09T19:37:46.064Z"}
{"level":"info","message":"✅ Indexes created for collection: submissions","timestamp":"2026-03-09T19:37:46.125Z"}
{"level":"info","message":"🎉 Database index optimization process completed","timestamp":"2026-03-09T19:37:46.127Z"}
{"level":"info","message":"Attempting to connect to MongoDB...","timestamp":"2026-03-09T19:37:54.795Z"}
{"level":"info","message":"✅ MongoDB connected successfully","timestamp":"2026-03-09T19:37:55.193Z"}
{"level":"info","message":"📊 Database: project","timestamp":"2026-03-09T19:37:55.194Z"}
{"level":"info","message":"🌐 Host: cluster0-shard-00-00.7noqj.mongodb.net","timestamp":"2026-03-09T19:37:55.194Z"}
{"level":"info","message":"🔌 Port: 27017","timestamp":"2026-03-09T19:37:55.194Z"}
{"level":"info","message":"Creating database indexes...","timestamp":"2026-03-09T19:37:55.195Z"}
{"level":"info","message":"✅ Indexes created for collection: users","timestamp":"2026-03-09T19:37:55.925Z"}
{"level":"info","message":"✅ Indexes created for collection: departments","timestamp":"2026-03-09T19:37:55.984Z"}
{"level":"info","message":"✅ Indexes created for collection: programs","timestamp":"2026-03-09T19:37:56.041Z"}
{"level":"info","message":"✅ Indexes created for collection: courses","timestamp":"2026-03-09T19:37:56.100Z"}
{"level":"info","message":"✅ Indexes created for collection: assignments","timestamp":"2026-03-09T19:37:56.155Z"}
{"level":"info","message":"✅ Indexes created for collection: submissions","timestamp":"2026-03-09T19:37:56.211Z"}
{"level":"info","message":"🎉 Database index optimization process completed","timestamp":"2026-03-09T19:37:56.212Z"}
{"level":"info","message":"Attempting to connect to MongoDB...","timestamp":"2026-03-09T19:38:00.384Z"}
{"level":"info","message":"✅ MongoDB connected successfully","timestamp":"2026-03-09T19:38:00.815Z"}
{"level":"info","message":"📊 Database: project","timestamp":"2026-03-09T19:38:00.816Z"}
{"level":"info","message":"🌐 Host: cluster0-shard-00-00.7noqj.mongodb.net","timestamp":"2026-03-09T19:38:00.816Z"}
{"level":"info","message":"🔌 Port: 27017","timestamp":"2026-03-09T19:38:00.816Z"}
{"level":"info","message":"Creating database indexes...","timestamp":"2026-03-09T19:38:00.817Z"}
{"level":"info","message":"✅ Indexes created for collection: users","timestamp":"2026-03-09T19:38:01.612Z"}
{"level":"info","message":"✅ Indexes created for collection: departments","timestamp":"2026-03-09T19:38:01.673Z"}
{"level":"info","message":"✅ Indexes created for collection: programs","timestamp":"2026-03-09T19:38:01.737Z"}
{"level":"info","message":"✅ Indexes created for collection: courses","timestamp":"2026-03-09T19:38:01.801Z"}
{"level":"info","message":"✅ Indexes created for collection: assignments","timestamp":"2026-03-09T19:38:01.864Z"}
{"level":"info","message":"✅ Indexes created for collection: submissions","timestamp":"2026-03-09T19:38:01.934Z"}
{"level":"info","message":"🎉 Database index optimization process completed","timestamp":"2026-03-09T19:38:01.934Z"}
{"level":"info","message":"Attempting to connect to MongoDB...","timestamp":"2026-03-09T19:39:44.556Z"}
{"level":"info","message":"✅ MongoDB connected successfully","timestamp":"2026-03-09T19:39:44.908Z"}
{"level":"info","message":"📊 Database: project","timestamp":"2026-03-09T19:39:44.909Z"}
{"level":"info","message":"🌐 Host: cluster0-shard-00-00.7noqj.mongodb.net","timestamp":"2026-03-09T19:39:44.909Z"}
{"level":"info","message":"🔌 Port: 27017","timestamp":"2026-03-09T19:39:44.910Z"}
{"level":"info","message":"Creating database indexes...","timestamp":"2026-03-09T19:39:44.910Z"}
{"level":"info","message":"✅ Indexes created for collection: users","timestamp":"2026-03-09T19:39:45.679Z"}
{"level":"info","message":"✅ Indexes created for collection: departments","timestamp":"2026-03-09T19:39:45.736Z"}
{"level":"info","message":"✅ Indexes created for collection: programs","timestamp":"2026-03-09T19:39:45.791Z"}
{"level":"info","message":"✅ Indexes created for collection: courses","timestamp":"2026-03-09T19:39:45.846Z"}
{"level":"info","message":"✅ Indexes created for collection: assignments","timestamp":"2026-03-09T19:39:45.899Z"}
{"level":"info","message":"✅ Indexes created for collection: submissions","timestamp":"2026-03-09T19:39:45.952Z"}
{"level":"info","message":"🎉 Database index optimization process completed","timestamp":"2026-03-09T19:39:45.953Z"}
{"level":"info","message":"Attempting to connect to MongoDB...","timestamp":"2026-03-09T19:39:49.018Z"}
{"level":"info","message":"✅ MongoDB connected successfully","timestamp":"2026-03-09T19:39:49.466Z"}
{"level":"info","message":"📊 Database: project","timestamp":"2026-03-09T19:39:49.466Z"}
{"level":"info","message":"🌐 Host: cluster0-shard-00-00.7noqj.mongodb.net","timestamp":"2026-03-09T19:39:49.467Z"}
{"level":"info","message":"🔌 Port: 27017","timestamp":"2026-03-09T19:39:49.467Z"}
{"level":"info","message":"Creating database indexes...","timestamp":"2026-03-09T19:39:49.468Z"}
{"level":"info","message":"✅ Indexes created for collection: users","timestamp":"2026-03-09T19:39:50.218Z"}
{"level":"info","message":"✅ Indexes created for collection: departments","timestamp":"2026-03-09T19:39:50.280Z"}
{"level":"info","message":"✅ Indexes created for collection: programs","timestamp":"2026-03-09T19:39:50.340Z"}
{"level":"info","message":"✅ Indexes created for collection: courses","timestamp":"2026-03-09T19:39:50.397Z"}
{"level":"info","message":"✅ Indexes created for collection: assignments","timestamp":"2026-03-09T19:39:50.453Z"}
{"level":"info","message":"✅ Indexes created for collection: submissions","timestamp":"2026-03-09T19:39:50.516Z"}
{"level":"info","message":"🎉 Database index optimization process completed","timestamp":"2026-03-09T19:39:50.516Z"}
{"level":"info","message":"Attempting to connect to MongoDB...","timestamp":"2026-03-09T19:44:17.600Z"}
{"level":"info","message":"✅ MongoDB connected successfully","timestamp":"2026-03-09T19:44:17.965Z"}
{"level":"info","message":"📊 Database: project","timestamp":"2026-03-09T19:44:17.966Z"}
{"level":"info","message":"🌐 Host: cluster0-shard-00-00.7noqj.mongodb.net","timestamp":"2026-03-09T19:44:17.966Z"}
{"level":"info","message":"🔌 Port: 27017","timestamp":"2026-03-09T19:44:17.967Z"}
{"level":"info","message":"Creating database indexes...","timestamp":"2026-03-09T19:44:17.967Z"}
{"level":"info","message":"✅ Indexes created for collection: users","timestamp":"2026-03-09T19:44:18.720Z"}
{"level":"info","message":"✅ Indexes created for collection: departments","timestamp":"2026-03-09T19:44:18.778Z"}
{"level":"info","message":"✅ Indexes created for collection: programs","timestamp":"2026-03-09T19:44:18.835Z"}
{"level":"info","message":"✅ Indexes created for collection: courses","timestamp":"2026-03-09T19:44:18.892Z"}
{"level":"info","message":"✅ Indexes created for collection: assignments","timestamp":"2026-03-09T19:44:18.951Z"}
{"level":"info","message":"✅ Indexes created for collection: submissions","timestamp":"2026-03-09T19:44:19.008Z"}
{"level":"info","message":"🎉 Database index optimization process completed","timestamp":"2026-03-09T19:44:19.008Z"}
{"level":"info","message":"Attempting to connect to MongoDB...","timestamp":"2026-03-09T19:44:22.943Z"}
{"level":"info","message":"✅ MongoDB connected successfully","timestamp":"2026-03-09T19:44:23.334Z"}
{"level":"info","message":"📊 Database: project","timestamp":"2026-03-09T19:44:23.335Z"}
{"level":"info","message":"🌐 Host: cluster0-shard-00-00.7noqj.mongodb.net","timestamp":"2026-03-09T19:44:23.335Z"}
{"level":"info","message":"🔌 Port: 27017","timestamp":"2026-03-09T19:44:23.336Z"}
{"level":"info","message":"Creating database indexes...","timestamp":"2026-03-09T19:44:23.336Z"}
{"level":"info","message":"✅ Indexes created for collection: users","timestamp":"2026-03-09T19:44:24.087Z"}
{"level":"info","message":"✅ Indexes created for collection: departments","timestamp":"2026-03-09T19:44:24.147Z"}
{"level":"info","message":"✅ Indexes created for collection: programs","timestamp":"2026-03-09T19:44:24.208Z"}
{"level":"info","message":"✅ Indexes created for collection: courses","timestamp":"2026-03-09T19:44:24.266Z"}
{"level":"info","message":"✅ Indexes created for collection: assignments","timestamp":"2026-03-09T19:44:24.326Z"}
{"level":"info","message":"✅ Indexes created for collection: submissions","timestamp":"2026-03-09T19:44:24.388Z"}
{"level":"info","message":"🎉 Database index optimization process completed","timestamp":"2026-03-09T19:44:24.389Z"}
{"level":"info","message":"Attempting to connect to MongoDB...","timestamp":"2026-03-09T19:44:48.942Z"}
{"level":"info","message":"✅ MongoDB connected successfully","timestamp":"2026-03-09T19:44:49.324Z"}
{"level":"info","message":"📊 Database: project","timestamp":"2026-03-09T19:44:49.324Z"}
{"level":"info","message":"🌐 Host: cluster0-shard-00-00.7noqj.mongodb.net","timestamp":"2026-03-09T19:44:49.325Z"}
{"level":"info","message":"🔌 Port: 27017","timestamp":"2026-03-09T19:44:49.325Z"}
{"level":"info","message":"Creating database indexes...","timestamp":"2026-03-09T19:44:49.325Z"}
{"level":"info","message":"✅ Indexes created for collection: users","timestamp":"2026-03-09T19:44:50.109Z"}
{"level":"info","message":"✅ Indexes created for collection: departments","timestamp":"2026-03-09T19:44:50.166Z"}
{"level":"info","message":"✅ Indexes created for collection: programs","timestamp":"2026-03-09T19:44:50.226Z"}
{"level":"info","message":"✅ Indexes created for collection: courses","timestamp":"2026-03-09T19:44:50.282Z"}
{"level":"info","message":"✅ Indexes created for collection: assignments","timestamp":"2026-03-09T19:44:50.338Z"}
{"level":"info","message":"✅ Indexes created for collection: submissions","timestamp":"2026-03-09T19:44:50.394Z"}
{"level":"info","message":"🎉 Database index optimization process completed","timestamp":"2026-03-09T19:44:50.395Z"}
{"level":"info","message":"Attempting to connect to MongoDB...","timestamp":"2026-03-09T19:44:54.792Z"}
{"level":"info","message":"✅ MongoDB connected successfully","timestamp":"2026-03-09T19:44:55.176Z"}
{"level":"info","message":"📊 Database: project","timestamp":"2026-03-09T19:44:55.176Z"}
{"level":"info","message":"🌐 Host: cluster0-shard-00-00.7noqj.mongodb.net","timestamp":"2026-03-09T19:44:55.176Z"}
{"level":"info","message":"🔌 Port: 27017","timestamp":"2026-03-09T19:44:55.177Z"}
{"level":"info","message":"Creating database indexes...","timestamp":"2026-03-09T19:44:55.177Z"}
{"level":"info","message":"✅ Indexes created for collection: users","timestamp":"2026-03-09T19:44:55.977Z"}
{"level":"info","message":"✅ Indexes created for collection: departments","timestamp":"2026-03-09T19:44:56.104Z"}
{"level":"info","message":"✅ Indexes created for collection: programs","timestamp":"2026-03-09T19:44:56.163Z"}
{"level":"info","message":"✅ Indexes created for collection: courses","timestamp":"2026-03-09T19:44:56.218Z"}
{"level":"info","message":"✅ Indexes created for collection: assignments","timestamp":"2026-03-09T19:44:56.273Z"}
{"level":"info","message":"✅ Indexes created for collection: submissions","timestamp":"2026-03-09T19:44:56.330Z"}
{"level":"info","message":"🎉 Database index optimization process completed","timestamp":"2026-03-09T19:44:56.330Z"}
{"level":"info","message":"Attempting to connect to MongoDB...","timestamp":"2026-03-09T19:45:01.943Z"}
{"level":"info","message":"✅ MongoDB connected successfully","timestamp":"2026-03-09T19:45:02.313Z"}
{"level":"info","message":"📊 Database: project","timestamp":"2026-03-09T19:45:02.313Z"}
{"level":"info","message":"🌐 Host: cluster0-shard-00-00.7noqj.mongodb.net","timestamp":"2026-03-09T19:45:02.314Z"}
{"level":"info","message":"🔌 Port: 27017","timestamp":"2026-03-09T19:45:02.314Z"}
{"level":"info","message":"Creating database indexes...","timestamp":"2026-03-09T19:45:02.314Z"}
{"level":"info","message":"✅ Indexes created for collection: users","timestamp":"2026-03-09T19:45:03.089Z"}
{"level":"info","message":"✅ Indexes created for collection: departments","timestamp":"2026-03-09T19:45:03.147Z"}
{"level":"info","message":"✅ Indexes created for collection: programs","timestamp":"2026-03-09T19:45:03.206Z"}
{"level":"info","message":"✅ Indexes created for collection: courses","timestamp":"2026-03-09T19:45:03.264Z"}
{"level":"info","message":"✅ Indexes created for collection: assignments","timestamp":"2026-03-09T19:45:03.323Z"}
{"level":"info","message":"✅ Indexes created for collection: submissions","timestamp":"2026-03-09T19:45:03.383Z"}
{"level":"info","message":"🎉 Database index optimization process completed","timestamp":"2026-03-09T19:45:03.383Z"}
{"level":"info","message":"Attempting to connect to MongoDB...","timestamp":"2026-03-09T19:45:11.994Z"}
{"level":"info","message":"✅ MongoDB connected successfully","timestamp":"2026-03-09T19:45:12.370Z"}
{"level":"info","message":"📊 Database: project","timestamp":"2026-03-09T19:45:12.370Z"}
{"level":"info","message":"🌐 Host: cluster0-shard-00-00.7noqj.mongodb.net","timestamp":"2026-03-09T19:45:12.370Z"}
{"level":"info","message":"🔌 Port: 27017","timestamp":"2026-03-09T19:45:12.371Z"}
{"level":"info","message":"Creating database indexes...","timestamp":"2026-03-09T19:45:12.371Z"}
{"level":"info","message":"✅ Indexes created for collection: users","timestamp":"2026-03-09T19:45:13.117Z"}
{"level":"info","message":"✅ Indexes created for collection: departments","timestamp":"2026-03-09T19:45:13.175Z"}
{"level":"info","message":"✅ Indexes created for collection: programs","timestamp":"2026-03-09T19:45:13.235Z"}
{"level":"info","message":"✅ Indexes created for collection: courses","timestamp":"2026-03-09T19:45:13.292Z"}
{"level":"info","message":"✅ Indexes created for collection: assignments","timestamp":"2026-03-09T19:45:13.350Z"}
{"level":"info","message":"✅ Indexes created for collection: submissions","timestamp":"2026-03-09T19:45:13.409Z"}
{"level":"info","message":"🎉 Database index optimization process completed","timestamp":"2026-03-09T19:45:13.409Z"}
{"level":"info","message":"Attempting to connect to MongoDB...","timestamp":"2026-03-09T20:03:37.174Z"}
{"level":"info","message":"✅ MongoDB connected successfully","timestamp":"2026-03-09T20:03:37.621Z"}
{"level":"info","message":"📊 Database: project","timestamp":"2026-03-09T20:03:37.622Z"}
{"level":"info","message":"🌐 Host: cluster0-shard-00-00.7noqj.mongodb.net","timestamp":"2026-03-09T20:03:37.623Z"}
{"level":"info","message":"🔌 Port: 27017","timestamp":"2026-03-09T20:03:37.623Z"}
{"level":"info","message":"Creating database indexes...","timestamp":"2026-03-09T20:03:37.624Z"}
{"level":"info","message":"✅ Indexes created for collection: users","timestamp":"2026-03-09T20:03:38.375Z"}
{"level":"info","message":"✅ Indexes created for collection: departments","timestamp":"2026-03-09T20:03:38.432Z"}
{"level":"info","message":"✅ Indexes created for collection: programs","timestamp":"2026-03-09T20:03:38.490Z"}
{"level":"info","message":"✅ Indexes created for collection: courses","timestamp":"2026-03-09T20:03:38.547Z"}
{"level":"info","message":"✅ Indexes created for collection: assignments","timestamp":"2026-03-09T20:03:38.617Z"}
{"level":"info","message":"✅ Indexes created for collection: submissions","timestamp":"2026-03-09T20:03:38.677Z"}
{"level":"info","message":"🎉 Database index optimization process completed","timestamp":"2026-03-09T20:03:38.678Z"}
{"level":"info","message":"Attempting to connect to MongoDB...","timestamp":"2026-03-09T20:26:22.887Z"}
{"level":"info","message":"Attempting to connect to MongoDB...","timestamp":"2026-03-09T20:26:22.916Z"}
{"level":"info","message":"✅ MongoDB connected successfully","timestamp":"2026-03-09T20:26:23.382Z"}
{"level":"info","message":"✅ MongoDB connected successfully","timestamp":"2026-03-09T20:26:23.387Z"}
{"level":"info","message":"📊 Database: project","timestamp":"2026-03-09T20:26:23.383Z"}
{"level":"info","message":"🌐 Host: cluster0-shard-00-00.7noqj.mongodb.net","timestamp":"2026-03-09T20:26:23.383Z"}
{"level":"info","message":"🔌 Port: 27017","timestamp":"2026-03-09T20:26:23.383Z"}
{"level":"info","message":"Creating database indexes...","timestamp":"2026-03-09T20:26:23.384Z"}
{"level":"info","message":"📊 Database: project","timestamp":"2026-03-09T20:26:23.387Z"}
{"level":"info","message":"🌐 Host: cluster0-shard-00-00.7noqj.mongodb.net","timestamp":"2026-03-09T20:26:23.387Z"}
{"level":"info","message":"🔌 Port: 27017","timestamp":"2026-03-09T20:26:23.388Z"}
{"level":"info","message":"Creating database indexes...","timestamp":"2026-03-09T20:26:23.388Z"}
{"level":"info","message":"✅ Indexes created for collection: users","timestamp":"2026-03-09T20:26:24.717Z"}
{"level":"info","message":"✅ Indexes created for collection: users","timestamp":"2026-03-09T20:26:24.725Z"}
{"level":"info","message":"✅ Indexes created for collection: departments","timestamp":"2026-03-09T20:26:24.780Z"}
{"level":"info","message":"✅ Indexes created for collection: departments","timestamp":"2026-03-09T20:26:24.787Z"}
{"level":"info","message":"✅ Indexes created for collection: programs","timestamp":"2026-03-09T20:26:24.836Z"}
{"level":"info","message":"✅ Indexes created for collection: programs","timestamp":"2026-03-09T20:26:24.844Z"}
{"level":"info","message":"✅ Indexes created for collection: courses","timestamp":"2026-03-09T20:26:24.893Z"}
{"level":"info","message":"✅ Indexes created for collection: courses","timestamp":"2026-03-09T20:26:24.902Z"}
{"level":"info","message":"✅ Indexes created for collection: assignments","timestamp":"2026-03-09T20:26:24.952Z"}
{"level":"info","message":"✅ Indexes created for collection: assignments","timestamp":"2026-03-09T20:26:24.961Z"}
{"level":"info","message":"✅ Indexes created for collection: submissions","timestamp":"2026-03-09T20:26:25.009Z"}
{"level":"info","message":"🎉 Database index optimization process completed","timestamp":"2026-03-09T20:26:25.010Z"}
{"level":"info","message":"✅ Indexes created for collection: submissions","timestamp":"2026-03-09T20:26:25.030Z"}
{"level":"warn","message":"⚠️ MongoDB connection disconnected","timestamp":"2026-03-09T20:26:52.479Z"}
{"level":"info","message":"Attempting to connect to MongoDB...","timestamp":"2026-03-09T20:28:48.315Z"}
{"level":"info","message":"✅ MongoDB connected successfully","timestamp":"2026-03-09T20:28:48.796Z"}
{"level":"info","message":"📊 Database: project","timestamp":"2026-03-09T20:28:48.796Z"}
{"level":"info","message":"🌐 Host: cluster0-shard-00-00.7noqj.mongodb.net","timestamp":"2026-03-09T20:28:48.797Z"}
{"level":"info","message":"🔌 Port: 27017","timestamp":"2026-03-09T20:28:48.797Z"}
{"level":"info","message":"Creating database indexes...","timestamp":"2026-03-09T20:28:48.797Z"}
{"level":"info","message":"✅ Indexes created for collection: users","timestamp":"2026-03-09T20:28:49.513Z"}
{"level":"info","message":"✅ Indexes created for collection: departments","timestamp":"2026-03-09T20:28:49.571Z"}
{"level":"info","message":"✅ Indexes created for collection: programs","timestamp":"2026-03-09T20:28:49.636Z"}
{"level":"info","message":"✅ Indexes created for collection: courses","timestamp":"2026-03-09T20:28:49.692Z"}
{"level":"info","message":"✅ Indexes created for collection: assignments","timestamp":"2026-03-09T20:28:49.750Z"}
{"level":"info","message":"✅ Indexes created for collection: submissions","timestamp":"2026-03-09T20:28:49.807Z"}
{"level":"info","message":"🎉 Database index optimization process completed","timestamp":"2026-03-09T20:28:49.807Z"}
{"level":"info","message":"Attempting to connect to MongoDB...","timestamp":"2026-03-09T20:45:43.067Z"}
{"level":"info","message":"✅ MongoDB connected successfully","timestamp":"2026-03-09T20:45:46.458Z"}
{"level":"info","message":"📊 Database: project","timestamp":"2026-03-09T20:45:46.459Z"}
{"level":"info","message":"🌐 Host: cluster0-shard-00-00.7noqj.mongodb.net","timestamp":"2026-03-09T20:45:46.459Z"}
{"level":"info","message":"🔌 Port: 27017","timestamp":"2026-03-09T20:45:46.459Z"}
{"level":"info","message":"Creating database indexes...","timestamp":"2026-03-09T20:45:46.460Z"}
{"level":"info","message":"✅ Indexes created for collection: users","timestamp":"2026-03-09T20:45:46.833Z"}
{"level":"info","message":"✅ Indexes created for collection: departments","timestamp":"2026-03-09T20:45:46.887Z"}
{"level":"info","message":"✅ Indexes created for collection: programs","timestamp":"2026-03-09T20:45:46.942Z"}
{"level":"info","message":"✅ Indexes created for collection: courses","timestamp":"2026-03-09T20:45:47.382Z"}
{"level":"info","message":"✅ Indexes created for collection: assignments","timestamp":"2026-03-09T20:45:47.438Z"}
{"level":"info","message":"✅ Indexes created for collection: submissions","timestamp":"2026-03-09T20:45:47.496Z"}
{"level":"info","message":"Attempting to connect to MongoDB...","timestamp":"2026-03-09T20:46:12.666Z"}
{"level":"info","message":"✅ MongoDB connected successfully","timestamp":"2026-03-09T20:46:13.142Z"}
{"level":"info","message":"📊 Database: project","timestamp":"2026-03-09T20:46:13.143Z"}
{"level":"info","message":"🌐 Host: cluster0-shard-00-00.7noqj.mongodb.net","timestamp":"2026-03-09T20:46:13.143Z"}
{"level":"info","message":"🔌 Port: 27017","timestamp":"2026-03-09T20:46:13.143Z"}
{"level":"info","message":"Creating database indexes...","timestamp":"2026-03-09T20:46:13.144Z"}
{"level":"info","message":"✅ Indexes created for collection: users","timestamp":"2026-03-09T20:46:13.926Z"}
{"level":"info","message":"✅ Indexes created for collection: departments","timestamp":"2026-03-09T20:46:13.985Z"}
{"level":"info","message":"✅ Indexes created for collection: programs","timestamp":"2026-03-09T20:46:14.043Z"}
{"level":"info","message":"✅ Indexes created for collection: courses","timestamp":"2026-03-09T20:46:14.103Z"}
{"level":"info","message":"✅ Indexes created for collection: assignments","timestamp":"2026-03-09T20:46:14.163Z"}
{"level":"info","message":"✅ Indexes created for collection: submissions","timestamp":"2026-03-09T20:46:14.222Z"}
{"level":"info","message":"Attempting to connect to MongoDB...","timestamp":"2026-03-09T20:47:25.002Z"}
{"level":"info","message":"Attempting to connect to MongoDB...","timestamp":"2026-03-09T20:47:25.014Z"}
{"level":"info","message":"✅ MongoDB connected successfully","timestamp":"2026-03-09T20:47:25.401Z"}
{"level":"info","message":"📊 Database: project","timestamp":"2026-03-09T20:47:25.401Z"}
{"level":"info","message":"🌐 Host: cluster0-shard-00-00.7noqj.mongodb.net","timestamp":"2026-03-09T20:47:25.401Z"}
{"level":"info","message":"🔌 Port: 27017","timestamp":"2026-03-09T20:47:25.402Z"}
{"level":"info","message":"Creating database indexes...","timestamp":"2026-03-09T20:47:25.402Z"}
{"level":"info","message":"✅ MongoDB connected successfully","timestamp":"2026-03-09T20:47:25.436Z"}
{"level":"info","message":"📊 Database: project","timestamp":"2026-03-09T20:47:25.436Z"}
{"level":"info","message":"🌐 Host: cluster0-shard-00-00.7noqj.mongodb.net","timestamp":"2026-03-09T20:47:25.437Z"}
{"level":"info","message":"🔌 Port: 27017","timestamp":"2026-03-09T20:47:25.437Z"}
{"level":"info","message":"Creating database indexes...","timestamp":"2026-03-09T20:47:25.437Z"}
{"level":"info","message":"✅ Indexes created for collection: users","timestamp":"2026-03-09T20:47:26.857Z"}
{"level":"info","message":"✅ Indexes created for collection: users","timestamp":"2026-03-09T20:47:26.883Z"}
{"level":"info","message":"✅ Indexes created for collection: departments","timestamp":"2026-03-09T20:47:26.912Z"}
{"level":"info","message":"✅ Indexes created for collection: departments","timestamp":"2026-03-09T20:47:26.939Z"}
{"level":"info","message":"✅ Indexes created for collection: programs","timestamp":"2026-03-09T20:47:26.965Z"}
{"level":"info","message":"✅ Indexes created for collection: programs","timestamp":"2026-03-09T20:47:26.997Z"}
{"level":"info","message":"✅ Indexes created for collection: courses","timestamp":"2026-03-09T20:47:27.019Z"}
{"level":"info","message":"✅ Indexes created for collection: courses","timestamp":"2026-03-09T20:47:27.053Z"}
{"level":"info","message":"✅ Indexes created for collection: assignments","timestamp":"2026-03-09T20:47:27.073Z"}
{"level":"info","message":"✅ Indexes created for collection: assignments","timestamp":"2026-03-09T20:47:27.112Z"}
{"level":"info","message":"✅ Indexes created for collection: submissions","timestamp":"2026-03-09T20:47:27.135Z"}
{"level":"info","message":"✅ Indexes created for collection: submissions","timestamp":"2026-03-09T20:47:27.171Z"}
{"level":"info","message":"Attempting to connect to MongoDB...","timestamp":"2026-03-09T20:47:58.205Z"}
{"level":"info","message":"Attempting to connect to MongoDB...","timestamp":"2026-03-09T20:47:58.255Z"}
{"level":"info","message":"✅ MongoDB connected successfully","timestamp":"2026-03-09T20:47:58.641Z"}
{"level":"info","message":"📊 Database: project","timestamp":"2026-03-09T20:47:58.642Z"}
{"level":"info","message":"🌐 Host: cluster0-shard-00-00.7noqj.mongodb.net","timestamp":"2026-03-09T20:47:58.642Z"}
{"level":"info","message":"🔌 Port: 27017","timestamp":"2026-03-09T20:47:58.643Z"}
{"level":"info","message":"Creating database indexes...","timestamp":"2026-03-09T20:47:58.643Z"}
{"level":"info","message":"✅ MongoDB connected successfully","timestamp":"2026-03-09T20:47:58.675Z"}
{"level":"info","message":"📊 Database: project","timestamp":"2026-03-09T20:47:58.676Z"}
{"level":"info","message":"🌐 Host: cluster0-shard-00-00.7noqj.mongodb.net","timestamp":"2026-03-09T20:47:58.677Z"}
{"level":"info","message":"🔌 Port: 27017","timestamp":"2026-03-09T20:47:58.677Z"}
{"level":"info","message":"Creating database indexes...","timestamp":"2026-03-09T20:47:58.677Z"}
{"level":"info","message":"✅ Indexes created for collection: users","timestamp":"2026-03-09T20:48:00.063Z"}
{"level":"info","message":"✅ Indexes created for collection: users","timestamp":"2026-03-09T20:48:00.115Z"}
{"level":"info","message":"✅ Indexes created for collection: departments","timestamp":"2026-03-09T20:48:00.119Z"}
{"level":"info","message":"✅ Indexes created for collection: departments","timestamp":"2026-03-09T20:48:00.173Z"}
{"level":"info","message":"✅ Indexes created for collection: programs","timestamp":"2026-03-09T20:48:00.177Z"}
{"level":"info","message":"✅ Indexes created for collection: programs","timestamp":"2026-03-09T20:48:00.232Z"}
{"level":"info","message":"✅ Indexes created for collection: courses","timestamp":"2026-03-09T20:48:00.235Z"}
{"level":"info","message":"✅ Indexes created for collection: assignments","timestamp":"2026-03-09T20:48:00.296Z"}
{"level":"info","message":"✅ Indexes created for collection: courses","timestamp":"2026-03-09T20:48:00.299Z"}
{"level":"info","message":"✅ Indexes created for collection: submissions","timestamp":"2026-03-09T20:48:00.352Z"}
{"level":"info","message":"✅ Indexes created for collection: assignments","timestamp":"2026-03-09T20:48:00.362Z"}
{"level":"info","message":"✅ Indexes created for collection: submissions","timestamp":"2026-03-09T20:48:00.421Z"}
{"level":"info","message":"Attempting to connect to MongoDB...","timestamp":"2026-03-09T20:48:13.156Z"}
{"level":"info","message":"Attempting to connect to MongoDB...","timestamp":"2026-03-09T20:48:13.156Z"}
{"level":"info","message":"✅ MongoDB connected successfully","timestamp":"2026-03-09T20:48:13.536Z"}
{"level":"info","message":"📊 Database: project","timestamp":"2026-03-09T20:48:13.536Z"}
{"level":"info","message":"🌐 Host: cluster0-shard-00-00.7noqj.mongodb.net","timestamp":"2026-03-09T20:48:13.536Z"}
{"level":"info","message":"🔌 Port: 27017","timestamp":"2026-03-09T20:48:13.537Z"}
{"level":"info","message":"Creating database indexes...","timestamp":"2026-03-09T20:48:13.537Z"}
{"level":"info","message":"✅ MongoDB connected successfully","timestamp":"2026-03-09T20:48:13.584Z"}
{"level":"info","message":"📊 Database: project","timestamp":"2026-03-09T20:48:13.584Z"}
{"level":"info","message":"🌐 Host: cluster0-shard-00-00.7noqj.mongodb.net","timestamp":"2026-03-09T20:48:13.584Z"}
{"level":"info","message":"🔌 Port: 27017","timestamp":"2026-03-09T20:48:13.585Z"}
{"level":"info","message":"Creating database indexes...","timestamp":"2026-03-09T20:48:13.585Z"}
{"level":"info","message":"✅ Indexes created for collection: users","timestamp":"2026-03-09T20:48:15.001Z"}
{"level":"info","message":"✅ Indexes created for collection: departments","timestamp":"2026-03-09T20:48:15.075Z"}
{"level":"info","message":"✅ Indexes created for collection: users","timestamp":"2026-03-09T20:48:15.083Z"}
{"level":"info","message":"✅ Indexes created for collection: programs","timestamp":"2026-03-09T20:48:15.130Z"}
{"level":"info","message":"✅ Indexes created for collection: departments","timestamp":"2026-03-09T20:48:15.139Z"}
{"level":"info","message":"✅ Indexes created for collection: courses","timestamp":"2026-03-09T20:48:15.186Z"}
{"level":"info","message":"✅ Indexes created for collection: programs","timestamp":"2026-03-09T20:48:15.195Z"}
{"level":"info","message":"✅ Indexes created for collection: assignments","timestamp":"2026-03-09T20:48:15.241Z"}
{"level":"info","message":"✅ Indexes created for collection: courses","timestamp":"2026-03-09T20:48:15.255Z"}
{"level":"info","message":"✅ Indexes created for collection: submissions","timestamp":"2026-03-09T20:48:15.296Z"}
{"level":"info","message":"✅ Indexes created for collection: assignments","timestamp":"2026-03-09T20:48:15.317Z"}
{"level":"info","message":"✅ Indexes created for collection: submissions","timestamp":"2026-03-09T20:48:15.374Z"}
{"level":"info","message":"Attempting to connect to MongoDB...","timestamp":"2026-03-09T20:49:06.478Z"}
{"level":"info","message":"Attempting to connect to MongoDB...","timestamp":"2026-03-09T20:49:06.479Z"}
{"level":"info","message":"✅ MongoDB connected successfully","timestamp":"2026-03-09T20:49:06.894Z"}
{"level":"info","message":"✅ MongoDB connected successfully","timestamp":"2026-03-09T20:49:06.896Z"}
{"level":"info","message":"📊 Database: project","timestamp":"2026-03-09T20:49:06.895Z"}
{"level":"info","message":"🌐 Host: cluster0-shard-00-00.7noqj.mongodb.net","timestamp":"2026-03-09T20:49:06.896Z"}
{"level":"info","message":"🔌 Port: 27017","timestamp":"2026-03-09T20:49:06.896Z"}
{"level":"info","message":"Creating database indexes...","timestamp":"2026-03-09T20:49:06.896Z"}
{"level":"info","message":"📊 Database: project","timestamp":"2026-03-09T20:49:06.897Z"}
{"level":"info","message":"🌐 Host: cluster0-shard-00-00.7noqj.mongodb.net","timestamp":"2026-03-09T20:49:06.897Z"}
{"level":"info","message":"🔌 Port: 27017","timestamp":"2026-03-09T20:49:06.897Z"}
{"level":"info","message":"Creating database indexes...","timestamp":"2026-03-09T20:49:06.898Z"}
{"level":"info","message":"✅ Indexes created for collection: users","timestamp":"2026-03-09T20:49:07.941Z"}
{"level":"info","message":"✅ Indexes created for collection: users","timestamp":"2026-03-09T20:49:07.967Z"}
{"level":"info","message":"✅ Indexes created for collection: departments","timestamp":"2026-03-09T20:49:08.692Z"}
{"level":"info","message":"✅ Indexes created for collection: departments","timestamp":"2026-03-09T20:49:08.698Z"}
{"level":"info","message":"✅ Indexes created for collection: programs","timestamp":"2026-03-09T20:49:08.750Z"}
{"level":"info","message":"✅ Indexes created for collection: programs","timestamp":"2026-03-09T20:49:08.756Z"}
{"level":"info","message":"✅ Indexes created for collection: courses","timestamp":"2026-03-09T20:49:08.807Z"}
{"level":"info","message":"✅ Indexes created for collection: courses","timestamp":"2026-03-09T20:49:08.814Z"}
{"level":"info","message":"✅ Indexes created for collection: assignments","timestamp":"2026-03-09T20:49:08.864Z"}
{"level":"info","message":"✅ Indexes created for collection: assignments","timestamp":"2026-03-09T20:49:08.871Z"}
{"level":"info","message":"✅ Indexes created for collection: submissions","timestamp":"2026-03-09T20:49:08.921Z"}
{"level":"info","message":"✅ Indexes created for collection: submissions","timestamp":"2026-03-09T20:49:08.927Z"}
{"level":"info","message":"Attempting to connect to MongoDB...","timestamp":"2026-03-09T21:09:07.304Z"}
{"level":"info","message":"Attempting to connect to MongoDB...","timestamp":"2026-03-09T21:09:07.305Z"}
{"level":"info","message":"✅ MongoDB connected successfully","timestamp":"2026-03-09T21:09:07.696Z"}
{"level":"info","message":"📊 Database: project","timestamp":"2026-03-09T21:09:07.697Z"}
{"level":"info","message":"🌐 Host: cluster0-shard-00-00.7noqj.mongodb.net","timestamp":"2026-03-09T21:09:07.697Z"}
{"level":"info","message":"🔌 Port: 27017","timestamp":"2026-03-09T21:09:07.697Z"}
{"level":"info","message":"Creating database indexes...","timestamp":"2026-03-09T21:09:07.698Z"}
{"level":"info","message":"✅ MongoDB connected successfully","timestamp":"2026-03-09T21:09:07.707Z"}
{"level":"info","message":"📊 Database: project","timestamp":"2026-03-09T21:09:07.708Z"}
{"level":"info","message":"🌐 Host: cluster0-shard-00-00.7noqj.mongodb.net","timestamp":"2026-03-09T21:09:07.708Z"}
{"level":"info","message":"🔌 Port: 27017","timestamp":"2026-03-09T21:09:07.709Z"}
{"level":"info","message":"Creating database indexes...","timestamp":"2026-03-09T21:09:07.709Z"}
{"level":"info","message":"✅ Indexes created for collection: users","timestamp":"2026-03-09T21:09:08.898Z"}
{"level":"info","message":"✅ Indexes created for collection: users","timestamp":"2026-03-09T21:09:08.918Z"}
{"level":"info","message":"✅ Indexes created for collection: departments","timestamp":"2026-03-09T21:09:08.955Z"}
{"level":"info","message":"✅ Indexes created for collection: departments","timestamp":"2026-03-09T21:09:08.989Z"}
{"level":"info","message":"✅ Indexes created for collection: programs","timestamp":"2026-03-09T21:09:09.011Z"}
{"level":"info","message":"✅ Indexes created for collection: programs","timestamp":"2026-03-09T21:09:09.044Z"}
{"level":"info","message":"✅ Indexes created for collection: courses","timestamp":"2026-03-09T21:09:09.068Z"}
{"level":"info","message":"✅ Indexes created for collection: courses","timestamp":"2026-03-09T21:09:09.100Z"}
{"level":"info","message":"✅ Indexes created for collection: assignments","timestamp":"2026-03-09T21:09:09.125Z"}
{"level":"info","message":"Attempting to connect to MongoDB...","timestamp":"2026-03-09T21:09:19.709Z"}
{"level":"info","message":"✅ MongoDB connected successfully","timestamp":"2026-03-09T21:09:20.088Z"}
{"level":"info","message":"📊 Database: project","timestamp":"2026-03-09T21:09:20.088Z"}
{"level":"info","message":"🌐 Host: cluster0-shard-00-00.7noqj.mongodb.net","timestamp":"2026-03-09T21:09:20.088Z"}
{"level":"info","message":"🔌 Port: 27017","timestamp":"2026-03-09T21:09:20.088Z"}
{"level":"info","message":"Creating database indexes...","timestamp":"2026-03-09T21:09:20.089Z"}
{"level":"info","message":"✅ Indexes created for collection: users","timestamp":"2026-03-09T21:09:20.848Z"}
{"level":"info","message":"✅ Indexes created for collection: departments","timestamp":"2026-03-09T21:09:20.903Z"}
{"level":"info","message":"✅ Indexes created for collection: programs","timestamp":"2026-03-09T21:09:20.957Z"}
{"level":"info","message":"✅ Indexes created for collection: courses","timestamp":"2026-03-09T21:09:21.013Z"}
{"level":"info","message":"✅ Indexes created for collection: assignments","timestamp":"2026-03-09T21:09:21.074Z"}
{"level":"info","message":"✅ Indexes created for collection: submissions","timestamp":"2026-03-09T21:09:21.131Z"}
{"level":"info","message":"🎉 Database index optimization process completed","timestamp":"2026-03-09T21:09:21.132Z"}
{"level":"info","message":"Attempting to connect to MongoDB...","timestamp":"2026-03-09T21:21:30.032Z"}
{"level":"info","message":"✅ MongoDB connected successfully","timestamp":"2026-03-09T21:21:30.445Z"}
{"level":"info","message":"📊 Database: project","timestamp":"2026-03-09T21:21:30.445Z"}
{"level":"info","message":"🌐 Host: cluster0-shard-00-00.7noqj.mongodb.net","timestamp":"2026-03-09T21:21:30.446Z"}
{"level":"info","message":"🔌 Port: 27017","timestamp":"2026-03-09T21:21:30.446Z"}
{"level":"info","message":"Creating database indexes...","timestamp":"2026-03-09T21:21:30.447Z"}
{"level":"info","message":"✅ Indexes created for collection: users","timestamp":"2026-03-09T21:21:31.234Z"}
{"level":"info","message":"✅ Indexes created for collection: departments","timestamp":"2026-03-09T21:21:31.300Z"}
{"level":"info","message":"✅ Indexes created for collection: programs","timestamp":"2026-03-09T21:21:31.363Z"}
{"level":"info","message":"✅ Indexes created for collection: courses","timestamp":"2026-03-09T21:21:31.450Z"}
{"level":"info","message":"✅ Indexes created for collection: assignments","timestamp":"2026-03-09T21:21:31.517Z"}
{"level":"info","message":"✅ Indexes created for collection: submissions","timestamp":"2026-03-09T21:21:31.583Z"}
{"level":"info","message":"🎉 Database index optimization process completed","timestamp":"2026-03-09T21:21:31.583Z"}
{"level":"info","message":"Attempting to connect to MongoDB...","timestamp":"2026-03-09T21:22:10.861Z"}
{"level":"info","message":"✅ MongoDB connected successfully","timestamp":"2026-03-09T21:22:11.245Z"}
{"level":"info","message":"📊 Database: project","timestamp":"2026-03-09T21:22:11.245Z"}
{"level":"info","message":"🌐 Host: cluster0-shard-00-00.7noqj.mongodb.net","timestamp":"2026-03-09T21:22:11.245Z"}
{"level":"info","message":"🔌 Port: 27017","timestamp":"2026-03-09T21:22:11.246Z"}
{"level":"info","message":"Creating database indexes...","timestamp":"2026-03-09T21:22:11.246Z"}
{"level":"info","message":"✅ Indexes created for collection: users","timestamp":"2026-03-09T21:22:12.016Z"}
{"level":"info","message":"✅ Indexes created for collection: departments","timestamp":"2026-03-09T21:22:12.173Z"}
{"level":"info","message":"✅ Indexes created for collection: programs","timestamp":"2026-03-09T21:22:12.232Z"}
{"level":"info","message":"✅ Indexes created for collection: courses","timestamp":"2026-03-09T21:22:12.287Z"}
{"level":"info","message":"✅ Indexes created for collection: assignments","timestamp":"2026-03-09T21:22:12.345Z"}
{"level":"info","message":"✅ Indexes created for collection: submissions","timestamp":"2026-03-09T21:22:12.409Z"}
{"level":"info","message":"🎉 Database index optimization process completed","timestamp":"2026-03-09T21:22:12.409Z"}
{"level":"info","message":"Attempting to connect to MongoDB...","timestamp":"2026-03-09T21:35:06.398Z"}
{"level":"info","message":"✅ MongoDB connected successfully","timestamp":"2026-03-09T21:35:06.868Z"}
{"level":"info","message":"📊 Database: project","timestamp":"2026-03-09T21:35:06.872Z"}
{"level":"info","message":"🌐 Host: cluster0-shard-00-00.7noqj.mongodb.net","timestamp":"2026-03-09T21:35:06.873Z"}
{"level":"info","message":"🔌 Port: 27017","timestamp":"2026-03-09T21:35:06.873Z"}
{"level":"info","message":"Creating database indexes...","timestamp":"2026-03-09T21:35:06.874Z"}
{"level":"info","message":"✅ Indexes created for collection: users","timestamp":"2026-03-09T21:35:08.264Z"}
{"level":"info","message":"✅ Indexes created for collection: departments","timestamp":"2026-03-09T21:35:08.318Z"}
{"level":"info","message":"✅ Indexes created for collection: programs","timestamp":"2026-03-09T21:35:08.372Z"}
{"level":"info","message":"✅ Indexes created for collection: courses","timestamp":"2026-03-09T21:35:08.427Z"}
{"level":"info","message":"✅ Indexes created for collection: assignments","timestamp":"2026-03-09T21:35:08.484Z"}
{"level":"info","message":"✅ Indexes created for collection: submissions","timestamp":"2026-03-09T21:35:08.540Z"}
{"level":"info","message":"Attempting to connect to MongoDB...","timestamp":"2026-03-09T21:42:47.481Z"}
{"level":"info","message":"✅ MongoDB connected successfully","timestamp":"2026-03-09T21:42:48.611Z"}
{"level":"info","message":"📊 Database: project","timestamp":"2026-03-09T21:42:48.611Z"}
{"level":"info","message":"🌐 Host: cluster0-shard-00-00.7noqj.mongodb.net","timestamp":"2026-03-09T21:42:48.631Z"}
{"level":"info","message":"🔌 Port: 27017","timestamp":"2026-03-09T21:42:48.632Z"}
{"level":"info","message":"Creating database indexes...","timestamp":"2026-03-09T21:42:48.633Z"}
{"level":"info","message":"✅ Indexes created for collection: users","timestamp":"2026-03-09T21:42:50.673Z"}
{"level":"info","message":"✅ Indexes created for collection: departments","timestamp":"2026-03-09T21:42:50.797Z"}
{"level":"info","message":"✅ Indexes created for collection: programs","timestamp":"2026-03-09T21:42:50.865Z"}
{"level":"info","message":"✅ Indexes created for collection: courses","timestamp":"2026-03-09T21:42:50.933Z"}
{"level":"info","message":"✅ Indexes created for collection: assignments","timestamp":"2026-03-09T21:42:50.994Z"}
{"level":"info","message":"✅ Indexes created for collection: submissions","timestamp":"2026-03-09T21:42:51.051Z"}
{"level":"info","message":"🎉 Database index optimization process completed","timestamp":"2026-03-09T21:42:51.052Z"}
{"level":"info","message":"Attempting to connect to MongoDB...","timestamp":"2026-03-09T21:52:36.433Z"}
{"level":"info","message":"✅ MongoDB connected successfully","timestamp":"2026-03-09T21:52:36.917Z"}
{"level":"info","message":"📊 Database: project","timestamp":"2026-03-09T21:52:36.918Z"}
{"level":"info","message":"🌐 Host: cluster0-shard-00-00.7noqj.mongodb.net","timestamp":"2026-03-09T21:52:36.920Z"}
{"level":"info","message":"🔌 Port: 27017","timestamp":"2026-03-09T21:52:36.921Z"}
{"level":"info","message":"Creating database indexes...","timestamp":"2026-03-09T21:52:36.922Z"}
{"level":"info","message":"✅ Indexes created for collection: users","timestamp":"2026-03-09T21:52:37.916Z"}
{"level":"info","message":"✅ Indexes created for collection: departments","timestamp":"2026-03-09T21:52:37.982Z"}
{"level":"info","message":"✅ Indexes created for collection: programs","timestamp":"2026-03-09T21:52:38.052Z"}
{"level":"info","message":"✅ Indexes created for collection: courses","timestamp":"2026-03-09T21:52:38.114Z"}
{"level":"info","message":"✅ Indexes created for collection: assignments","timestamp":"2026-03-09T21:52:38.179Z"}
{"level":"info","message":"✅ Indexes created for collection: submissions","timestamp":"2026-03-09T21:52:38.247Z"}
{"level":"info","message":"🎉 Database index optimization process completed","timestamp":"2026-03-09T21:52:38.248Z"}
{"level":"info","message":"Attempting to connect to MongoDB...","timestamp":"2026-03-09T21:52:55.456Z"}
{"level":"info","message":"✅ MongoDB connected successfully","timestamp":"2026-03-09T21:52:56.213Z"}
{"level":"info","message":"📊 Database: project","timestamp":"2026-03-09T21:52:56.228Z"}
{"level":"info","message":"🌐 Host: cluster0-shard-00-00.7noqj.mongodb.net","timestamp":"2026-03-09T21:52:56.229Z"}
{"level":"info","message":"🔌 Port: 27017","timestamp":"2026-03-09T21:52:56.229Z"}
{"level":"info","message":"Creating database indexes...","timestamp":"2026-03-09T21:52:56.229Z"}
{"level":"info","message":"✅ Indexes created for collection: users","timestamp":"2026-03-09T21:52:58.661Z"}
{"level":"info","message":"✅ Indexes created for collection: departments","timestamp":"2026-03-09T21:52:58.857Z"}
{"level":"info","message":"✅ Indexes created for collection: programs","timestamp":"2026-03-09T21:52:58.983Z"}
{"level":"info","message":"✅ Indexes created for collection: courses","timestamp":"2026-03-09T21:52:59.050Z"}
{"level":"info","message":"✅ Indexes created for collection: assignments","timestamp":"2026-03-09T21:52:59.105Z"}
{"level":"info","message":"✅ Indexes created for collection: submissions","timestamp":"2026-03-09T21:52:59.163Z"}
{"level":"info","message":"🎉 Database index optimization process completed","timestamp":"2026-03-09T21:52:59.164Z"}
{"level":"info","message":"Attempting to connect to MongoDB...","timestamp":"2026-03-09T21:55:11.056Z"}
{"level":"info","message":"✅ MongoDB connected successfully","timestamp":"2026-03-09T21:55:11.601Z"}
{"level":"info","message":"📊 Database: project","timestamp":"2026-03-09T21:55:11.620Z"}
{"level":"info","message":"🌐 Host: cluster0-shard-00-00.7noqj.mongodb.net","timestamp":"2026-03-09T21:55:11.621Z"}
{"level":"info","message":"🔌 Port: 27017","timestamp":"2026-03-09T21:55:11.621Z"}
{"level":"info","message":"Creating database indexes...","timestamp":"2026-03-09T21:55:11.632Z"}
{"level":"info","message":"✅ Indexes created for collection: users","timestamp":"2026-03-09T21:55:12.715Z"}
{"level":"info","message":"✅ Indexes created for collection: departments","timestamp":"2026-03-09T21:55:12.772Z"}
{"level":"info","message":"✅ Indexes created for collection: programs","timestamp":"2026-03-09T21:55:12.845Z"}
{"level":"info","message":"✅ Indexes created for collection: courses","timestamp":"2026-03-09T21:55:12.917Z"}
{"level":"info","message":"✅ Indexes created for collection: assignments","timestamp":"2026-03-09T21:55:13.011Z"}
{"level":"info","message":"✅ Indexes created for collection: submissions","timestamp":"2026-03-09T21:55:13.087Z"}
{"level":"info","message":"🎉 Database index optimization process completed","timestamp":"2026-03-09T21:55:13.087Z"}
{"level":"info","message":"Attempting to connect to MongoDB...","timestamp":"2026-03-09T21:55:17.584Z"}
{"level":"info","message":"✅ MongoDB connected successfully","timestamp":"2026-03-09T21:55:18.310Z"}
{"level":"info","message":"📊 Database: project","timestamp":"2026-03-09T21:55:18.311Z"}
{"level":"info","message":"🌐 Host: cluster0-shard-00-00.7noqj.mongodb.net","timestamp":"2026-03-09T21:55:18.319Z"}
{"level":"info","message":"🔌 Port: 27017","timestamp":"2026-03-09T21:55:18.321Z"}
{"level":"info","message":"Creating database indexes...","timestamp":"2026-03-09T21:55:18.326Z"}
{"level":"info","message":"✅ Indexes created for collection: users","timestamp":"2026-03-09T21:55:19.318Z"}
{"level":"info","message":"✅ Indexes created for collection: departments","timestamp":"2026-03-09T21:55:19.378Z"}
{"level":"info","message":"✅ Indexes created for collection: programs","timestamp":"2026-03-09T21:55:19.438Z"}
{"level":"info","message":"✅ Indexes created for collection: courses","timestamp":"2026-03-09T21:55:19.496Z"}
{"level":"info","message":"✅ Indexes created for collection: assignments","timestamp":"2026-03-09T21:55:19.555Z"}
{"level":"info","message":"✅ Indexes created for collection: submissions","timestamp":"2026-03-09T21:55:19.617Z"}
{"level":"info","message":"🎉 Database index optimization process completed","timestamp":"2026-03-09T21:55:19.618Z"}
{"level":"info","message":"Attempting to connect to MongoDB...","timestamp":"2026-03-09T21:56:19.065Z"}
{"level":"info","message":"✅ MongoDB connected successfully","timestamp":"2026-03-09T21:56:19.934Z"}
{"level":"info","message":"📊 Database: project","timestamp":"2026-03-09T21:56:19.944Z"}
{"level":"info","message":"🌐 Host: cluster0-shard-00-00.7noqj.mongodb.net","timestamp":"2026-03-09T21:56:19.944Z"}
{"level":"info","message":"🔌 Port: 27017","timestamp":"2026-03-09T21:56:19.945Z"}
{"level":"info","message":"Creating database indexes...","timestamp":"2026-03-09T21:56:19.946Z"}
{"level":"info","message":"✅ Indexes created for collection: users","timestamp":"2026-03-09T21:56:20.873Z"}
{"level":"info","message":"✅ Indexes created for collection: departments","timestamp":"2026-03-09T21:56:20.989Z"}
{"level":"info","message":"✅ Indexes created for collection: programs","timestamp":"2026-03-09T21:56:21.102Z"}
{"level":"info","message":"✅ Indexes created for collection: courses","timestamp":"2026-03-09T21:56:21.187Z"}
{"level":"info","message":"✅ Indexes created for collection: assignments","timestamp":"2026-03-09T21:56:21.255Z"}
{"level":"info","message":"✅ Indexes created for collection: submissions","timestamp":"2026-03-09T21:56:21.324Z"}
{"level":"info","message":"🎉 Database index optimization process completed","timestamp":"2026-03-09T21:56:21.324Z"}
{"level":"info","message":"Attempting to connect to MongoDB...","timestamp":"2026-03-09T21:56:41.514Z"}
{"level":"info","message":"✅ MongoDB connected successfully","timestamp":"2026-03-09T21:56:42.179Z"}
{"level":"info","message":"📊 Database: project","timestamp":"2026-03-09T21:56:42.179Z"}
{"level":"info","message":"🌐 Host: cluster0-shard-00-00.7noqj.mongodb.net","timestamp":"2026-03-09T21:56:42.180Z"}
{"level":"info","message":"🔌 Port: 27017","timestamp":"2026-03-09T21:56:42.180Z"}
{"level":"info","message":"Creating database indexes...","timestamp":"2026-03-09T21:56:42.181Z"}
{"level":"info","message":"✅ Indexes created for collection: users","timestamp":"2026-03-09T21:56:43.864Z"}
{"level":"info","message":"✅ Indexes created for collection: departments","timestamp":"2026-03-09T21:56:43.915Z"}
{"level":"info","message":"✅ Indexes created for collection: programs","timestamp":"2026-03-09T21:56:43.971Z"}
{"level":"info","message":"✅ Indexes created for collection: courses","timestamp":"2026-03-09T21:56:44.026Z"}
{"level":"info","message":"✅ Indexes created for collection: assignments","timestamp":"2026-03-09T21:56:44.084Z"}
{"level":"info","message":"✅ Indexes created for collection: submissions","timestamp":"2026-03-09T21:56:44.146Z"}
{"level":"info","message":"🎉 Database index optimization process completed","timestamp":"2026-03-09T21:56:44.146Z"}
{"level":"info","message":"Attempting to connect to MongoDB...","timestamp":"2026-03-09T21:57:02.680Z"}
{"level":"info","message":"✅ MongoDB connected successfully","timestamp":"2026-03-09T21:57:03.088Z"}
{"level":"info","message":"📊 Database: project","timestamp":"2026-03-09T21:57:03.088Z"}
{"level":"info","message":"🌐 Host: cluster0-shard-00-00.7noqj.mongodb.net","timestamp":"2026-03-09T21:57:03.089Z"}
{"level":"info","message":"🔌 Port: 27017","timestamp":"2026-03-09T21:57:03.089Z"}
{"level":"info","message":"Creating database indexes...","timestamp":"2026-03-09T21:57:03.090Z"}
{"level":"info","message":"✅ Indexes created for collection: users","timestamp":"2026-03-09T21:57:03.816Z"}
{"level":"info","message":"✅ Indexes created for collection: departments","timestamp":"2026-03-09T21:57:03.873Z"}
{"level":"info","message":"✅ Indexes created for collection: programs","timestamp":"2026-03-09T21:57:03.931Z"}
{"level":"info","message":"✅ Indexes created for collection: courses","timestamp":"2026-03-09T21:57:03.997Z"}
{"level":"info","message":"✅ Indexes created for collection: assignments","timestamp":"2026-03-09T21:57:04.198Z"}
{"level":"info","message":"✅ Indexes created for collection: submissions","timestamp":"2026-03-09T21:57:04.255Z"}
{"level":"info","message":"Attempting to connect to MongoDB...","timestamp":"2026-03-09T22:56:12.967Z"}
{"level":"info","message":"✅ MongoDB connected successfully","timestamp":"2026-03-09T22:56:13.444Z"}
{"level":"info","message":"📊 Database: project","timestamp":"2026-03-09T22:56:13.445Z"}
{"level":"info","message":"🌐 Host: cluster0-shard-00-00.7noqj.mongodb.net","timestamp":"2026-03-09T22:56:13.445Z"}
{"level":"info","message":"🔌 Port: 27017","timestamp":"2026-03-09T22:56:13.446Z"}
{"level":"info","message":"Creating database indexes...","timestamp":"2026-03-09T22:56:13.447Z"}
{"level":"info","message":"✅ Indexes created for collection: users","timestamp":"2026-03-09T22:56:14.199Z"}
{"level":"info","message":"✅ Indexes created for collection: departments","timestamp":"2026-03-09T22:56:14.258Z"}
{"level":"info","message":"✅ Indexes created for collection: programs","timestamp":"2026-03-09T22:56:14.315Z"}
{"level":"info","message":"✅ Indexes created for collection: courses","timestamp":"2026-03-09T22:56:14.373Z"}
{"level":"info","message":"✅ Indexes created for collection: assignments","timestamp":"2026-03-09T22:56:14.428Z"}
{"level":"info","message":"✅ Indexes created for collection: submissions","timestamp":"2026-03-09T22:56:14.485Z"}
{"level":"info","message":"🎉 Database index optimization process completed","timestamp":"2026-03-09T22:56:14.486Z"}
{"level":"info","message":"Attempting to connect to MongoDB...","timestamp":"2026-03-09T23:33:11.711Z"}
{"level":"info","message":"✅ MongoDB connected successfully","timestamp":"2026-03-09T23:33:12.434Z"}
{"level":"info","message":"📊 Database: project","timestamp":"2026-03-09T23:33:12.456Z"}
{"level":"info","message":"🌐 Host: cluster0-shard-00-00.7noqj.mongodb.net","timestamp":"2026-03-09T23:33:12.480Z"}
{"level":"info","message":"🔌 Port: 27017","timestamp":"2026-03-09T23:33:12.502Z"}
{"level":"info","message":"Creating database indexes...","timestamp":"2026-03-09T23:33:12.515Z"}
{"level":"info","message":"✅ Indexes created for collection: users","timestamp":"2026-03-09T23:33:13.828Z"}
{"level":"info","message":"✅ Indexes created for collection: departments","timestamp":"2026-03-09T23:33:14.003Z"}
{"level":"info","message":"✅ Indexes created for collection: programs","timestamp":"2026-03-09T23:33:14.128Z"}
{"level":"info","message":"✅ Indexes created for collection: courses","timestamp":"2026-03-09T23:33:14.259Z"}
{"level":"info","message":"✅ Indexes created for collection: assignments","timestamp":"2026-03-09T23:33:14.362Z"}
{"level":"info","message":"✅ Indexes created for collection: submissions","timestamp":"2026-03-09T23:33:14.523Z"}
{"level":"info","message":"🎉 Database index optimization process completed","timestamp":"2026-03-09T23:33:14.554Z"}
{"level":"info","message":"Attempting to connect to MongoDB...","timestamp":"2026-03-09T23:36:02.129Z"}
{"level":"info","message":"✅ MongoDB connected successfully","timestamp":"2026-03-09T23:36:02.578Z"}
{"level":"info","message":"📊 Database: project","timestamp":"2026-03-09T23:36:02.579Z"}
{"level":"info","message":"🌐 Host: cluster0-shard-00-00.7noqj.mongodb.net","timestamp":"2026-03-09T23:36:02.579Z"}
{"level":"info","message":"🔌 Port: 27017","timestamp":"2026-03-09T23:36:02.580Z"}
{"level":"info","message":"Creating database indexes...","timestamp":"2026-03-09T23:36:02.580Z"}
{"level":"info","message":"✅ Indexes created for collection: users","timestamp":"2026-03-09T23:36:04.014Z"}
{"level":"info","message":"✅ Indexes created for collection: departments","timestamp":"2026-03-09T23:36:04.073Z"}
{"level":"info","message":"✅ Indexes created for collection: programs","timestamp":"2026-03-09T23:36:04.133Z"}
{"level":"info","message":"✅ Indexes created for collection: courses","timestamp":"2026-03-09T23:36:04.196Z"}
{"level":"info","message":"✅ Indexes created for collection: assignments","timestamp":"2026-03-09T23:36:04.255Z"}
{"level":"info","message":"✅ Indexes created for collection: submissions","timestamp":"2026-03-09T23:36:04.313Z"}
{"level":"info","message":"🎉 Database index optimization process completed","timestamp":"2026-03-09T23:36:04.316Z"}
{"level":"info","message":"Attempting to connect to MongoDB...","timestamp":"2026-03-09T23:36:29.851Z"}
{"level":"info","message":"✅ MongoDB connected successfully","timestamp":"2026-03-09T23:36:30.256Z"}
{"level":"info","message":"📊 Database: project","timestamp":"2026-03-09T23:36:30.257Z"}
{"level":"info","message":"🌐 Host: cluster0-shard-00-00.7noqj.mongodb.net","timestamp":"2026-03-09T23:36:30.257Z"}
{"level":"info","message":"🔌 Port: 27017","timestamp":"2026-03-09T23:36:30.258Z"}
{"level":"info","message":"Creating database indexes...","timestamp":"2026-03-09T23:36:30.259Z"}
{"level":"info","message":"✅ Indexes created for collection: users","timestamp":"2026-03-09T23:36:31.032Z"}
{"level":"info","message":"✅ Indexes created for collection: departments","timestamp":"2026-03-09T23:36:31.110Z"}
{"level":"info","message":"✅ Indexes created for collection: programs","timestamp":"2026-03-09T23:36:31.176Z"}
{"level":"info","message":"✅ Indexes created for collection: courses","timestamp":"2026-03-09T23:36:31.245Z"}
{"level":"info","message":"✅ Indexes created for collection: assignments","timestamp":"2026-03-09T23:36:31.338Z"}
{"level":"info","message":"✅ Indexes created for collection: submissions","timestamp":"2026-03-09T23:36:31.459Z"}
{"level":"info","message":"🎉 Database index optimization process completed","timestamp":"2026-03-09T23:36:31.474Z"}
{"level":"info","message":"Attempting to connect to MongoDB...","timestamp":"2026-03-09T23:36:36.125Z"}
{"level":"info","message":"✅ MongoDB connected successfully","timestamp":"2026-03-09T23:36:36.705Z"}
{"level":"info","message":"📊 Database: project","timestamp":"2026-03-09T23:36:36.714Z"}
{"level":"info","message":"🌐 Host: cluster0-shard-00-00.7noqj.mongodb.net","timestamp":"2026-03-09T23:36:36.722Z"}
{"level":"info","message":"🔌 Port: 27017","timestamp":"2026-03-09T23:36:36.738Z"}
{"level":"info","message":"Creating database indexes...","timestamp":"2026-03-09T23:36:36.749Z"}
{"level":"info","message":"Attempting to connect to MongoDB...","timestamp":"2026-03-09T23:36:40.830Z"}
{"level":"info","message":"✅ MongoDB connected successfully","timestamp":"2026-03-09T23:36:41.295Z"}
{"level":"info","message":"📊 Database: project","timestamp":"2026-03-09T23:36:41.300Z"}
{"level":"info","message":"🌐 Host: cluster0-shard-00-00.7noqj.mongodb.net","timestamp":"2026-03-09T23:36:41.305Z"}
{"level":"info","message":"🔌 Port: 27017","timestamp":"2026-03-09T23:36:41.318Z"}
{"level":"info","message":"Creating database indexes...","timestamp":"2026-03-09T23:36:41.322Z"}
{"level":"info","message":"✅ Indexes created for collection: users","timestamp":"2026-03-09T23:36:42.173Z"}
{"level":"info","message":"✅ Indexes created for collection: departments","timestamp":"2026-03-09T23:36:42.236Z"}
{"level":"info","message":"✅ Indexes created for collection: programs","timestamp":"2026-03-09T23:36:42.295Z"}
{"level":"info","message":"✅ Indexes created for collection: courses","timestamp":"2026-03-09T23:36:42.365Z"}
{"level":"info","message":"✅ Indexes created for collection: assignments","timestamp":"2026-03-09T23:36:42.426Z"}
{"level":"info","message":"✅ Indexes created for collection: submissions","timestamp":"2026-03-09T23:36:42.486Z"}
{"level":"info","message":"🎉 Database index optimization process completed","timestamp":"2026-03-09T23:36:42.488Z"}
{"level":"info","message":"Attempting to connect to MongoDB...","timestamp":"2026-03-09T23:37:20.650Z"}
{"level":"info","message":"✅ MongoDB connected successfully","timestamp":"2026-03-09T23:37:21.337Z"}
{"level":"info","message":"📊 Database: project","timestamp":"2026-03-09T23:37:21.345Z"}
{"level":"info","message":"🌐 Host: cluster0-shard-00-00.7noqj.mongodb.net","timestamp":"2026-03-09T23:37:21.359Z"}
{"level":"info","message":"🔌 Port: 27017","timestamp":"2026-03-09T23:37:21.365Z"}
{"level":"info","message":"Creating database indexes...","timestamp":"2026-03-09T23:37:21.376Z"}
{"level":"info","message":"✅ Indexes created for collection: users","timestamp":"2026-03-09T23:37:22.364Z"}
{"level":"info","message":"✅ Indexes created for collection: departments","timestamp":"2026-03-09T23:37:22.444Z"}
{"level":"info","message":"✅ Indexes created for collection: programs","timestamp":"2026-03-09T23:37:22.509Z"}
{"level":"info","message":"✅ Indexes created for collection: courses","timestamp":"2026-03-09T23:37:22.578Z"}
{"level":"info","message":"✅ Indexes created for collection: assignments","timestamp":"2026-03-09T23:37:22.666Z"}
{"level":"info","message":"Attempting to connect to MongoDB...","timestamp":"2026-03-09T23:37:26.020Z"}
{"level":"info","message":"✅ MongoDB connected successfully","timestamp":"2026-03-09T23:37:26.445Z"}
{"level":"info","message":"📊 Database: project","timestamp":"2026-03-09T23:37:26.452Z"}
{"level":"info","message":"🌐 Host: cluster0-shard-00-00.7noqj.mongodb.net","timestamp":"2026-03-09T23:37:26.453Z"}
{"level":"info","message":"🔌 Port: 27017","timestamp":"2026-03-09T23:37:26.455Z"}
{"level":"info","message":"Creating database indexes...","timestamp":"2026-03-09T23:37:26.457Z"}
{"level":"info","message":"✅ Indexes created for collection: users","timestamp":"2026-03-09T23:37:27.189Z"}
{"level":"info","message":"✅ Indexes created for collection: departments","timestamp":"2026-03-09T23:37:27.245Z"}
{"level":"info","message":"✅ Indexes created for collection: programs","timestamp":"2026-03-09T23:37:27.307Z"}
{"level":"info","message":"✅ Indexes created for collection: courses","timestamp":"2026-03-09T23:37:27.365Z"}
{"level":"info","message":"✅ Indexes created for collection: assignments","timestamp":"2026-03-09T23:37:27.422Z"}
{"level":"info","message":"✅ Indexes created for collection: submissions","timestamp":"2026-03-09T23:37:27.479Z"}
{"level":"info","message":"🎉 Database index optimization process completed","timestamp":"2026-03-09T23:37:27.480Z"}
{"level":"info","message":"Attempting to connect to MongoDB...","timestamp":"2026-03-09T23:37:31.789Z"}
{"level":"info","message":"✅ MongoDB connected successfully","timestamp":"2026-03-09T23:37:32.224Z"}
{"level":"info","message":"📊 Database: project","timestamp":"2026-03-09T23:37:32.224Z"}
{"level":"info","message":"🌐 Host: cluster0-shard-00-00.7noqj.mongodb.net","timestamp":"2026-03-09T23:37:32.225Z"}
{"level":"info","message":"🔌 Port: 27017","timestamp":"2026-03-09T23:37:32.225Z"}
{"level":"info","message":"Creating database indexes...","timestamp":"2026-03-09T23:37:32.226Z"}
{"level":"info","message":"✅ Indexes created for collection: users","timestamp":"2026-03-09T23:37:33.040Z"}
{"level":"info","message":"✅ Indexes created for collection: departments","timestamp":"2026-03-09T23:37:33.113Z"}
{"level":"info","message":"✅ Indexes created for collection: programs","timestamp":"2026-03-09T23:37:33.176Z"}
{"level":"info","message":"✅ Indexes created for collection: courses","timestamp":"2026-03-09T23:37:33.243Z"}
{"level":"info","message":"✅ Indexes created for collection: assignments","timestamp":"2026-03-09T23:37:33.316Z"}
{"level":"info","message":"✅ Indexes created for collection: submissions","timestamp":"2026-03-09T23:37:33.380Z"}
{"level":"info","message":"🎉 Database index optimization process completed","timestamp":"2026-03-09T23:37:33.381Z"}
{"level":"info","message":"Attempting to connect to MongoDB...","timestamp":"2026-03-09T23:38:33.619Z"}
{"level":"info","message":"✅ MongoDB connected successfully","timestamp":"2026-03-09T23:38:34.031Z"}
{"level":"info","message":"📊 Database: project","timestamp":"2026-03-09T23:38:34.031Z"}
{"level":"info","message":"🌐 Host: cluster0-shard-00-00.7noqj.mongodb.net","timestamp":"2026-03-09T23:38:34.031Z"}
{"level":"info","message":"🔌 Port: 27017","timestamp":"2026-03-09T23:38:34.032Z"}
{"level":"info","message":"Creating database indexes...","timestamp":"2026-03-09T23:38:34.032Z"}
{"level":"info","message":"✅ Indexes created for collection: users","timestamp":"2026-03-09T23:38:34.838Z"}
{"level":"info","message":"✅ Indexes created for collection: departments","timestamp":"2026-03-09T23:38:34.901Z"}
{"level":"info","message":"✅ Indexes created for collection: programs","timestamp":"2026-03-09T23:38:34.970Z"}
{"level":"info","message":"✅ Indexes created for collection: courses","timestamp":"2026-03-09T23:38:35.035Z"}
{"level":"info","message":"✅ Indexes created for collection: assignments","timestamp":"2026-03-09T23:38:35.097Z"}
{"level":"info","message":"✅ Indexes created for collection: submissions","timestamp":"2026-03-09T23:38:35.162Z"}
{"level":"info","message":"Attempting to connect to MongoDB...","timestamp":"2026-03-09T23:39:17.883Z"}
{"level":"info","message":"✅ MongoDB connected successfully","timestamp":"2026-03-09T23:39:18.271Z"}
{"level":"info","message":"📊 Database: project","timestamp":"2026-03-09T23:39:18.272Z"}
{"level":"info","message":"🌐 Host: cluster0-shard-00-00.7noqj.mongodb.net","timestamp":"2026-03-09T23:39:18.272Z"}
{"level":"info","message":"🔌 Port: 27017","timestamp":"2026-03-09T23:39:18.272Z"}
{"level":"info","message":"Creating database indexes...","timestamp":"2026-03-09T23:39:18.272Z"}
{"level":"info","message":"✅ Indexes created for collection: users","timestamp":"2026-03-09T23:39:19.070Z"}
{"level":"info","message":"✅ Indexes created for collection: departments","timestamp":"2026-03-09T23:39:19.128Z"}
{"level":"info","message":"✅ Indexes created for collection: programs","timestamp":"2026-03-09T23:39:19.188Z"}
{"level":"info","message":"✅ Indexes created for collection: courses","timestamp":"2026-03-09T23:39:19.246Z"}
{"level":"info","message":"✅ Indexes created for collection: assignments","timestamp":"2026-03-09T23:39:19.304Z"}
{"level":"info","message":"✅ Indexes created for collection: submissions","timestamp":"2026-03-09T23:39:19.362Z"}
{"level":"info","message":"🎉 Database index optimization process completed","timestamp":"2026-03-09T23:39:19.363Z"}
{"level":"info","message":"Attempting to connect to MongoDB...","timestamp":"2026-03-09T23:39:25.035Z"}
{"level":"info","message":"✅ MongoDB connected successfully","timestamp":"2026-03-09T23:39:25.452Z"}
{"level":"info","message":"📊 Database: project","timestamp":"2026-03-09T23:39:25.453Z"}
{"level":"info","message":"🌐 Host: cluster0-shard-00-00.7noqj.mongodb.net","timestamp":"2026-03-09T23:39:25.453Z"}
{"level":"info","message":"🔌 Port: 27017","timestamp":"2026-03-09T23:39:25.453Z"}
{"level":"info","message":"Creating database indexes...","timestamp":"2026-03-09T23:39:25.454Z"}
{"level":"info","message":"✅ Indexes created for collection: users","timestamp":"2026-03-09T23:39:26.238Z"}
{"level":"info","message":"✅ Indexes created for collection: departments","timestamp":"2026-03-09T23:39:26.297Z"}
{"level":"info","message":"✅ Indexes created for collection: programs","timestamp":"2026-03-09T23:39:26.354Z"}
{"level":"info","message":"✅ Indexes created for collection: courses","timestamp":"2026-03-09T23:39:26.411Z"}
{"level":"info","message":"✅ Indexes created for collection: assignments","timestamp":"2026-03-09T23:39:26.471Z"}
{"level":"info","message":"✅ Indexes created for collection: submissions","timestamp":"2026-03-09T23:39:26.526Z"}
{"level":"info","message":"🎉 Database index optimization process completed","timestamp":"2026-03-09T23:39:26.526Z"}
{"level":"info","message":"Attempting to connect to MongoDB...","timestamp":"2026-03-09T23:39:32.538Z"}
{"level":"info","message":"✅ MongoDB connected successfully","timestamp":"2026-03-09T23:39:33.009Z"}
{"level":"info","message":"📊 Database: project","timestamp":"2026-03-09T23:39:33.010Z"}
{"level":"info","message":"🌐 Host: cluster0-shard-00-00.7noqj.mongodb.net","timestamp":"2026-03-09T23:39:33.010Z"}
{"level":"info","message":"🔌 Port: 27017","timestamp":"2026-03-09T23:39:33.011Z"}
{"level":"info","message":"Creating database indexes...","timestamp":"2026-03-09T23:39:33.014Z"}
{"level":"info","message":"✅ Indexes created for collection: users","timestamp":"2026-03-09T23:39:33.869Z"}
{"level":"info","message":"✅ Indexes created for collection: departments","timestamp":"2026-03-09T23:39:33.933Z"}
{"level":"info","message":"✅ Indexes created for collection: programs","timestamp":"2026-03-09T23:39:34.008Z"}
{"level":"info","message":"✅ Indexes created for collection: courses","timestamp":"2026-03-09T23:39:34.078Z"}
{"level":"info","message":"✅ Indexes created for collection: assignments","timestamp":"2026-03-09T23:39:34.147Z"}
{"level":"info","message":"✅ Indexes created for collection: submissions","timestamp":"2026-03-09T23:39:34.214Z"}
{"level":"info","message":"🎉 Database index optimization process completed","timestamp":"2026-03-09T23:39:34.215Z"}
{"level":"info","message":"Attempting to connect to MongoDB...","timestamp":"2026-03-09T23:41:24.927Z"}
{"level":"info","message":"✅ MongoDB connected successfully","timestamp":"2026-03-09T23:41:25.337Z"}
{"level":"info","message":"📊 Database: project","timestamp":"2026-03-09T23:41:25.337Z"}
{"level":"info","message":"🌐 Host: cluster0-shard-00-00.7noqj.mongodb.net","timestamp":"2026-03-09T23:41:25.338Z"}
{"level":"info","message":"🔌 Port: 27017","timestamp":"2026-03-09T23:41:25.338Z"}
{"level":"info","message":"Creating database indexes...","timestamp":"2026-03-09T23:41:25.346Z"}
{"level":"info","message":"✅ Indexes created for collection: users","timestamp":"2026-03-09T23:41:26.376Z"}
{"level":"info","message":"✅ Indexes created for collection: departments","timestamp":"2026-03-09T23:41:26.526Z"}
{"level":"info","message":"✅ Indexes created for collection: programs","timestamp":"2026-03-09T23:41:26.628Z"}
{"level":"info","message":"✅ Indexes created for collection: courses","timestamp":"2026-03-09T23:41:26.712Z"}
{"level":"info","message":"✅ Indexes created for collection: assignments","timestamp":"2026-03-09T23:41:26.777Z"}
{"level":"info","message":"✅ Indexes created for collection: submissions","timestamp":"2026-03-09T23:41:26.851Z"}
{"level":"info","message":"🎉 Database index optimization process completed","timestamp":"2026-03-09T23:41:26.851Z"}
{"level":"info","message":"Attempting to connect to MongoDB...","timestamp":"2026-03-09T23:41:42.315Z"}
{"level":"info","message":"✅ MongoDB connected successfully","timestamp":"2026-03-09T23:41:42.727Z"}
{"level":"info","message":"📊 Database: project","timestamp":"2026-03-09T23:41:42.728Z"}
{"level":"info","message":"🌐 Host: cluster0-shard-00-00.7noqj.mongodb.net","timestamp":"2026-03-09T23:41:42.728Z"}
{"level":"info","message":"🔌 Port: 27017","timestamp":"2026-03-09T23:41:42.728Z"}
{"level":"info","message":"Creating database indexes...","timestamp":"2026-03-09T23:41:42.728Z"}
{"level":"info","message":"✅ Indexes created for collection: users","timestamp":"2026-03-09T23:41:43.598Z"}
{"level":"info","message":"✅ Indexes created for collection: departments","timestamp":"2026-03-09T23:41:43.674Z"}
{"level":"info","message":"✅ Indexes created for collection: programs","timestamp":"2026-03-09T23:41:43.730Z"}
{"level":"info","message":"✅ Indexes created for collection: courses","timestamp":"2026-03-09T23:41:43.805Z"}
{"level":"info","message":"✅ Indexes created for collection: assignments","timestamp":"2026-03-09T23:41:43.865Z"}
{"level":"info","message":"✅ Indexes created for collection: submissions","timestamp":"2026-03-09T23:41:43.922Z"}
{"level":"info","message":"🎉 Database index optimization process completed","timestamp":"2026-03-09T23:41:43.922Z"}
{"level":"info","message":"Attempting to connect to MongoDB...","timestamp":"2026-03-09T23:41:58.637Z"}
{"level":"info","message":"✅ MongoDB connected successfully","timestamp":"2026-03-09T23:41:59.011Z"}
{"level":"info","message":"📊 Database: project","timestamp":"2026-03-09T23:41:59.012Z"}
{"level":"info","message":"🌐 Host: cluster0-shard-00-00.7noqj.mongodb.net","timestamp":"2026-03-09T23:41:59.012Z"}
{"level":"info","message":"🔌 Port: 27017","timestamp":"2026-03-09T23:41:59.012Z"}
{"level":"info","message":"Creating database indexes...","timestamp":"2026-03-09T23:41:59.012Z"}
{"level":"info","message":"✅ Indexes created for collection: users","timestamp":"2026-03-09T23:41:59.862Z"}
{"level":"info","message":"✅ Indexes created for collection: departments","timestamp":"2026-03-09T23:41:59.926Z"}
{"level":"info","message":"✅ Indexes created for collection: programs","timestamp":"2026-03-09T23:41:59.983Z"}
{"level":"info","message":"✅ Indexes created for collection: courses","timestamp":"2026-03-09T23:42:00.041Z"}
{"level":"info","message":"✅ Indexes created for collection: assignments","timestamp":"2026-03-09T23:42:00.097Z"}
{"level":"info","message":"✅ Indexes created for collection: submissions","timestamp":"2026-03-09T23:42:00.158Z"}
{"level":"info","message":"🎉 Database index optimization process completed","timestamp":"2026-03-09T23:42:00.158Z"}
{"level":"info","message":"Attempting to connect to MongoDB...","timestamp":"2026-03-09T23:42:15.790Z"}
{"level":"info","message":"✅ MongoDB connected successfully","timestamp":"2026-03-09T23:42:16.316Z"}
{"level":"info","message":"📊 Database: project","timestamp":"2026-03-09T23:42:16.316Z"}
{"level":"info","message":"🌐 Host: cluster0-shard-00-00.7noqj.mongodb.net","timestamp":"2026-03-09T23:42:16.317Z"}
{"level":"info","message":"🔌 Port: 27017","timestamp":"2026-03-09T23:42:16.323Z"}
{"level":"info","message":"Creating database indexes...","timestamp":"2026-03-09T23:42:16.324Z"}
{"level":"info","message":"✅ Indexes created for collection: users","timestamp":"2026-03-09T23:42:17.353Z"}
{"level":"info","message":"✅ Indexes created for collection: departments","timestamp":"2026-03-09T23:42:17.470Z"}
{"level":"info","message":"✅ Indexes created for collection: programs","timestamp":"2026-03-09T23:42:17.537Z"}
{"level":"info","message":"✅ Indexes created for collection: courses","timestamp":"2026-03-09T23:42:17.592Z"}
{"level":"info","message":"✅ Indexes created for collection: assignments","timestamp":"2026-03-09T23:42:17.648Z"}
{"level":"info","message":"✅ Indexes created for collection: submissions","timestamp":"2026-03-09T23:42:17.706Z"}
{"level":"info","message":"🎉 Database index optimization process completed","timestamp":"2026-03-09T23:42:17.707Z"}
{"level":"info","message":"Attempting to connect to MongoDB...","timestamp":"2026-03-09T23:42:24.451Z"}
{"level":"info","message":"✅ MongoDB connected successfully","timestamp":"2026-03-09T23:42:24.885Z"}
{"level":"info","message":"📊 Database: project","timestamp":"2026-03-09T23:42:24.885Z"}
{"level":"info","message":"🌐 Host: cluster0-shard-00-00.7noqj.mongodb.net","timestamp":"2026-03-09T23:42:24.885Z"}
{"level":"info","message":"🔌 Port: 27017","timestamp":"2026-03-09T23:42:24.886Z"}
{"level":"info","message":"Creating database indexes...","timestamp":"2026-03-09T23:42:24.886Z"}
{"level":"info","message":"✅ Indexes created for collection: users","timestamp":"2026-03-09T23:42:25.813Z"}
{"level":"info","message":"✅ Indexes created for collection: departments","timestamp":"2026-03-09T23:42:25.877Z"}
{"level":"info","message":"✅ Indexes created for collection: programs","timestamp":"2026-03-09T23:42:25.932Z"}
{"level":"info","message":"✅ Indexes created for collection: courses","timestamp":"2026-03-09T23:42:25.993Z"}
{"level":"info","message":"✅ Indexes created for collection: assignments","timestamp":"2026-03-09T23:42:26.048Z"}
{"level":"info","message":"✅ Indexes created for collection: submissions","timestamp":"2026-03-09T23:42:26.103Z"}
{"level":"info","message":"🎉 Database index optimization process completed","timestamp":"2026-03-09T23:42:26.104Z"}
{"level":"info","message":"Attempting to connect to MongoDB...","timestamp":"2026-03-09T23:42:33.952Z"}
{"level":"info","message":"✅ MongoDB connected successfully","timestamp":"2026-03-09T23:42:34.382Z"}
{"level":"info","message":"📊 Database: project","timestamp":"2026-03-09T23:42:34.386Z"}
{"level":"info","message":"🌐 Host: cluster0-shard-00-00.7noqj.mongodb.net","timestamp":"2026-03-09T23:42:34.386Z"}
{"level":"info","message":"🔌 Port: 27017","timestamp":"2026-03-09T23:42:34.388Z"}
{"level":"info","message":"Creating database indexes...","timestamp":"2026-03-09T23:42:34.391Z"}
{"level":"info","message":"✅ Indexes created for collection: users","timestamp":"2026-03-09T23:42:35.337Z"}
{"level":"info","message":"✅ Indexes created for collection: departments","timestamp":"2026-03-09T23:42:35.399Z"}
{"level":"info","message":"✅ Indexes created for collection: programs","timestamp":"2026-03-09T23:42:35.460Z"}
{"level":"info","message":"✅ Indexes created for collection: courses","timestamp":"2026-03-09T23:42:35.530Z"}
{"level":"info","message":"✅ Indexes created for collection: assignments","timestamp":"2026-03-09T23:42:35.592Z"}
{"level":"info","message":"✅ Indexes created for collection: submissions","timestamp":"2026-03-09T23:42:35.653Z"}
{"level":"info","message":"🎉 Database index optimization process completed","timestamp":"2026-03-09T23:42:35.654Z"}
{"level":"info","message":"Attempting to connect to MongoDB...","timestamp":"2026-03-09T23:42:42.466Z"}
{"level":"info","message":"✅ MongoDB connected successfully","timestamp":"2026-03-09T23:42:42.858Z"}
{"level":"info","message":"📊 Database: project","timestamp":"2026-03-09T23:42:42.858Z"}
{"level":"info","message":"🌐 Host: cluster0-shard-00-00.7noqj.mongodb.net","timestamp":"2026-03-09T23:42:42.858Z"}
{"level":"info","message":"🔌 Port: 27017","timestamp":"2026-03-09T23:42:42.859Z"}
{"level":"info","message":"Creating database indexes...","timestamp":"2026-03-09T23:42:42.860Z"}
{"level":"info","message":"✅ Indexes created for collection: users","timestamp":"2026-03-09T23:42:43.641Z"}
{"level":"info","message":"✅ Indexes created for collection: departments","timestamp":"2026-03-09T23:42:43.697Z"}
{"level":"info","message":"✅ Indexes created for collection: programs","timestamp":"2026-03-09T23:42:43.760Z"}
{"level":"info","message":"✅ Indexes created for collection: courses","timestamp":"2026-03-09T23:42:43.831Z"}
{"level":"info","message":"✅ Indexes created for collection: assignments","timestamp":"2026-03-09T23:42:43.893Z"}
{"level":"info","message":"✅ Indexes created for collection: submissions","timestamp":"2026-03-09T23:42:43.950Z"}
{"level":"info","message":"🎉 Database index optimization process completed","timestamp":"2026-03-09T23:42:43.950Z"}
{"level":"info","message":"Attempting to connect to MongoDB...","timestamp":"2026-03-09T23:42:54.737Z"}
{"level":"info","message":"✅ MongoDB connected successfully","timestamp":"2026-03-09T23:42:55.137Z"}
{"level":"info","message":"📊 Database: project","timestamp":"2026-03-09T23:42:55.138Z"}
{"level":"info","message":"🌐 Host: cluster0-shard-00-00.7noqj.mongodb.net","timestamp":"2026-03-09T23:42:55.138Z"}
{"level":"info","message":"🔌 Port: 27017","timestamp":"2026-03-09T23:42:55.138Z"}
{"level":"info","message":"Creating database indexes...","timestamp":"2026-03-09T23:42:55.139Z"}
{"level":"info","message":"✅ Indexes created for collection: users","timestamp":"2026-03-09T23:42:55.917Z"}
{"level":"info","message":"✅ Indexes created for collection: departments","timestamp":"2026-03-09T23:42:55.977Z"}
{"level":"info","message":"✅ Indexes created for collection: programs","timestamp":"2026-03-09T23:42:56.040Z"}
{"level":"info","message":"✅ Indexes created for collection: courses","timestamp":"2026-03-09T23:42:56.097Z"}
{"level":"info","message":"✅ Indexes created for collection: assignments","timestamp":"2026-03-09T23:42:56.155Z"}
{"level":"info","message":"✅ Indexes created for collection: submissions","timestamp":"2026-03-09T23:42:56.218Z"}
{"level":"info","message":"🎉 Database index optimization process completed","timestamp":"2026-03-09T23:42:56.218Z"}
{"level":"info","message":"Attempting to connect to MongoDB...","timestamp":"2026-03-09T23:58:09.381Z"}
{"level":"info","message":"✅ MongoDB connected successfully","timestamp":"2026-03-09T23:58:09.903Z"}
{"level":"info","message":"📊 Database: project","timestamp":"2026-03-09T23:58:09.903Z"}
{"level":"info","message":"🌐 Host: cluster0-shard-00-00.7noqj.mongodb.net","timestamp":"2026-03-09T23:58:09.904Z"}
{"level":"info","message":"🔌 Port: 27017","timestamp":"2026-03-09T23:58:09.904Z"}
{"level":"info","message":"Creating database indexes...","timestamp":"2026-03-09T23:58:09.904Z"}
{"level":"info","message":"✅ Indexes created for collection: users","timestamp":"2026-03-09T23:58:10.694Z"}
{"level":"info","message":"✅ Indexes created for collection: departments","timestamp":"2026-03-09T23:58:10.757Z"}
{"level":"info","message":"✅ Indexes created for collection: programs","timestamp":"2026-03-09T23:58:10.819Z"}
{"level":"info","message":"✅ Indexes created for collection: courses","timestamp":"2026-03-09T23:58:10.883Z"}
{"level":"info","message":"✅ Indexes created for collection: assignments","timestamp":"2026-03-09T23:58:10.945Z"}
{"level":"info","message":"✅ Indexes created for collection: submissions","timestamp":"2026-03-09T23:58:11.009Z"}
{"level":"info","message":"🎉 Database index optimization process completed","timestamp":"2026-03-09T23:58:11.009Z"}
{"level":"info","message":"Attempting to connect to MongoDB...","timestamp":"2026-03-10T00:26:53.982Z"}
{"level":"info","message":"✅ MongoDB connected successfully","timestamp":"2026-03-10T00:26:54.418Z"}
{"level":"info","message":"📊 Database: project","timestamp":"2026-03-10T00:26:54.418Z"}
{"level":"info","message":"🌐 Host: cluster0-shard-00-00.7noqj.mongodb.net","timestamp":"2026-03-10T00:26:54.418Z"}
{"level":"info","message":"🔌 Port: 27017","timestamp":"2026-03-10T00:26:54.419Z"}
{"level":"info","message":"Creating database indexes...","timestamp":"2026-03-10T00:26:54.419Z"}
{"level":"info","message":"✅ Indexes created for collection: users","timestamp":"2026-03-10T00:26:55.187Z"}
{"level":"info","message":"✅ Indexes created for collection: departments","timestamp":"2026-03-10T00:26:55.249Z"}
{"level":"info","message":"✅ Indexes created for collection: programs","timestamp":"2026-03-10T00:26:55.313Z"}
{"level":"info","message":"✅ Indexes created for collection: courses","timestamp":"2026-03-10T00:26:55.376Z"}
{"level":"info","message":"✅ Indexes created for collection: assignments","timestamp":"2026-03-10T00:26:55.441Z"}
{"level":"info","message":"✅ Indexes created for collection: submissions","timestamp":"2026-03-10T00:26:55.505Z"}
{"level":"info","message":"🎉 Database index optimization process completed","timestamp":"2026-03-10T00:26:55.505Z"}
{"level":"warn","message":"⚠️ MongoDB connection disconnected","timestamp":"2026-03-10T00:50:30.566Z"}
{"level":"info","message":"📡 MongoDB connection established","timestamp":"2026-03-10T12:05:36.438Z"}
{"level":"info","message":"🔄 MongoDB connection reconnected","timestamp":"2026-03-10T12:05:36.438Z"}
{"level":"info","message":"Attempting to connect to MongoDB...","timestamp":"2026-03-10T12:08:10.768Z"}
{"level":"info","message":"✅ MongoDB connected successfully","timestamp":"2026-03-10T12:08:11.206Z"}
{"level":"info","message":"📊 Database: project","timestamp":"2026-03-10T12:08:11.206Z"}
{"level":"info","message":"🌐 Host: cluster0-shard-00-00.7noqj.mongodb.net","timestamp":"2026-03-10T12:08:11.207Z"}
{"level":"info","message":"🔌 Port: 27017","timestamp":"2026-03-10T12:08:11.207Z"}
{"level":"info","message":"Creating database indexes...","timestamp":"2026-03-10T12:08:11.207Z"}
{"level":"info","message":"✅ Indexes created for collection: users","timestamp":"2026-03-10T12:08:11.998Z"}
{"level":"info","message":"✅ Indexes created for collection: departments","timestamp":"2026-03-10T12:08:12.066Z"}
{"level":"info","message":"✅ Indexes created for collection: programs","timestamp":"2026-03-10T12:08:12.124Z"}
{"level":"info","message":"✅ Indexes created for collection: courses","timestamp":"2026-03-10T12:08:12.186Z"}
{"level":"info","message":"✅ Indexes created for collection: assignments","timestamp":"2026-03-10T12:08:12.247Z"}
{"level":"info","message":"✅ Indexes created for collection: submissions","timestamp":"2026-03-10T12:08:12.305Z"}
{"level":"info","message":"🎉 Database index optimization process completed","timestamp":"2026-03-10T12:08:12.305Z"}
{"level":"info","message":"Attempting to connect to MongoDB...","timestamp":"2026-03-10T12:08:51.758Z"}
{"level":"info","message":"✅ MongoDB connected successfully","timestamp":"2026-03-10T12:08:52.184Z"}
{"level":"info","message":"📊 Database: project","timestamp":"2026-03-10T12:08:52.185Z"}
{"level":"info","message":"🌐 Host: cluster0-shard-00-00.7noqj.mongodb.net","timestamp":"2026-03-10T12:08:52.185Z"}
{"level":"info","message":"🔌 Port: 27017","timestamp":"2026-03-10T12:08:52.188Z"}
{"level":"info","message":"Creating database indexes...","timestamp":"2026-03-10T12:08:52.189Z"}
{"level":"info","message":"✅ Indexes created for collection: users","timestamp":"2026-03-10T12:08:53.002Z"}
{"level":"info","message":"✅ Indexes created for collection: departments","timestamp":"2026-03-10T12:08:53.074Z"}
{"level":"info","message":"✅ Indexes created for collection: programs","timestamp":"2026-03-10T12:08:53.134Z"}
{"level":"info","message":"✅ Indexes created for collection: courses","timestamp":"2026-03-10T12:08:53.195Z"}
{"level":"info","message":"✅ Indexes created for collection: assignments","timestamp":"2026-03-10T12:08:53.253Z"}
{"level":"info","message":"✅ Indexes created for collection: submissions","timestamp":"2026-03-10T12:08:53.312Z"}
{"level":"info","message":"🎉 Database index optimization process completed","timestamp":"2026-03-10T12:08:53.312Z"}
{"level":"info","message":"Attempting to connect to MongoDB...","timestamp":"2026-03-10T12:09:32.591Z"}
{"level":"info","message":"✅ MongoDB connected successfully","timestamp":"2026-03-10T12:09:33.075Z"}
{"level":"info","message":"📊 Database: project","timestamp":"2026-03-10T12:09:33.075Z"}
{"level":"info","message":"🌐 Host: cluster0-shard-00-00.7noqj.mongodb.net","timestamp":"2026-03-10T12:09:33.075Z"}
{"level":"info","message":"🔌 Port: 27017","timestamp":"2026-03-10T12:09:33.075Z"}
{"level":"info","message":"Creating database indexes...","timestamp":"2026-03-10T12:09:33.075Z"}
{"level":"info","message":"✅ Indexes created for collection: users","timestamp":"2026-03-10T12:09:33.896Z"}
{"level":"info","message":"✅ Indexes created for collection: departments","timestamp":"2026-03-10T12:09:33.954Z"}
{"level":"info","message":"✅ Indexes created for collection: programs","timestamp":"2026-03-10T12:09:34.014Z"}
{"level":"info","message":"✅ Indexes created for collection: courses","timestamp":"2026-03-10T12:09:34.084Z"}
{"level":"info","message":"✅ Indexes created for collection: assignments","timestamp":"2026-03-10T12:09:34.144Z"}
{"level":"info","message":"✅ Indexes created for collection: submissions","timestamp":"2026-03-10T12:09:34.202Z"}
{"level":"info","message":"🎉 Database index optimization process completed","timestamp":"2026-03-10T12:09:34.203Z"}
{"level":"info","message":"Attempting to connect to MongoDB...","timestamp":"2026-03-10T12:10:48.237Z"}
{"level":"info","message":"✅ MongoDB connected successfully","timestamp":"2026-03-10T12:10:48.812Z"}
{"level":"info","message":"📊 Database: project","timestamp":"2026-03-10T12:10:48.812Z"}
{"level":"info","message":"🌐 Host: cluster0-shard-00-00.7noqj.mongodb.net","timestamp":"2026-03-10T12:10:48.813Z"}
{"level":"info","message":"🔌 Port: 27017","timestamp":"2026-03-10T12:10:48.813Z"}
{"level":"info","message":"Creating database indexes...","timestamp":"2026-03-10T12:10:48.814Z"}
{"level":"info","message":"✅ Indexes created for collection: users","timestamp":"2026-03-10T12:10:50.158Z"}
{"level":"info","message":"✅ Indexes created for collection: departments","timestamp":"2026-03-10T12:10:50.254Z"}
{"level":"info","message":"✅ Indexes created for collection: programs","timestamp":"2026-03-10T12:10:50.324Z"}
{"level":"info","message":"✅ Indexes created for collection: courses","timestamp":"2026-03-10T12:10:50.457Z"}
{"level":"info","message":"✅ Indexes created for collection: assignments","timestamp":"2026-03-10T12:10:50.524Z"}
{"level":"info","message":"✅ Indexes created for collection: submissions","timestamp":"2026-03-10T12:10:50.582Z"}
{"level":"info","message":"🎉 Database index optimization process completed","timestamp":"2026-03-10T12:10:50.582Z"}
{"level":"info","message":"Attempting to connect to MongoDB...","timestamp":"2026-03-10T12:11:13.030Z"}
{"level":"info","message":"✅ MongoDB connected successfully","timestamp":"2026-03-10T12:11:13.421Z"}
{"level":"info","message":"📊 Database: project","timestamp":"2026-03-10T12:11:13.421Z"}
{"level":"info","message":"🌐 Host: cluster0-shard-00-00.7noqj.mongodb.net","timestamp":"2026-03-10T12:11:13.421Z"}
{"level":"info","message":"🔌 Port: 27017","timestamp":"2026-03-10T12:11:13.421Z"}
{"level":"info","message":"Creating database indexes...","timestamp":"2026-03-10T12:11:13.422Z"}
{"level":"info","message":"✅ Indexes created for collection: users","timestamp":"2026-03-10T12:11:14.288Z"}
{"level":"info","message":"✅ Indexes created for collection: departments","timestamp":"2026-03-10T12:11:14.365Z"}
{"level":"info","message":"✅ Indexes created for collection: programs","timestamp":"2026-03-10T12:11:14.434Z"}
{"level":"info","message":"✅ Indexes created for collection: courses","timestamp":"2026-03-10T12:11:14.503Z"}
{"level":"info","message":"✅ Indexes created for collection: assignments","timestamp":"2026-03-10T12:11:14.572Z"}
{"level":"info","message":"✅ Indexes created for collection: submissions","timestamp":"2026-03-10T12:11:14.641Z"}
{"level":"info","message":"🎉 Database index optimization process completed","timestamp":"2026-03-10T12:11:14.641Z"}
{"level":"info","message":"Attempting to connect to MongoDB...","timestamp":"2026-03-10T12:13:52.640Z"}
{"level":"info","message":"✅ MongoDB connected successfully","timestamp":"2026-03-10T12:13:53.550Z"}
{"level":"info","message":"📊 Database: project","timestamp":"2026-03-10T12:13:53.552Z"}
{"level":"info","message":"🌐 Host: cluster0-shard-00-00.7noqj.mongodb.net","timestamp":"2026-03-10T12:13:53.552Z"}
{"level":"info","message":"🔌 Port: 27017","timestamp":"2026-03-10T12:13:53.557Z"}
{"level":"info","message":"Creating database indexes...","timestamp":"2026-03-10T12:13:53.558Z"}
{"level":"info","message":"✅ Indexes created for collection: users","timestamp":"2026-03-10T12:13:54.622Z"}
{"level":"info","message":"✅ Indexes created for collection: departments","timestamp":"2026-03-10T12:13:54.686Z"}
{"level":"info","message":"✅ Indexes created for collection: programs","timestamp":"2026-03-10T12:13:54.748Z"}
{"level":"info","message":"✅ Indexes created for collection: courses","timestamp":"2026-03-10T12:13:54.812Z"}
{"level":"info","message":"✅ Indexes created for collection: assignments","timestamp":"2026-03-10T12:13:55.129Z"}
{"level":"info","message":"✅ Indexes created for collection: submissions","timestamp":"2026-03-10T12:13:55.191Z"}
{"level":"info","message":"🎉 Database index optimization process completed","timestamp":"2026-03-10T12:13:55.191Z"}
{"level":"info","message":"Attempting to connect to MongoDB...","timestamp":"2026-03-10T12:14:26.293Z"}
{"level":"info","message":"✅ MongoDB connected successfully","timestamp":"2026-03-10T12:14:26.686Z"}
{"level":"info","message":"📊 Database: project","timestamp":"2026-03-10T12:14:26.686Z"}
{"level":"info","message":"🌐 Host: cluster0-shard-00-00.7noqj.mongodb.net","timestamp":"2026-03-10T12:14:26.686Z"}
{"level":"info","message":"🔌 Port: 27017","timestamp":"2026-03-10T12:14:26.687Z"}
{"level":"info","message":"Creating database indexes...","timestamp":"2026-03-10T12:14:26.687Z"}
{"level":"info","message":"✅ Indexes created for collection: users","timestamp":"2026-03-10T12:14:27.493Z"}
{"level":"info","message":"✅ Indexes created for collection: departments","timestamp":"2026-03-10T12:14:27.562Z"}
{"level":"info","message":"✅ Indexes created for collection: programs","timestamp":"2026-03-10T12:14:27.619Z"}
{"level":"info","message":"✅ Indexes created for collection: courses","timestamp":"2026-03-10T12:14:27.679Z"}
{"level":"info","message":"✅ Indexes created for collection: assignments","timestamp":"2026-03-10T12:14:27.737Z"}
{"level":"info","message":"✅ Indexes created for collection: submissions","timestamp":"2026-03-10T12:14:27.794Z"}
{"level":"info","message":"🎉 Database index optimization process completed","timestamp":"2026-03-10T12:14:27.795Z"}
{"level":"info","message":"Attempting to connect to MongoDB...","timestamp":"2026-03-10T12:14:49.712Z"}
{"level":"info","message":"✅ MongoDB connected successfully","timestamp":"2026-03-10T12:14:50.091Z"}
{"level":"info","message":"📊 Database: project","timestamp":"2026-03-10T12:14:50.091Z"}
{"level":"info","message":"🌐 Host: cluster0-shard-00-00.7noqj.mongodb.net","timestamp":"2026-03-10T12:14:50.091Z"}
{"level":"info","message":"🔌 Port: 27017","timestamp":"2026-03-10T12:14:50.092Z"}
{"level":"info","message":"Creating database indexes...","timestamp":"2026-03-10T12:14:50.092Z"}
{"level":"info","message":"✅ Indexes created for collection: users","timestamp":"2026-03-10T12:14:50.919Z"}
{"level":"info","message":"✅ Indexes created for collection: departments","timestamp":"2026-03-10T12:14:50.993Z"}
{"level":"info","message":"✅ Indexes created for collection: programs","timestamp":"2026-03-10T12:14:51.063Z"}
{"level":"info","message":"✅ Indexes created for collection: courses","timestamp":"2026-03-10T12:14:51.137Z"}
{"level":"info","message":"✅ Indexes created for collection: assignments","timestamp":"2026-03-10T12:14:51.209Z"}
{"level":"info","message":"✅ Indexes created for collection: submissions","timestamp":"2026-03-10T12:14:51.282Z"}
{"level":"info","message":"🎉 Database index optimization process completed","timestamp":"2026-03-10T12:14:51.283Z"}
{"level":"info","message":"Attempting to connect to MongoDB...","timestamp":"2026-03-10T12:18:37.889Z"}
{"level":"info","message":"✅ MongoDB connected successfully","timestamp":"2026-03-10T12:18:38.357Z"}
{"level":"info","message":"📊 Database: project","timestamp":"2026-03-10T12:18:38.357Z"}
{"level":"info","message":"🌐 Host: cluster0-shard-00-00.7noqj.mongodb.net","timestamp":"2026-03-10T12:18:38.357Z"}
{"level":"info","message":"🔌 Port: 27017","timestamp":"2026-03-10T12:18:38.357Z"}
{"level":"info","message":"Creating database indexes...","timestamp":"2026-03-10T12:18:38.358Z"}
{"level":"info","message":"✅ Indexes created for collection: users","timestamp":"2026-03-10T12:18:39.229Z"}
{"level":"info","message":"✅ Indexes created for collection: departments","timestamp":"2026-03-10T12:18:39.306Z"}
{"level":"info","message":"✅ Indexes created for collection: programs","timestamp":"2026-03-10T12:18:39.383Z"}
{"level":"info","message":"✅ Indexes created for collection: courses","timestamp":"2026-03-10T12:18:39.458Z"}
{"level":"info","message":"✅ Indexes created for collection: assignments","timestamp":"2026-03-10T12:18:39.545Z"}
{"level":"info","message":"✅ Indexes created for collection: submissions","timestamp":"2026-03-10T12:18:39.615Z"}
{"level":"info","message":"🎉 Database index optimization process completed","timestamp":"2026-03-10T12:18:39.615Z"}
{"level":"info","message":"Attempting to connect to MongoDB...","timestamp":"2026-03-10T12:19:06.415Z"}
{"level":"info","message":"✅ MongoDB connected successfully","timestamp":"2026-03-10T12:19:06.877Z"}
{"level":"info","message":"📊 Database: project","timestamp":"2026-03-10T12:19:06.877Z"}
{"level":"info","message":"🌐 Host: cluster0-shard-00-00.7noqj.mongodb.net","timestamp":"2026-03-10T12:19:06.877Z"}
{"level":"info","message":"🔌 Port: 27017","timestamp":"2026-03-10T12:19:06.877Z"}
{"level":"info","message":"Creating database indexes...","timestamp":"2026-03-10T12:19:06.877Z"}
{"level":"info","message":"✅ Indexes created for collection: users","timestamp":"2026-03-10T12:19:07.729Z"}
{"level":"info","message":"✅ Indexes created for collection: departments","timestamp":"2026-03-10T12:19:07.798Z"}
{"level":"info","message":"✅ Indexes created for collection: programs","timestamp":"2026-03-10T12:19:07.867Z"}
{"level":"info","message":"✅ Indexes created for collection: courses","timestamp":"2026-03-10T12:19:07.936Z"}
{"level":"info","message":"✅ Indexes created for collection: assignments","timestamp":"2026-03-10T12:19:08.009Z"}
{"level":"info","message":"✅ Indexes created for collection: submissions","timestamp":"2026-03-10T12:19:08.078Z"}
{"level":"info","message":"🎉 Database index optimization process completed","timestamp":"2026-03-10T12:19:08.079Z"}
{"level":"info","message":"Attempting to connect to MongoDB...","timestamp":"2026-03-10T12:19:27.206Z"}
{"level":"info","message":"✅ MongoDB connected successfully","timestamp":"2026-03-10T12:19:27.604Z"}
{"level":"info","message":"📊 Database: project","timestamp":"2026-03-10T12:19:27.604Z"}
{"level":"info","message":"🌐 Host: cluster0-shard-00-00.7noqj.mongodb.net","timestamp":"2026-03-10T12:19:27.605Z"}
{"level":"info","message":"🔌 Port: 27017","timestamp":"2026-03-10T12:19:27.605Z"}
{"level":"info","message":"Creating database indexes...","timestamp":"2026-03-10T12:19:27.605Z"}
{"level":"info","message":"✅ Indexes created for collection: users","timestamp":"2026-03-10T12:19:28.375Z"}
{"level":"info","message":"✅ Indexes created for collection: departments","timestamp":"2026-03-10T12:19:28.439Z"}
{"level":"info","message":"✅ Indexes created for collection: programs","timestamp":"2026-03-10T12:19:28.512Z"}
{"level":"info","message":"✅ Indexes created for collection: courses","timestamp":"2026-03-10T12:19:28.570Z"}
{"level":"info","message":"✅ Indexes created for collection: assignments","timestamp":"2026-03-10T12:19:28.628Z"}
{"level":"info","message":"✅ Indexes created for collection: submissions","timestamp":"2026-03-10T12:19:28.685Z"}
{"level":"info","message":"🎉 Database index optimization process completed","timestamp":"2026-03-10T12:19:28.685Z"}
{"level":"info","message":"Attempting to connect to MongoDB...","timestamp":"2026-03-10T12:19:49.988Z"}
{"level":"info","message":"✅ MongoDB connected successfully","timestamp":"2026-03-10T12:19:50.453Z"}
{"level":"info","message":"📊 Database: project","timestamp":"2026-03-10T12:19:50.454Z"}
{"level":"info","message":"🌐 Host: cluster0-shard-00-00.7noqj.mongodb.net","timestamp":"2026-03-10T12:19:50.454Z"}
{"level":"info","message":"🔌 Port: 27017","timestamp":"2026-03-10T12:19:50.454Z"}
{"level":"info","message":"Creating database indexes...","timestamp":"2026-03-10T12:19:50.455Z"}
{"level":"info","message":"✅ Indexes created for collection: users","timestamp":"2026-03-10T12:19:51.282Z"}
{"level":"info","message":"✅ Indexes created for collection: departments","timestamp":"2026-03-10T12:19:51.343Z"}
{"level":"info","message":"✅ Indexes created for collection: programs","timestamp":"2026-03-10T12:19:51.578Z"}
{"level":"info","message":"✅ Indexes created for collection: courses","timestamp":"2026-03-10T12:19:51.640Z"}
{"level":"info","message":"✅ Indexes created for collection: assignments","timestamp":"2026-03-10T12:19:51.703Z"}
{"level":"info","message":"✅ Indexes created for collection: submissions","timestamp":"2026-03-10T12:19:51.764Z"}
{"level":"info","message":"🎉 Database index optimization process completed","timestamp":"2026-03-10T12:19:51.764Z"}
{"level":"info","message":"Attempting to connect to MongoDB...","timestamp":"2026-03-10T12:19:59.665Z"}
{"level":"info","message":"✅ MongoDB connected successfully","timestamp":"2026-03-10T12:20:00.101Z"}
{"level":"info","message":"📊 Database: project","timestamp":"2026-03-10T12:20:00.102Z"}
{"level":"info","message":"🌐 Host: cluster0-shard-00-00.7noqj.mongodb.net","timestamp":"2026-03-10T12:20:00.102Z"}
{"level":"info","message":"🔌 Port: 27017","timestamp":"2026-03-10T12:20:00.102Z"}
{"level":"info","message":"Creating database indexes...","timestamp":"2026-03-10T12:20:00.103Z"}
{"level":"info","message":"✅ Indexes created for collection: users","timestamp":"2026-03-10T12:20:01.035Z"}
{"level":"info","message":"✅ Indexes created for collection: departments","timestamp":"2026-03-10T12:20:01.095Z"}
{"level":"info","message":"✅ Indexes created for collection: programs","timestamp":"2026-03-10T12:20:01.156Z"}
{"level":"info","message":"✅ Indexes created for collection: courses","timestamp":"2026-03-10T12:20:01.216Z"}
{"level":"info","message":"✅ Indexes created for collection: assignments","timestamp":"2026-03-10T12:20:01.275Z"}
{"level":"info","message":"✅ Indexes created for collection: submissions","timestamp":"2026-03-10T12:20:01.334Z"}
{"level":"info","message":"🎉 Database index optimization process completed","timestamp":"2026-03-10T12:20:01.335Z"}
{"level":"info","message":"Attempting to connect to MongoDB...","timestamp":"2026-03-10T12:20:11.837Z"}
{"level":"info","message":"✅ MongoDB connected successfully","timestamp":"2026-03-10T12:20:12.265Z"}
{"level":"info","message":"📊 Database: project","timestamp":"2026-03-10T12:20:12.265Z"}
{"level":"info","message":"🌐 Host: cluster0-shard-00-00.7noqj.mongodb.net","timestamp":"2026-03-10T12:20:12.266Z"}
{"level":"info","message":"🔌 Port: 27017","timestamp":"2026-03-10T12:20:12.266Z"}
{"level":"info","message":"Creating database indexes...","timestamp":"2026-03-10T12:20:12.266Z"}
{"level":"info","message":"✅ Indexes created for collection: users","timestamp":"2026-03-10T12:20:13.126Z"}
{"level":"info","message":"✅ Indexes created for collection: departments","timestamp":"2026-03-10T12:20:13.191Z"}
{"level":"info","message":"✅ Indexes created for collection: programs","timestamp":"2026-03-10T12:20:13.252Z"}
{"level":"info","message":"✅ Indexes created for collection: courses","timestamp":"2026-03-10T12:20:13.314Z"}
{"level":"info","message":"✅ Indexes created for collection: assignments","timestamp":"2026-03-10T12:20:13.377Z"}
{"level":"info","message":"✅ Indexes created for collection: submissions","timestamp":"2026-03-10T12:20:13.440Z"}
{"level":"info","message":"🎉 Database index optimization process completed","timestamp":"2026-03-10T12:20:13.441Z"}
{"level":"info","message":"Attempting to connect to MongoDB...","timestamp":"2026-03-10T12:20:42.188Z"}
{"level":"info","message":"✅ MongoDB connected successfully","timestamp":"2026-03-10T12:20:42.672Z"}
{"level":"info","message":"📊 Database: project","timestamp":"2026-03-10T12:20:42.672Z"}
{"level":"info","message":"🌐 Host: cluster0-shard-00-00.7noqj.mongodb.net","timestamp":"2026-03-10T12:20:42.673Z"}
{"level":"info","message":"🔌 Port: 27017","timestamp":"2026-03-10T12:20:42.673Z"}
{"level":"info","message":"Creating database indexes...","timestamp":"2026-03-10T12:20:42.674Z"}
{"level":"info","message":"✅ Indexes created for collection: users","timestamp":"2026-03-10T12:20:43.492Z"}
{"level":"info","message":"✅ Indexes created for collection: departments","timestamp":"2026-03-10T12:20:43.554Z"}
{"level":"info","message":"✅ Indexes created for collection: programs","timestamp":"2026-03-10T12:20:43.615Z"}
{"level":"info","message":"✅ Indexes created for collection: courses","timestamp":"2026-03-10T12:20:43.674Z"}
{"level":"info","message":"✅ Indexes created for collection: assignments","timestamp":"2026-03-10T12:20:43.737Z"}
{"level":"info","message":"✅ Indexes created for collection: submissions","timestamp":"2026-03-10T12:20:43.796Z"}
{"level":"info","message":"Attempting to connect to MongoDB...","timestamp":"2026-03-10T12:21:00.388Z"}
{"level":"info","message":"Attempting to connect to MongoDB...","timestamp":"2026-03-10T12:21:00.421Z"}
{"level":"info","message":"✅ MongoDB connected successfully","timestamp":"2026-03-10T12:21:00.907Z"}
{"level":"info","message":"✅ MongoDB connected successfully","timestamp":"2026-03-10T12:21:00.915Z"}
{"level":"info","message":"📊 Database: project","timestamp":"2026-03-10T12:21:00.908Z"}
{"level":"info","message":"🌐 Host: cluster0-shard-00-00.7noqj.mongodb.net","timestamp":"2026-03-10T12:21:00.908Z"}
{"level":"info","message":"🔌 Port: 27017","timestamp":"2026-03-10T12:21:00.909Z"}
{"level":"info","message":"Creating database indexes...","timestamp":"2026-03-10T12:21:00.909Z"}
{"level":"info","message":"📊 Database: project","timestamp":"2026-03-10T12:21:00.916Z"}
{"level":"info","message":"🌐 Host: cluster0-shard-00-00.7noqj.mongodb.net","timestamp":"2026-03-10T12:21:00.916Z"}
{"level":"info","message":"🔌 Port: 27017","timestamp":"2026-03-10T12:21:00.916Z"}
{"level":"info","message":"Creating database indexes...","timestamp":"2026-03-10T12:21:00.917Z"}
{"level":"info","message":"✅ Indexes created for collection: users","timestamp":"2026-03-10T12:21:02.435Z"}
{"level":"info","message":"✅ Indexes created for collection: users","timestamp":"2026-03-10T12:21:02.468Z"}
{"level":"info","message":"✅ Indexes created for collection: departments","timestamp":"2026-03-10T12:21:02.532Z"}
{"level":"info","message":"✅ Indexes created for collection: departments","timestamp":"2026-03-10T12:21:02.536Z"}
{"level":"info","message":"✅ Indexes created for collection: programs","timestamp":"2026-03-10T12:21:02.594Z"}
{"level":"info","message":"✅ Indexes created for collection: programs","timestamp":"2026-03-10T12:21:02.612Z"}
{"level":"info","message":"✅ Indexes created for collection: courses","timestamp":"2026-03-10T12:21:02.655Z"}
{"level":"info","message":"✅ Indexes created for collection: courses","timestamp":"2026-03-10T12:21:02.686Z"}
{"level":"info","message":"✅ Indexes created for collection: assignments","timestamp":"2026-03-10T12:21:02.717Z"}
{"level":"info","message":"✅ Indexes created for collection: assignments","timestamp":"2026-03-10T12:21:02.756Z"}
{"level":"info","message":"✅ Indexes created for collection: submissions","timestamp":"2026-03-10T12:21:02.778Z"}
{"level":"info","message":"🎉 Database index optimization process completed","timestamp":"2026-03-10T12:21:02.778Z"}
{"level":"info","message":"✅ Indexes created for collection: submissions","timestamp":"2026-03-10T12:21:02.827Z"}
{"level":"info","message":"Attempting to connect to MongoDB...","timestamp":"2026-03-10T12:21:12.513Z"}
{"level":"info","message":"Attempting to connect to MongoDB...","timestamp":"2026-03-10T12:21:12.532Z"}
{"level":"info","message":"✅ MongoDB connected successfully","timestamp":"2026-03-10T12:21:12.907Z"}
{"level":"info","message":"📊 Database: project","timestamp":"2026-03-10T12:21:12.907Z"}
{"level":"info","message":"🌐 Host: cluster0-shard-00-00.7noqj.mongodb.net","timestamp":"2026-03-10T12:21:12.907Z"}
{"level":"info","message":"🔌 Port: 27017","timestamp":"2026-03-10T12:21:12.908Z"}
{"level":"info","message":"Creating database indexes...","timestamp":"2026-03-10T12:21:12.908Z"}
{"level":"info","message":"✅ MongoDB connected successfully","timestamp":"2026-03-10T12:21:12.924Z"}
{"level":"info","message":"📊 Database: project","timestamp":"2026-03-10T12:21:12.925Z"}
{"level":"info","message":"🌐 Host: cluster0-shard-00-00.7noqj.mongodb.net","timestamp":"2026-03-10T12:21:12.925Z"}
{"level":"info","message":"🔌 Port: 27017","timestamp":"2026-03-10T12:21:12.926Z"}
{"level":"info","message":"Creating database indexes...","timestamp":"2026-03-10T12:21:12.927Z"}
{"level":"info","message":"✅ Indexes created for collection: users","timestamp":"2026-03-10T12:21:14.375Z"}
{"level":"info","message":"✅ Indexes created for collection: users","timestamp":"2026-03-10T12:21:14.385Z"}
{"level":"info","message":"✅ Indexes created for collection: departments","timestamp":"2026-03-10T12:21:14.438Z"}
{"level":"info","message":"✅ Indexes created for collection: departments","timestamp":"2026-03-10T12:21:14.450Z"}
{"level":"info","message":"✅ Indexes created for collection: programs","timestamp":"2026-03-10T12:21:14.524Z"}
{"level":"info","message":"✅ Indexes created for collection: programs","timestamp":"2026-03-10T12:21:14.536Z"}
{"level":"info","message":"✅ Indexes created for collection: courses","timestamp":"2026-03-10T12:21:14.592Z"}
{"level":"info","message":"✅ Indexes created for collection: courses","timestamp":"2026-03-10T12:21:14.603Z"}
{"level":"info","message":"✅ Indexes created for collection: assignments","timestamp":"2026-03-10T12:21:14.656Z"}
{"level":"info","message":"✅ Indexes created for collection: assignments","timestamp":"2026-03-10T12:21:14.668Z"}
{"level":"info","message":"✅ Indexes created for collection: submissions","timestamp":"2026-03-10T12:21:14.721Z"}
{"level":"info","message":"✅ Indexes created for collection: submissions","timestamp":"2026-03-10T12:21:14.738Z"}
{"level":"info","message":"🎉 Database index optimization process completed","timestamp":"2026-03-10T12:21:14.722Z"}
{"level":"info","message":"Attempting to connect to MongoDB...","timestamp":"2026-03-10T12:23:45.376Z"}
{"level":"info","message":"✅ MongoDB connected successfully","timestamp":"2026-03-10T12:23:45.843Z"}
{"level":"info","message":"📊 Database: project","timestamp":"2026-03-10T12:23:45.843Z"}
{"level":"info","message":"🌐 Host: cluster0-shard-00-00.7noqj.mongodb.net","timestamp":"2026-03-10T12:23:45.844Z"}
{"level":"info","message":"🔌 Port: 27017","timestamp":"2026-03-10T12:23:45.844Z"}
{"level":"info","message":"Creating database indexes...","timestamp":"2026-03-10T12:23:45.845Z"}
{"level":"info","message":"✅ Indexes created for collection: users","timestamp":"2026-03-10T12:23:46.694Z"}
{"level":"info","message":"✅ Indexes created for collection: departments","timestamp":"2026-03-10T12:23:46.767Z"}
{"level":"info","message":"✅ Indexes created for collection: programs","timestamp":"2026-03-10T12:23:46.840Z"}
{"level":"info","message":"✅ Indexes created for collection: courses","timestamp":"2026-03-10T12:23:46.911Z"}
{"level":"info","message":"✅ Indexes created for collection: assignments","timestamp":"2026-03-10T12:23:46.981Z"}
{"level":"info","message":"✅ Indexes created for collection: submissions","timestamp":"2026-03-10T12:23:47.053Z"}
{"level":"info","message":"🎉 Database index optimization process completed","timestamp":"2026-03-10T12:23:47.054Z"}
{"level":"info","message":"Attempting to connect to MongoDB...","timestamp":"2026-03-10T12:24:25.465Z"}
{"level":"info","message":"✅ MongoDB connected successfully","timestamp":"2026-03-10T12:24:25.849Z"}
{"level":"info","message":"📊 Database: project","timestamp":"2026-03-10T12:24:25.850Z"}
{"level":"info","message":"🌐 Host: cluster0-shard-00-00.7noqj.mongodb.net","timestamp":"2026-03-10T12:24:25.850Z"}
{"level":"info","message":"🔌 Port: 27017","timestamp":"2026-03-10T12:24:25.851Z"}
{"level":"info","message":"Creating database indexes...","timestamp":"2026-03-10T12:24:25.851Z"}
{"level":"info","message":"✅ Indexes created for collection: users","timestamp":"2026-03-10T12:24:26.647Z"}
{"level":"info","message":"✅ Indexes created for collection: departments","timestamp":"2026-03-10T12:24:26.704Z"}
{"level":"info","message":"✅ Indexes created for collection: programs","timestamp":"2026-03-10T12:24:26.760Z"}
{"level":"info","message":"✅ Indexes created for collection: courses","timestamp":"2026-03-10T12:24:26.818Z"}
{"level":"info","message":"✅ Indexes created for collection: assignments","timestamp":"2026-03-10T12:24:26.875Z"}
{"level":"info","message":"✅ Indexes created for collection: submissions","timestamp":"2026-03-10T12:24:26.934Z"}
{"level":"info","message":"🎉 Database index optimization process completed","timestamp":"2026-03-10T12:24:26.934Z"}
{"level":"info","message":"Attempting to connect to MongoDB...","timestamp":"2026-03-10T12:24:40.929Z"}
{"level":"info","message":"✅ MongoDB connected successfully","timestamp":"2026-03-10T12:24:41.341Z"}
{"level":"info","message":"📊 Database: project","timestamp":"2026-03-10T12:24:41.345Z"}
{"level":"info","message":"🌐 Host: cluster0-shard-00-00.7noqj.mongodb.net","timestamp":"2026-03-10T12:24:41.351Z"}
{"level":"info","message":"🔌 Port: 27017","timestamp":"2026-03-10T12:24:41.357Z"}
{"level":"info","message":"Creating database indexes...","timestamp":"2026-03-10T12:24:41.365Z"}
{"level":"info","message":"✅ Indexes created for collection: users","timestamp":"2026-03-10T12:24:42.201Z"}
{"level":"info","message":"✅ Indexes created for collection: departments","timestamp":"2026-03-10T12:24:42.267Z"}
{"level":"info","message":"✅ Indexes created for collection: programs","timestamp":"2026-03-10T12:24:42.336Z"}
{"level":"info","message":"✅ Indexes created for collection: courses","timestamp":"2026-03-10T12:24:42.401Z"}
{"level":"info","message":"✅ Indexes created for collection: assignments","timestamp":"2026-03-10T12:24:42.465Z"}
{"level":"info","message":"✅ Indexes created for collection: submissions","timestamp":"2026-03-10T12:24:42.529Z"}
{"level":"info","message":"🎉 Database index optimization process completed","timestamp":"2026-03-10T12:24:42.530Z"}
{"level":"info","message":"Attempting to connect to MongoDB...","timestamp":"2026-03-10T12:25:08.956Z"}
{"level":"info","message":"✅ MongoDB connected successfully","timestamp":"2026-03-10T12:25:09.395Z"}
{"level":"info","message":"📊 Database: project","timestamp":"2026-03-10T12:25:09.396Z"}
{"level":"info","message":"🌐 Host: cluster0-shard-00-00.7noqj.mongodb.net","timestamp":"2026-03-10T12:25:09.396Z"}
{"level":"info","message":"🔌 Port: 27017","timestamp":"2026-03-10T12:25:09.397Z"}
{"level":"info","message":"Creating database indexes...","timestamp":"2026-03-10T12:25:09.397Z"}
{"level":"info","message":"✅ Indexes created for collection: users","timestamp":"2026-03-10T12:25:10.215Z"}
{"level":"info","message":"✅ Indexes created for collection: departments","timestamp":"2026-03-10T12:25:10.282Z"}
{"level":"info","message":"✅ Indexes created for collection: programs","timestamp":"2026-03-10T12:25:10.344Z"}
{"level":"info","message":"✅ Indexes created for collection: courses","timestamp":"2026-03-10T12:25:10.403Z"}
{"level":"info","message":"✅ Indexes created for collection: assignments","timestamp":"2026-03-10T12:25:10.463Z"}
{"level":"info","message":"✅ Indexes created for collection: submissions","timestamp":"2026-03-10T12:25:10.523Z"}
{"level":"info","message":"🎉 Database index optimization process completed","timestamp":"2026-03-10T12:25:10.525Z"}
{"level":"info","message":"Attempting to connect to MongoDB...","timestamp":"2026-03-10T12:25:32.308Z"}
{"level":"info","message":"✅ MongoDB connected successfully","timestamp":"2026-03-10T12:25:32.718Z"}
{"level":"info","message":"📊 Database: project","timestamp":"2026-03-10T12:25:32.718Z"}
{"level":"info","message":"🌐 Host: cluster0-shard-00-00.7noqj.mongodb.net","timestamp":"2026-03-10T12:25:32.719Z"}
{"level":"info","message":"🔌 Port: 27017","timestamp":"2026-03-10T12:25:32.720Z"}
{"level":"info","message":"Creating database indexes...","timestamp":"2026-03-10T12:25:32.722Z"}
{"level":"info","message":"✅ Indexes created for collection: users","timestamp":"2026-03-10T12:25:33.569Z"}
{"level":"info","message":"✅ Indexes created for collection: departments","timestamp":"2026-03-10T12:25:33.703Z"}
{"level":"info","message":"✅ Indexes created for collection: programs","timestamp":"2026-03-10T12:25:33.770Z"}
{"level":"info","message":"✅ Indexes created for collection: courses","timestamp":"2026-03-10T12:25:33.833Z"}
{"level":"info","message":"✅ Indexes created for collection: assignments","timestamp":"2026-03-10T12:25:33.905Z"}
{"level":"info","message":"✅ Indexes created for collection: submissions","timestamp":"2026-03-10T12:25:33.971Z"}
{"level":"info","message":"🎉 Database index optimization process completed","timestamp":"2026-03-10T12:25:33.973Z"}
{"level":"info","message":"Attempting to connect to MongoDB...","timestamp":"2026-03-10T12:26:05.182Z"}
{"level":"info","message":"✅ MongoDB connected successfully","timestamp":"2026-03-10T12:26:05.605Z"}
{"level":"info","message":"📊 Database: project","timestamp":"2026-03-10T12:26:05.606Z"}
{"level":"info","message":"🌐 Host: cluster0-shard-00-00.7noqj.mongodb.net","timestamp":"2026-03-10T12:26:05.606Z"}
{"level":"info","message":"🔌 Port: 27017","timestamp":"2026-03-10T12:26:05.607Z"}
{"level":"info","message":"Creating database indexes...","timestamp":"2026-03-10T12:26:05.607Z"}
{"level":"info","message":"✅ Indexes created for collection: users","timestamp":"2026-03-10T12:26:06.579Z"}
{"level":"info","message":"✅ Indexes created for collection: departments","timestamp":"2026-03-10T12:26:06.659Z"}
{"level":"info","message":"✅ Indexes created for collection: programs","timestamp":"2026-03-10T12:26:06.746Z"}
{"level":"info","message":"✅ Indexes created for collection: courses","timestamp":"2026-03-10T12:26:06.817Z"}
{"level":"info","message":"✅ Indexes created for collection: assignments","timestamp":"2026-03-10T12:26:06.879Z"}
{"level":"info","message":"✅ Indexes created for collection: submissions","timestamp":"2026-03-10T12:26:06.944Z"}
{"level":"info","message":"🎉 Database index optimization process completed","timestamp":"2026-03-10T12:26:06.945Z"}
{"level":"info","message":"Attempting to connect to MongoDB...","timestamp":"2026-03-10T12:26:13.393Z"}
{"level":"info","message":"✅ MongoDB connected successfully","timestamp":"2026-03-10T12:26:13.835Z"}
{"level":"info","message":"📊 Database: project","timestamp":"2026-03-10T12:26:13.836Z"}
{"level":"info","message":"🌐 Host: cluster0-shard-00-00.7noqj.mongodb.net","timestamp":"2026-03-10T12:26:13.837Z"}
{"level":"info","message":"🔌 Port: 27017","timestamp":"2026-03-10T12:26:13.837Z"}
{"level":"info","message":"Creating database indexes...","timestamp":"2026-03-10T12:26:13.838Z"}
{"level":"info","message":"✅ Indexes created for collection: users","timestamp":"2026-03-10T12:26:14.706Z"}
{"level":"info","message":"✅ Indexes created for collection: departments","timestamp":"2026-03-10T12:26:14.775Z"}
{"level":"info","message":"✅ Indexes created for collection: programs","timestamp":"2026-03-10T12:26:14.850Z"}
{"level":"info","message":"✅ Indexes created for collection: courses","timestamp":"2026-03-10T12:26:14.922Z"}
{"level":"info","message":"✅ Indexes created for collection: assignments","timestamp":"2026-03-10T12:26:14.992Z"}
{"level":"info","message":"✅ Indexes created for collection: submissions","timestamp":"2026-03-10T12:26:15.072Z"}
{"level":"info","message":"🎉 Database index optimization process completed","timestamp":"2026-03-10T12:26:15.073Z"}
{"level":"info","message":"Attempting to connect to MongoDB...","timestamp":"2026-03-10T12:26:38.932Z"}
{"level":"info","message":"✅ MongoDB connected successfully","timestamp":"2026-03-10T12:26:39.433Z"}
{"level":"info","message":"📊 Database: project","timestamp":"2026-03-10T12:26:39.437Z"}
{"level":"info","message":"🌐 Host: cluster0-shard-00-00.7noqj.mongodb.net","timestamp":"2026-03-10T12:26:39.443Z"}
{"level":"info","message":"🔌 Port: 27017","timestamp":"2026-03-10T12:26:39.451Z"}
{"level":"info","message":"Creating database indexes...","timestamp":"2026-03-10T12:26:39.460Z"}
{"level":"info","message":"✅ Indexes created for collection: users","timestamp":"2026-03-10T12:26:40.435Z"}
{"level":"info","message":"✅ Indexes created for collection: departments","timestamp":"2026-03-10T12:26:40.497Z"}
{"level":"info","message":"✅ Indexes created for collection: programs","timestamp":"2026-03-10T12:26:40.557Z"}
{"level":"info","message":"✅ Indexes created for collection: courses","timestamp":"2026-03-10T12:26:40.628Z"}
{"level":"info","message":"✅ Indexes created for collection: assignments","timestamp":"2026-03-10T12:26:40.723Z"}
{"level":"info","message":"✅ Indexes created for collection: submissions","timestamp":"2026-03-10T12:26:40.804Z"}
{"level":"info","message":"🎉 Database index optimization process completed","timestamp":"2026-03-10T12:26:40.805Z"}
{"level":"info","message":"Attempting to connect to MongoDB...","timestamp":"2026-03-10T12:28:07.275Z"}
{"level":"info","message":"✅ MongoDB connected successfully","timestamp":"2026-03-10T12:28:07.866Z"}
{"level":"info","message":"📊 Database: project","timestamp":"2026-03-10T12:28:07.867Z"}
{"level":"info","message":"🌐 Host: cluster0-shard-00-00.7noqj.mongodb.net","timestamp":"2026-03-10T12:28:07.867Z"}
{"level":"info","message":"🔌 Port: 27017","timestamp":"2026-03-10T12:28:07.868Z"}
{"level":"info","message":"Creating database indexes...","timestamp":"2026-03-10T12:28:07.868Z"}
{"level":"info","message":"✅ Indexes created for collection: users","timestamp":"2026-03-10T12:28:08.945Z"}
{"level":"info","message":"✅ Indexes created for collection: departments","timestamp":"2026-03-10T12:28:09.015Z"}
{"level":"info","message":"✅ Indexes created for collection: programs","timestamp":"2026-03-10T12:28:09.086Z"}
{"level":"info","message":"✅ Indexes created for collection: courses","timestamp":"2026-03-10T12:28:09.157Z"}
{"level":"info","message":"✅ Indexes created for collection: assignments","timestamp":"2026-03-10T12:28:09.228Z"}
{"level":"info","message":"✅ Indexes created for collection: submissions","timestamp":"2026-03-10T12:28:09.300Z"}
{"level":"info","message":"🎉 Database index optimization process completed","timestamp":"2026-03-10T12:28:09.300Z"}
{"level":"info","message":"Attempting to connect to MongoDB...","timestamp":"2026-03-10T12:31:39.609Z"}
{"level":"info","message":"✅ MongoDB connected successfully","timestamp":"2026-03-10T12:31:40.020Z"}
{"level":"info","message":"📊 Database: project","timestamp":"2026-03-10T12:31:40.021Z"}
{"level":"info","message":"🌐 Host: cluster0-shard-00-00.7noqj.mongodb.net","timestamp":"2026-03-10T12:31:40.021Z"}
{"level":"info","message":"🔌 Port: 27017","timestamp":"2026-03-10T12:31:40.022Z"}
{"level":"info","message":"Creating database indexes...","timestamp":"2026-03-10T12:31:40.022Z"}
{"level":"info","message":"✅ Indexes created for collection: users","timestamp":"2026-03-10T12:31:40.836Z"}
{"level":"info","message":"✅ Indexes created for collection: departments","timestamp":"2026-03-10T12:31:40.897Z"}
{"level":"info","message":"✅ Indexes created for collection: programs","timestamp":"2026-03-10T12:31:40.959Z"}
{"level":"info","message":"✅ Indexes created for collection: courses","timestamp":"2026-03-10T12:31:41.016Z"}
{"level":"info","message":"✅ Indexes created for collection: assignments","timestamp":"2026-03-10T12:31:41.073Z"}
{"level":"info","message":"✅ Indexes created for collection: submissions","timestamp":"2026-03-10T12:31:41.133Z"}
{"level":"info","message":"🎉 Database index optimization process completed","timestamp":"2026-03-10T12:31:41.133Z"}
{"level":"info","message":"Attempting to connect to MongoDB...","timestamp":"2026-03-10T12:31:45.107Z"}
{"level":"info","message":"✅ MongoDB connected successfully","timestamp":"2026-03-10T12:31:45.507Z"}
{"level":"info","message":"📊 Database: project","timestamp":"2026-03-10T12:31:45.507Z"}
{"level":"info","message":"🌐 Host: cluster0-shard-00-00.7noqj.mongodb.net","timestamp":"2026-03-10T12:31:45.507Z"}
{"level":"info","message":"🔌 Port: 27017","timestamp":"2026-03-10T12:31:45.508Z"}
{"level":"info","message":"Creating database indexes...","timestamp":"2026-03-10T12:31:45.508Z"}
{"level":"info","message":"✅ Indexes created for collection: users","timestamp":"2026-03-10T12:31:46.323Z"}
{"level":"info","message":"✅ Indexes created for collection: departments","timestamp":"2026-03-10T12:31:46.383Z"}
{"level":"info","message":"✅ Indexes created for collection: programs","timestamp":"2026-03-10T12:31:46.442Z"}
{"level":"info","message":"✅ Indexes created for collection: courses","timestamp":"2026-03-10T12:31:46.502Z"}
{"level":"info","message":"✅ Indexes created for collection: assignments","timestamp":"2026-03-10T12:31:46.562Z"}
{"level":"info","message":"✅ Indexes created for collection: submissions","timestamp":"2026-03-10T12:31:46.633Z"}
{"level":"info","message":"🎉 Database index optimization process completed","timestamp":"2026-03-10T12:31:46.643Z"}
{"level":"info","message":"Attempting to connect to MongoDB...","timestamp":"2026-03-10T12:31:52.020Z"}
{"level":"info","message":"✅ MongoDB connected successfully","timestamp":"2026-03-10T12:31:52.491Z"}
{"level":"info","message":"📊 Database: project","timestamp":"2026-03-10T12:31:52.491Z"}
{"level":"info","message":"🌐 Host: cluster0-shard-00-00.7noqj.mongodb.net","timestamp":"2026-03-10T12:31:52.492Z"}
{"level":"info","message":"🔌 Port: 27017","timestamp":"2026-03-10T12:31:52.493Z"}
{"level":"info","message":"Creating database indexes...","timestamp":"2026-03-10T12:31:52.493Z"}
{"level":"info","message":"✅ Indexes created for collection: users","timestamp":"2026-03-10T12:31:53.392Z"}
{"level":"info","message":"✅ Indexes created for collection: departments","timestamp":"2026-03-10T12:31:53.457Z"}
{"level":"info","message":"✅ Indexes created for collection: programs","timestamp":"2026-03-10T12:31:53.521Z"}
{"level":"info","message":"✅ Indexes created for collection: courses","timestamp":"2026-03-10T12:31:53.585Z"}
{"level":"info","message":"✅ Indexes created for collection: assignments","timestamp":"2026-03-10T12:31:53.653Z"}
{"level":"info","message":"✅ Indexes created for collection: submissions","timestamp":"2026-03-10T12:31:53.718Z"}
{"level":"info","message":"🎉 Database index optimization process completed","timestamp":"2026-03-10T12:31:53.719Z"}
{"level":"info","message":"Attempting to connect to MongoDB...","timestamp":"2026-03-10T12:32:01.421Z"}
{"level":"info","message":"✅ MongoDB connected successfully","timestamp":"2026-03-10T12:32:01.883Z"}
{"level":"info","message":"📊 Database: project","timestamp":"2026-03-10T12:32:01.883Z"}
{"level":"info","message":"🌐 Host: cluster0-shard-00-00.7noqj.mongodb.net","timestamp":"2026-03-10T12:32:01.884Z"}
{"level":"info","message":"🔌 Port: 27017","timestamp":"2026-03-10T12:32:01.884Z"}
{"level":"info","message":"Creating database indexes...","timestamp":"2026-03-10T12:32:01.884Z"}
{"level":"info","message":"✅ Indexes created for collection: users","timestamp":"2026-03-10T12:32:02.712Z"}
{"level":"info","message":"✅ Indexes created for collection: departments","timestamp":"2026-03-10T12:32:02.768Z"}
{"level":"info","message":"✅ Indexes created for collection: programs","timestamp":"2026-03-10T12:32:02.829Z"}
{"level":"info","message":"✅ Indexes created for collection: courses","timestamp":"2026-03-10T12:32:02.938Z"}
{"level":"info","message":"✅ Indexes created for collection: assignments","timestamp":"2026-03-10T12:32:02.997Z"}
{"level":"info","message":"✅ Indexes created for collection: submissions","timestamp":"2026-03-10T12:32:03.055Z"}
{"level":"info","message":"🎉 Database index optimization process completed","timestamp":"2026-03-10T12:32:03.055Z"}
{"level":"info","message":"Attempting to connect to MongoDB...","timestamp":"2026-03-10T12:32:10.740Z"}
{"level":"info","message":"✅ MongoDB connected successfully","timestamp":"2026-03-10T12:32:11.216Z"}
{"level":"info","message":"📊 Database: project","timestamp":"2026-03-10T12:32:11.216Z"}
{"level":"info","message":"🌐 Host: cluster0-shard-00-00.7noqj.mongodb.net","timestamp":"2026-03-10T12:32:11.216Z"}
{"level":"info","message":"🔌 Port: 27017","timestamp":"2026-03-10T12:32:11.217Z"}
{"level":"info","message":"Creating database indexes...","timestamp":"2026-03-10T12:32:11.218Z"}
{"level":"info","message":"✅ Indexes created for collection: users","timestamp":"2026-03-10T12:32:12.085Z"}
{"level":"info","message":"✅ Indexes created for collection: departments","timestamp":"2026-03-10T12:32:12.144Z"}
{"level":"info","message":"✅ Indexes created for collection: programs","timestamp":"2026-03-10T12:32:12.206Z"}
{"level":"info","message":"✅ Indexes created for collection: courses","timestamp":"2026-03-10T12:32:12.265Z"}
{"level":"info","message":"✅ Indexes created for collection: assignments","timestamp":"2026-03-10T12:32:12.326Z"}
{"level":"info","message":"✅ Indexes created for collection: submissions","timestamp":"2026-03-10T12:32:12.395Z"}
{"level":"info","message":"🎉 Database index optimization process completed","timestamp":"2026-03-10T12:32:12.396Z"}
{"level":"info","message":"Attempting to connect to MongoDB...","timestamp":"2026-03-10T12:32:15.329Z"}
{"level":"info","message":"✅ MongoDB connected successfully","timestamp":"2026-03-10T12:32:15.748Z"}
{"level":"info","message":"📊 Database: project","timestamp":"2026-03-10T12:32:15.749Z"}
{"level":"info","message":"🌐 Host: cluster0-shard-00-00.7noqj.mongodb.net","timestamp":"2026-03-10T12:32:15.750Z"}
{"level":"info","message":"🔌 Port: 27017","timestamp":"2026-03-10T12:32:15.750Z"}
{"level":"info","message":"Creating database indexes...","timestamp":"2026-03-10T12:32:15.751Z"}
{"level":"info","message":"✅ Indexes created for collection: users","timestamp":"2026-03-10T12:32:16.558Z"}
{"level":"info","message":"✅ Indexes created for collection: departments","timestamp":"2026-03-10T12:32:16.638Z"}
{"level":"info","message":"✅ Indexes created for collection: programs","timestamp":"2026-03-10T12:32:16.701Z"}
{"level":"info","message":"✅ Indexes created for collection: courses","timestamp":"2026-03-10T12:32:16.765Z"}
{"level":"info","message":"✅ Indexes created for collection: assignments","timestamp":"2026-03-10T12:32:16.828Z"}
{"level":"info","message":"✅ Indexes created for collection: submissions","timestamp":"2026-03-10T12:32:16.929Z"}
{"level":"info","message":"🎉 Database index optimization process completed","timestamp":"2026-03-10T12:32:16.939Z"}
{"level":"info","message":"Attempting to connect to MongoDB...","timestamp":"2026-03-10T12:32:20.716Z"}
{"level":"info","message":"✅ MongoDB connected successfully","timestamp":"2026-03-10T12:32:21.096Z"}
{"level":"info","message":"📊 Database: project","timestamp":"2026-03-10T12:32:21.097Z"}
{"level":"info","message":"🌐 Host: cluster0-shard-00-00.7noqj.mongodb.net","timestamp":"2026-03-10T12:32:21.097Z"}
{"level":"info","message":"🔌 Port: 27017","timestamp":"2026-03-10T12:32:21.097Z"}
{"level":"info","message":"Creating database indexes...","timestamp":"2026-03-10T12:32:21.098Z"}
{"level":"info","message":"✅ Indexes created for collection: users","timestamp":"2026-03-10T12:32:21.942Z"}
{"level":"info","message":"✅ Indexes created for collection: departments","timestamp":"2026-03-10T12:32:22.010Z"}
{"level":"info","message":"✅ Indexes created for collection: programs","timestamp":"2026-03-10T12:32:22.080Z"}
{"level":"info","message":"✅ Indexes created for collection: courses","timestamp":"2026-03-10T12:32:22.161Z"}
{"level":"info","message":"✅ Indexes created for collection: assignments","timestamp":"2026-03-10T12:32:22.229Z"}
{"level":"info","message":"✅ Indexes created for collection: submissions","timestamp":"2026-03-10T12:32:22.298Z"}
{"level":"info","message":"🎉 Database index optimization process completed","timestamp":"2026-03-10T12:32:22.299Z"}
{"level":"info","message":"Attempting to connect to MongoDB...","timestamp":"2026-03-10T12:32:32.871Z"}
{"level":"info","message":"✅ MongoDB connected successfully","timestamp":"2026-03-10T12:32:33.333Z"}
{"level":"info","message":"📊 Database: project","timestamp":"2026-03-10T12:32:33.334Z"}
{"level":"info","message":"🌐 Host: cluster0-shard-00-00.7noqj.mongodb.net","timestamp":"2026-03-10T12:32:33.334Z"}
{"level":"info","message":"🔌 Port: 27017","timestamp":"2026-03-10T12:32:33.334Z"}
{"level":"info","message":"Creating database indexes...","timestamp":"2026-03-10T12:32:33.335Z"}
{"level":"info","message":"✅ Indexes created for collection: users","timestamp":"2026-03-10T12:32:34.215Z"}
{"level":"info","message":"✅ Indexes created for collection: departments","timestamp":"2026-03-10T12:32:34.294Z"}
{"level":"info","message":"✅ Indexes created for collection: programs","timestamp":"2026-03-10T12:32:34.365Z"}
{"level":"info","message":"✅ Indexes created for collection: courses","timestamp":"2026-03-10T12:32:34.437Z"}
{"level":"info","message":"✅ Indexes created for collection: assignments","timestamp":"2026-03-10T12:32:34.508Z"}
{"level":"info","message":"✅ Indexes created for collection: submissions","timestamp":"2026-03-10T12:32:34.579Z"}
{"level":"info","message":"🎉 Database index optimization process completed","timestamp":"2026-03-10T12:32:34.581Z"}
{"level":"info","message":"Attempting to connect to MongoDB...","timestamp":"2026-03-10T12:32:49.020Z"}
{"level":"info","message":"✅ MongoDB connected successfully","timestamp":"2026-03-10T12:32:49.422Z"}
{"level":"info","message":"📊 Database: project","timestamp":"2026-03-10T12:32:49.422Z"}
{"level":"info","message":"🌐 Host: cluster0-shard-00-00.7noqj.mongodb.net","timestamp":"2026-03-10T12:32:49.422Z"}
{"level":"info","message":"🔌 Port: 27017","timestamp":"2026-03-10T12:32:49.423Z"}
{"level":"info","message":"Creating database indexes...","timestamp":"2026-03-10T12:32:49.423Z"}
{"level":"info","message":"✅ Indexes created for collection: users","timestamp":"2026-03-10T12:32:50.205Z"}
{"level":"info","message":"✅ Indexes created for collection: departments","timestamp":"2026-03-10T12:32:50.261Z"}
{"level":"info","message":"✅ Indexes created for collection: programs","timestamp":"2026-03-10T12:32:50.320Z"}
{"level":"info","message":"✅ Indexes created for collection: courses","timestamp":"2026-03-10T12:32:50.378Z"}
{"level":"info","message":"✅ Indexes created for collection: assignments","timestamp":"2026-03-10T12:32:50.436Z"}
{"level":"info","message":"✅ Indexes created for collection: submissions","timestamp":"2026-03-10T12:32:50.497Z"}
{"level":"info","message":"🎉 Database index optimization process completed","timestamp":"2026-03-10T12:32:50.497Z"}
{"level":"info","message":"Attempting to connect to MongoDB...","timestamp":"2026-03-10T12:34:04.522Z"}
{"level":"info","message":"✅ MongoDB connected successfully","timestamp":"2026-03-10T12:34:05.062Z"}
{"level":"info","message":"📊 Database: project","timestamp":"2026-03-10T12:34:05.063Z"}
{"level":"info","message":"🌐 Host: cluster0-shard-00-00.7noqj.mongodb.net","timestamp":"2026-03-10T12:34:05.063Z"}
{"level":"info","message":"🔌 Port: 27017","timestamp":"2026-03-10T12:34:05.064Z"}
{"level":"info","message":"Creating database indexes...","timestamp":"2026-03-10T12:34:05.064Z"}
{"level":"info","message":"✅ Indexes created for collection: users","timestamp":"2026-03-10T12:34:05.910Z"}
{"level":"info","message":"✅ Indexes created for collection: departments","timestamp":"2026-03-10T12:34:05.981Z"}
{"level":"info","message":"✅ Indexes created for collection: programs","timestamp":"2026-03-10T12:34:06.041Z"}
{"level":"info","message":"✅ Indexes created for collection: courses","timestamp":"2026-03-10T12:34:06.100Z"}
{"level":"info","message":"✅ Indexes created for collection: assignments","timestamp":"2026-03-10T12:34:06.159Z"}
{"level":"info","message":"✅ Indexes created for collection: submissions","timestamp":"2026-03-10T12:34:06.219Z"}
{"level":"info","message":"🎉 Database index optimization process completed","timestamp":"2026-03-10T12:34:06.220Z"}
{"level":"info","message":"Attempting to connect to MongoDB...","timestamp":"2026-03-10T12:34:13.732Z"}
{"level":"info","message":"✅ MongoDB connected successfully","timestamp":"2026-03-10T12:34:14.146Z"}
{"level":"info","message":"📊 Database: project","timestamp":"2026-03-10T12:34:14.148Z"}
{"level":"info","message":"🌐 Host: cluster0-shard-00-00.7noqj.mongodb.net","timestamp":"2026-03-10T12:34:14.149Z"}
{"level":"info","message":"🔌 Port: 27017","timestamp":"2026-03-10T12:34:14.150Z"}
{"level":"info","message":"Creating database indexes...","timestamp":"2026-03-10T12:34:14.151Z"}
{"level":"info","message":"✅ Indexes created for collection: users","timestamp":"2026-03-10T12:34:15.007Z"}
{"level":"info","message":"✅ Indexes created for collection: departments","timestamp":"2026-03-10T12:34:15.064Z"}
{"level":"info","message":"✅ Indexes created for collection: programs","timestamp":"2026-03-10T12:34:15.121Z"}
{"level":"info","message":"✅ Indexes created for collection: courses","timestamp":"2026-03-10T12:34:15.178Z"}
{"level":"info","message":"✅ Indexes created for collection: assignments","timestamp":"2026-03-10T12:34:15.234Z"}
{"level":"info","message":"✅ Indexes created for collection: submissions","timestamp":"2026-03-10T12:34:15.291Z"}
{"level":"info","message":"🎉 Database index optimization process completed","timestamp":"2026-03-10T12:34:15.292Z"}
{"level":"info","message":"Attempting to connect to MongoDB...","timestamp":"2026-03-10T12:35:45.603Z"}
{"level":"info","message":"✅ MongoDB connected successfully","timestamp":"2026-03-10T12:35:46.056Z"}
{"level":"info","message":"📊 Database: project","timestamp":"2026-03-10T12:35:46.058Z"}
{"level":"info","message":"🌐 Host: cluster0-shard-00-00.7noqj.mongodb.net","timestamp":"2026-03-10T12:35:46.058Z"}
{"level":"info","message":"🔌 Port: 27017","timestamp":"2026-03-10T12:35:46.059Z"}
{"level":"info","message":"Creating database indexes...","timestamp":"2026-03-10T12:35:46.060Z"}
{"level":"info","message":"✅ Indexes created for collection: users","timestamp":"2026-03-10T12:35:46.886Z"}
{"level":"info","message":"✅ Indexes created for collection: departments","timestamp":"2026-03-10T12:35:46.946Z"}
{"level":"info","message":"✅ Indexes created for collection: programs","timestamp":"2026-03-10T12:35:47.044Z"}
{"level":"info","message":"✅ Indexes created for collection: courses","timestamp":"2026-03-10T12:35:47.122Z"}
{"level":"info","message":"✅ Indexes created for collection: assignments","timestamp":"2026-03-10T12:35:47.187Z"}
{"level":"info","message":"✅ Indexes created for collection: submissions","timestamp":"2026-03-10T12:35:47.246Z"}
{"level":"info","message":"🎉 Database index optimization process completed","timestamp":"2026-03-10T12:35:47.248Z"}
{"level":"info","message":"Attempting to connect to MongoDB...","timestamp":"2026-03-10T12:36:04.233Z"}
{"level":"info","message":"✅ MongoDB connected successfully","timestamp":"2026-03-10T12:36:04.649Z"}
{"level":"info","message":"📊 Database: project","timestamp":"2026-03-10T12:36:04.649Z"}
{"level":"info","message":"🌐 Host: cluster0-shard-00-00.7noqj.mongodb.net","timestamp":"2026-03-10T12:36:04.650Z"}
{"level":"info","message":"🔌 Port: 27017","timestamp":"2026-03-10T12:36:04.650Z"}
{"level":"info","message":"Creating database indexes...","timestamp":"2026-03-10T12:36:04.651Z"}
{"level":"info","message":"✅ Indexes created for collection: users","timestamp":"2026-03-10T12:36:05.448Z"}
{"level":"info","message":"✅ Indexes created for collection: departments","timestamp":"2026-03-10T12:36:05.508Z"}
{"level":"info","message":"✅ Indexes created for collection: programs","timestamp":"2026-03-10T12:36:05.565Z"}
{"level":"info","message":"✅ Indexes created for collection: courses","timestamp":"2026-03-10T12:36:05.622Z"}
{"level":"info","message":"✅ Indexes created for collection: assignments","timestamp":"2026-03-10T12:36:05.678Z"}
{"level":"info","message":"✅ Indexes created for collection: submissions","timestamp":"2026-03-10T12:36:05.737Z"}
{"level":"info","message":"🎉 Database index optimization process completed","timestamp":"2026-03-10T12:36:05.737Z"}
{"level":"info","message":"Attempting to connect to MongoDB...","timestamp":"2026-03-10T12:39:54.168Z"}
{"level":"info","message":"✅ MongoDB connected successfully","timestamp":"2026-03-10T12:39:54.630Z"}
{"level":"info","message":"📊 Database: project","timestamp":"2026-03-10T12:39:54.631Z"}
{"level":"info","message":"🌐 Host: cluster0-shard-00-00.7noqj.mongodb.net","timestamp":"2026-03-10T12:39:54.631Z"}
{"level":"info","message":"🔌 Port: 27017","timestamp":"2026-03-10T12:39:54.631Z"}
{"level":"info","message":"Creating database indexes...","timestamp":"2026-03-10T12:39:54.632Z"}
{"level":"info","message":"✅ Indexes created for collection: users","timestamp":"2026-03-10T12:39:55.448Z"}
{"level":"info","message":"✅ Indexes created for collection: departments","timestamp":"2026-03-10T12:39:55.504Z"}
{"level":"info","message":"✅ Indexes created for collection: programs","timestamp":"2026-03-10T12:39:55.562Z"}
{"level":"info","message":"✅ Indexes created for collection: courses","timestamp":"2026-03-10T12:39:55.622Z"}
{"level":"info","message":"✅ Indexes created for collection: assignments","timestamp":"2026-03-10T12:39:55.678Z"}
{"level":"info","message":"✅ Indexes created for collection: submissions","timestamp":"2026-03-10T12:39:55.735Z"}
{"level":"info","message":"🎉 Database index optimization process completed","timestamp":"2026-03-10T12:39:55.736Z"}
{"level":"info","message":"Attempting to connect to MongoDB...","timestamp":"2026-03-19T11:04:56.724Z"}
{"code":"ECONNREFUSED","hostname":"_mongodb._tcp.cluster0.7noqj.mongodb.net","level":"error","message":"❌ MongoDB connection failed: querySrv ECONNREFUSED _mongodb._tcp.cluster0.7noqj.mongodb.net","stack":"Error: querySrv ECONNREFUSED _mongodb._tcp.cluster0.7noqj.mongodb.net\n    at QueryReqWrap.onresolve [as oncomplete] (node:internal/dns/promises:294:17)","syscall":"querySrv","timestamp":"2026-03-19T11:04:56.813Z"}
{"level":"info","message":"Attempting to connect to MongoDB...","timestamp":"2026-03-19T11:05:03.686Z"}
{"code":"ECONNREFUSED","hostname":"_mongodb._tcp.cluster0.7noqj.mongodb.net","level":"error","message":"❌ MongoDB connection failed: querySrv ECONNREFUSED _mongodb._tcp.cluster0.7noqj.mongodb.net","stack":"Error: querySrv ECONNREFUSED _mongodb._tcp.cluster0.7noqj.mongodb.net\n    at QueryReqWrap.onresolve [as oncomplete] (node:internal/dns/promises:294:17)","syscall":"querySrv","timestamp":"2026-03-19T11:05:03.779Z"}
{"level":"info","message":"Attempting to connect to MongoDB...","timestamp":"2026-03-19T11:05:17.891Z"}
{"code":"ECONNREFUSED","hostname":"_mongodb._tcp.cluster0.7noqj.mongodb.net","level":"error","message":"❌ MongoDB connection failed: querySrv ECONNREFUSED _mongodb._tcp.cluster0.7noqj.mongodb.net","stack":"Error: querySrv ECONNREFUSED _mongodb._tcp.cluster0.7noqj.mongodb.net\n    at QueryReqWrap.onresolve [as oncomplete] (node:internal/dns/promises:294:17)","syscall":"querySrv","timestamp":"2026-03-19T11:05:17.929Z"}
{"level":"info","message":"Attempting to connect to MongoDB...","timestamp":"2026-03-19T11:06:03.053Z"}
{"level":"info","message":"Attempting to connect to MongoDB...","timestamp":"2026-03-19T11:06:13.217Z"}
{"level":"info","message":"Attempting to connect to MongoDB...","timestamp":"2026-03-19T11:07:11.600Z"}
{"level":"error","message":"❌ MongoDB connection failed: connect ECONNREFUSED 127.0.0.1:27017","reason":{"commonWireVersion":0,"compatible":true,"heartbeatFrequencyMS":10000,"localThresholdMS":15,"logicalSessionTimeoutMinutes":null,"maxElectionId":null,"maxSetVersion":null,"servers":{},"setName":null,"stale":false,"type":"Unknown"},"stack":"MongooseServerSelectionError: connect ECONNREFUSED 127.0.0.1:27017\n    at _handleConnectionErrors (D:\\devmerge\\server\\node_modules\\mongoose\\lib\\connection.js:816:11)\n    at NativeConnection.openUri (D:\\devmerge\\server\\node_modules\\mongoose\\lib\\connection.js:791:11)\n    at async DatabaseConnection.connect (D:\\devmerge\\server\\config\\database.js:54:7)\n    at async startServer (D:\\devmerge\\server\\index.js:355:25)","timestamp":"2026-03-19T11:07:41.640Z"}
{"level":"warn","message":"⚠️ Continuing without MongoDB in development mode","timestamp":"2026-03-19T11:07:41.642Z"}
{"level":"info","message":"Attempting to connect to MongoDB...","timestamp":"2026-03-19T11:08:36.062Z"}
{"level":"info","message":"Attempting to connect to MongoDB...","timestamp":"2026-03-19T11:09:03.990Z"}
{"level":"error","message":"❌ MongoDB connection failed: connect ECONNREFUSED 127.0.0.1:27017","reason":{"commonWireVersion":0,"compatible":true,"heartbeatFrequencyMS":10000,"localThresholdMS":15,"logicalSessionTimeoutMinutes":null,"maxElectionId":null,"maxSetVersion":null,"servers":{},"setName":null,"stale":false,"type":"Unknown"},"stack":"MongooseServerSelectionError: connect ECONNREFUSED 127.0.0.1:27017\n    at _handleConnectionErrors (D:\\devmerge\\server\\node_modules\\mongoose\\lib\\connection.js:816:11)\n    at NativeConnection.openUri (D:\\devmerge\\server\\node_modules\\mongoose\\lib\\connection.js:791:11)\n    at async DatabaseConnection.connect (D:\\devmerge\\server\\config\\database.js:54:7)\n    at async startServer (D:\\devmerge\\server\\index.js:355:25)","timestamp":"2026-03-19T11:09:34.032Z"}
{"level":"warn","message":"⚠️ Continuing without MongoDB in development mode","timestamp":"2026-03-19T11:09:34.033Z"}
{"level":"info","message":"Attempting to connect to MongoDB...","timestamp":"2026-03-19T11:14:29.436Z"}
{"level":"info","message":"Attempting to connect to MongoDB...","timestamp":"2026-03-19T11:14:35.186Z"}
{"level":"error","message":"❌ MongoDB connection failed: connect ECONNREFUSED 127.0.0.1:27017","reason":{"commonWireVersion":0,"compatible":true,"heartbeatFrequencyMS":10000,"localThresholdMS":15,"logicalSessionTimeoutMinutes":null,"maxElectionId":null,"maxSetVersion":null,"servers":{},"setName":null,"stale":false,"type":"Unknown"},"stack":"MongooseServerSelectionError: connect ECONNREFUSED 127.0.0.1:27017\n    at _handleConnectionErrors (D:\\devmerge\\server\\node_modules\\mongoose\\lib\\connection.js:816:11)\n    at NativeConnection.openUri (D:\\devmerge\\server\\node_modules\\mongoose\\lib\\connection.js:791:11)\n    at async DatabaseConnection.connect (D:\\devmerge\\server\\config\\database.js:54:7)\n    at async startServer (D:\\devmerge\\server\\index.js:355:25)","timestamp":"2026-03-19T11:15:05.207Z"}
{"level":"warn","message":"⚠️ Continuing without MongoDB in development mode","timestamp":"2026-03-19T11:15:05.208Z"}
{"level":"info","message":"Attempting to connect to MongoDB...","timestamp":"2026-03-19T11:15:34.754Z"}
{"level":"error","message":"❌ MongoDB connection failed: connect ECONNREFUSED 127.0.0.1:27017","reason":{"commonWireVersion":0,"compatible":true,"heartbeatFrequencyMS":10000,"localThresholdMS":15,"logicalSessionTimeoutMinutes":null,"maxElectionId":null,"maxSetVersion":null,"servers":{},"setName":null,"stale":false,"type":"Unknown"},"stack":"MongooseServerSelectionError: connect ECONNREFUSED 127.0.0.1:27017\n    at _handleConnectionErrors (D:\\devmerge\\server\\node_modules\\mongoose\\lib\\connection.js:816:11)\n    at NativeConnection.openUri (D:\\devmerge\\server\\node_modules\\mongoose\\lib\\connection.js:791:11)\n    at async DatabaseConnection.connect (D:\\devmerge\\server\\config\\database.js:54:7)\n    at async startServer (D:\\devmerge\\server\\index.js:355:25)","timestamp":"2026-03-19T11:16:04.775Z"}
{"level":"warn","message":"⚠️ Continuing without MongoDB in development mode","timestamp":"2026-03-19T11:16:04.778Z"}
{"level":"info","message":"Attempting to connect to MongoDB...","timestamp":"2026-03-19T11:16:09.304Z"}
{"level":"error","message":"❌ MongoDB connection failed: connect ECONNREFUSED 127.0.0.1:27017","reason":{"commonWireVersion":0,"compatible":true,"heartbeatFrequencyMS":10000,"localThresholdMS":15,"logicalSessionTimeoutMinutes":null,"maxElectionId":null,"maxSetVersion":null,"servers":{},"setName":null,"stale":false,"type":"Unknown"},"stack":"MongooseServerSelectionError: connect ECONNREFUSED 127.0.0.1:27017\n    at _handleConnectionErrors (D:\\devmerge\\server\\node_modules\\mongoose\\lib\\connection.js:816:11)\n    at NativeConnection.openUri (D:\\devmerge\\server\\node_modules\\mongoose\\lib\\connection.js:791:11)\n    at async DatabaseConnection.connect (D:\\devmerge\\server\\config\\database.js:54:7)\n    at async startServer (D:\\devmerge\\server\\index.js:355:25)","timestamp":"2026-03-19T11:16:39.334Z"}
{"level":"info","message":"Attempting to connect to MongoDB...","timestamp":"2026-03-19T11:50:01.932Z"}
{"code":"ECONNREFUSED","hostname":"_mongodb._tcp.cluster0.7noqj.mongodb.net","level":"error","message":"❌ MongoDB connection failed: querySrv ECONNREFUSED _mongodb._tcp.cluster0.7noqj.mongodb.net","stack":"Error: querySrv ECONNREFUSED _mongodb._tcp.cluster0.7noqj.mongodb.net\n    at QueryReqWrap.onresolve [as oncomplete] (node:internal/dns/promises:294:17)","syscall":"querySrv","timestamp":"2026-03-19T11:50:01.950Z"}
{"level":"info","message":"Attempting to connect to MongoDB...","timestamp":"2026-03-19T11:50:18.009Z"}
{"code":"ECONNREFUSED","hostname":"_mongodb._tcp.cluster0.7noqj.mongodb.net","level":"error","message":"❌ MongoDB connection failed: querySrv ECONNREFUSED _mongodb._tcp.cluster0.7noqj.mongodb.net","stack":"Error: querySrv ECONNREFUSED _mongodb._tcp.cluster0.7noqj.mongodb.net\n    at QueryReqWrap.onresolve [as oncomplete] (node:internal/dns/promises:294:17)","syscall":"querySrv","timestamp":"2026-03-19T11:50:18.022Z"}
{"level":"info","message":"Attempting to connect to MongoDB...","timestamp":"2026-03-19T11:50:32.497Z"}
{"code":"ECONNREFUSED","hostname":"_mongodb._tcp.cluster0.7noqj.mongodb.net","level":"error","message":"❌ MongoDB connection failed: querySrv ECONNREFUSED _mongodb._tcp.cluster0.7noqj.mongodb.net","stack":"Error: querySrv ECONNREFUSED _mongodb._tcp.cluster0.7noqj.mongodb.net\n    at QueryReqWrap.onresolve [as oncomplete] (node:internal/dns/promises:294:17)","syscall":"querySrv","timestamp":"2026-03-19T11:50:32.528Z"}
{"level":"info","message":"Attempting to connect to MongoDB...","timestamp":"2026-03-19T11:50:58.173Z"}
{"code":"ECONNREFUSED","hostname":"_mongodb._tcp.cluster0.7noqj.mongodb.net","level":"error","message":"❌ MongoDB connection failed: querySrv ECONNREFUSED _mongodb._tcp.cluster0.7noqj.mongodb.net","stack":"Error: querySrv ECONNREFUSED _mongodb._tcp.cluster0.7noqj.mongodb.net\n    at QueryReqWrap.onresolve [as oncomplete] (node:internal/dns/promises:294:17)","syscall":"querySrv","timestamp":"2026-03-19T11:50:58.193Z"}
{"level":"info","message":"Attempting to connect to MongoDB...","timestamp":"2026-03-19T11:51:41.925Z"}
{"code":"ECONNREFUSED","hostname":"_mongodb._tcp.cluster0.7noqj.mongodb.net","level":"error","message":"❌ MongoDB connection failed: querySrv ECONNREFUSED _mongodb._tcp.cluster0.7noqj.mongodb.net","stack":"Error: querySrv ECONNREFUSED _mongodb._tcp.cluster0.7noqj.mongodb.net\n    at QueryReqWrap.onresolve [as oncomplete] (node:internal/dns/promises:294:17)","syscall":"querySrv","timestamp":"2026-03-19T11:51:41.941Z"}
{"level":"info","message":"Attempting to connect to MongoDB...","timestamp":"2026-03-19T11:51:48.219Z"}
{"code":"ECONNREFUSED","hostname":"_mongodb._tcp.cluster0.7noqj.mongodb.net","level":"error","message":"❌ MongoDB connection failed: querySrv ECONNREFUSED _mongodb._tcp.cluster0.7noqj.mongodb.net","stack":"Error: querySrv ECONNREFUSED _mongodb._tcp.cluster0.7noqj.mongodb.net\n    at QueryReqWrap.onresolve [as oncomplete] (node:internal/dns/promises:294:17)","syscall":"querySrv","timestamp":"2026-03-19T11:51:48.251Z"}
{"level":"info","message":"Attempting to connect to MongoDB...","timestamp":"2026-03-19T11:52:11.605Z"}
{"code":"ECONNREFUSED","hostname":"_mongodb._tcp.cluster0.7noqj.mongodb.net","level":"error","message":"❌ MongoDB connection failed: querySrv ECONNREFUSED _mongodb._tcp.cluster0.7noqj.mongodb.net","stack":"Error: querySrv ECONNREFUSED _mongodb._tcp.cluster0.7noqj.mongodb.net\n    at QueryReqWrap.onresolve [as oncomplete] (node:internal/dns/promises:294:17)","syscall":"querySrv","timestamp":"2026-03-19T11:52:11.740Z"}
{"level":"info","message":"Attempting to connect to MongoDB...","timestamp":"2026-03-19T11:53:09.236Z"}
{"code":"ECONNREFUSED","hostname":"_mongodb._tcp.cluster0.7noqj.mongodb.net","level":"error","message":"❌ MongoDB connection failed: querySrv ECONNREFUSED _mongodb._tcp.cluster0.7noqj.mongodb.net","stack":"Error: querySrv ECONNREFUSED _mongodb._tcp.cluster0.7noqj.mongodb.net\n    at QueryReqWrap.onresolve [as oncomplete] (node:internal/dns/promises:294:17)","syscall":"querySrv","timestamp":"2026-03-19T11:53:09.274Z"}
{"level":"info","message":"Attempting to connect to MongoDB...","timestamp":"2026-03-19T11:54:17.361Z"}
{"code":"ECONNREFUSED","hostname":"_mongodb._tcp.cluster0.7noqj.mongodb.net","level":"error","message":"❌ MongoDB connection failed: querySrv ECONNREFUSED _mongodb._tcp.cluster0.7noqj.mongodb.net","stack":"Error: querySrv ECONNREFUSED _mongodb._tcp.cluster0.7noqj.mongodb.net\n    at QueryReqWrap.onresolve [as oncomplete] (node:internal/dns/promises:294:17)","syscall":"querySrv","timestamp":"2026-03-19T11:54:17.379Z"}
{"level":"info","message":"Attempting to connect to MongoDB...","timestamp":"2026-03-19T11:54:54.776Z"}
{"code":"ECONNREFUSED","hostname":"_mongodb._tcp.cluster0.7noqj.mongodb.net","level":"error","message":"❌ MongoDB connection failed: querySrv ECONNREFUSED _mongodb._tcp.cluster0.7noqj.mongodb.net","stack":"Error: querySrv ECONNREFUSED _mongodb._tcp.cluster0.7noqj.mongodb.net\n    at QueryReqWrap.onresolve [as oncomplete] (node:internal/dns/promises:294:17)","syscall":"querySrv","timestamp":"2026-03-19T11:54:54.800Z"}
{"level":"info","message":"Attempting to connect to MongoDB...","timestamp":"2026-03-19T11:55:11.951Z"}
{"code":"ECONNREFUSED","hostname":"_mongodb._tcp.cluster0.7noqj.mongodb.net","level":"error","message":"❌ MongoDB connection failed: querySrv ECONNREFUSED _mongodb._tcp.cluster0.7noqj.mongodb.net","stack":"Error: querySrv ECONNREFUSED _mongodb._tcp.cluster0.7noqj.mongodb.net\n    at QueryReqWrap.onresolve [as oncomplete] (node:internal/dns/promises:294:17)","syscall":"querySrv","timestamp":"2026-03-19T11:55:11.970Z"}
{"level":"info","message":"Attempting to connect to MongoDB...","timestamp":"2026-03-24T07:02:53.698Z"}
{"code":"ECONNREFUSED","hostname":"_mongodb._tcp.cluster0.7noqj.mongodb.net","level":"error","message":"❌ MongoDB connection failed: querySrv ECONNREFUSED _mongodb._tcp.cluster0.7noqj.mongodb.net","stack":"Error: querySrv ECONNREFUSED _mongodb._tcp.cluster0.7noqj.mongodb.net\n    at QueryReqWrap.onresolve [as oncomplete] (node:internal/dns/promises:294:17)","syscall":"querySrv","timestamp":"2026-03-24T07:02:53.735Z"}
{"level":"warn","message":"⚠️ Continuing without MongoDB in development mode","timestamp":"2026-03-24T07:02:53.736Z"}
{"level":"info","message":"Attempting to connect to MongoDB...","timestamp":"2026-03-24T07:18:27.409Z"}
{"code":"ECONNREFUSED","hostname":"_mongodb._tcp.cluster0.7noqj.mongodb.net","level":"error","message":"❌ MongoDB connection failed: querySrv ECONNREFUSED _mongodb._tcp.cluster0.7noqj.mongodb.net","stack":"Error: querySrv ECONNREFUSED _mongodb._tcp.cluster0.7noqj.mongodb.net\n    at QueryReqWrap.onresolve [as oncomplete] (node:internal/dns/promises:294:17)","syscall":"querySrv","timestamp":"2026-03-24T07:18:27.428Z"}
{"level":"warn","message":"⚠️ Continuing without MongoDB in development mode","timestamp":"2026-03-24T07:18:27.430Z"}
{"level":"info","message":"Attempting to connect to MongoDB...","timestamp":"2026-03-24T07:19:47.949Z"}
{"code":"ECONNREFUSED","hostname":"_mongodb._tcp.cluster0.7noqj.mongodb.net","level":"error","message":"❌ MongoDB connection failed: querySrv ECONNREFUSED _mongodb._tcp.cluster0.7noqj.mongodb.net","stack":"Error: querySrv ECONNREFUSED _mongodb._tcp.cluster0.7noqj.mongodb.net\n    at QueryReqWrap.onresolve [as oncomplete] (node:internal/dns/promises:294:17)","syscall":"querySrv","timestamp":"2026-03-24T07:19:47.962Z"}
{"level":"warn","message":"⚠️ Continuing without MongoDB in development mode","timestamp":"2026-03-24T07:19:47.962Z"}
{"level":"info","message":"Attempting to connect to MongoDB...","timestamp":"2026-03-24T07:19:56.794Z"}
{"level":"warn","message":"⚠️ Connection attempt failed, retrying... (2 attempts left)","timestamp":"2026-03-24T07:19:56.808Z"}
{"level":"warn","message":"⚠️ Connection attempt failed, retrying... (1 attempts left)","timestamp":"2026-03-24T07:19:58.835Z"}
{"code":"ECONNREFUSED","hostname":"_mongodb._tcp.cluster0.7noqj.mongodb.net","level":"error","message":"❌ MongoDB connection failed: querySrv ECONNREFUSED _mongodb._tcp.cluster0.7noqj.mongodb.net","stack":"Error: querySrv ECONNREFUSED _mongodb._tcp.cluster0.7noqj.mongodb.net\n    at QueryReqWrap.onresolve [as oncomplete] (node:internal/dns/promises:294:17)","syscall":"querySrv","timestamp":"2026-03-24T07:20:01.054Z"}
{"level":"error","message":"Connection string (masked): mongodb+srv://***:***@cluster0.7noqj.mongodb.net/project?retryWrites=true&w=majority","timestamp":"2026-03-24T07:20:01.079Z"}
{"level":"warn","message":"⚠️ Continuing without MongoDB in development mode","timestamp":"2026-03-24T07:20:01.092Z"}
{"level":"warn","message":"⚠️ Please check:","timestamp":"2026-03-24T07:20:01.094Z"}
{"level":"warn","message":"   1. MongoDB Atlas cluster is running","timestamp":"2026-03-24T07:20:01.110Z"}
{"level":"warn","message":"   2. Your IP address is whitelisted in Atlas Network Access","timestamp":"2026-03-24T07:20:01.133Z"}
{"level":"warn","message":"   3. Database credentials are correct","timestamp":"2026-03-24T07:20:01.169Z"}
{"level":"warn","message":"   4. Internet connection is stable","timestamp":"2026-03-24T07:20:01.175Z"}
{"level":"info","message":"Attempting to connect to MongoDB...","timestamp":"2026-03-24T07:30:59.158Z"}
{"level":"warn","message":"⚠️ Connection attempt failed, retrying... (2 attempts left)","timestamp":"2026-03-24T07:30:59.169Z"}
{"level":"warn","message":"⚠️ Connection attempt failed, retrying... (1 attempts left)","timestamp":"2026-03-24T07:31:01.188Z"}
