{"level":"info","message":"✅ Database connected","timestamp":"2026-03-07T22:03:55.250Z"}
{"level":"warn","message":"⚠️ Redis connection failed:","timestamp":"2026-03-07T22:03:55.250Z"}
{"level":"info","message":"🚀 Server running on port 5002","timestamp":"2026-03-07T22:03:55.253Z"}
{"level":"info","message":"📖 API Documentation: http://localhost:5002/api-docs","timestamp":"2026-03-07T22:03:55.254Z"}
{"level":"info","message":"🏥 Health Check: http://localhost:5002/health","timestamp":"2026-03-07T22:03:55.254Z"}
{"level":"info","message":"✅ Database connected","timestamp":"2026-03-07T22:03:55.403Z"}
{"level":"info","message":"✅ Database connected","timestamp":"2026-03-07T22:05:38.122Z"}
{"level":"info","message":"✅ Database connected","timestamp":"2026-03-07T22:06:29.267Z"}
{"level":"info","message":"SIGINT received, shutting down gracefully","timestamp":"2026-03-07T22:06:43.170Z"}
{"level":"info","message":"✅ Database connected","timestamp":"2026-03-07T22:07:03.329Z"}
{"level":"warn","message":"⚠️ Redis connection failed:","timestamp":"2026-03-07T22:07:03.331Z"}
{"level":"info","message":"🚀 Server running on port 5002","timestamp":"2026-03-07T22:07:03.337Z"}
{"level":"info","message":"📖 API Documentation: http://localhost:5002/api-docs","timestamp":"2026-03-07T22:07:03.337Z"}
{"level":"info","message":"🏥 Health Check: http://localhost:5002/health","timestamp":"2026-03-07T22:07:03.337Z"}
{"level":"info","message":"✅ Database connected","timestamp":"2026-03-07T22:07:37.836Z"}
{"level":"info","message":"✅ Database connected","timestamp":"2026-03-07T22:07:43.463Z"}
{"level":"info","message":"✅ Database connected","timestamp":"2026-03-07T22:07:49.556Z"}
{"level":"info","message":"✅ Database connected","timestamp":"2026-03-07T22:07:54.538Z"}
{"level":"info","message":"✅ Database connected","timestamp":"2026-03-07T22:08:00.503Z"}
{"level":"info","message":"✅ Database connected","timestamp":"2026-03-07T22:08:06.294Z"}
{"level":"info","message":"✅ Database connected","timestamp":"2026-03-07T22:08:11.555Z"}
{"level":"info","message":"✅ Database connected","timestamp":"2026-03-07T22:08:18.471Z"}
{"level":"info","message":"✅ Database connected","timestamp":"2026-03-07T22:08:26.030Z"}
{"level":"info","message":"✅ Database connected","timestamp":"2026-03-07T22:08:32.140Z"}
{"level":"info","message":"✅ Database connected","timestamp":"2026-03-07T22:08:39.088Z"}
{"level":"info","message":"✅ Database connected","timestamp":"2026-03-07T22:08:44.304Z"}
{"level":"info","message":"✅ Database connected","timestamp":"2026-03-07T22:11:04.203Z"}
{"level":"info","message":"✅ Database connected","timestamp":"2026-03-07T22:13:06.935Z"}
{"level":"info","message":"✅ Database connected","timestamp":"2026-03-07T22:13:11.890Z"}
{"level":"info","message":"✅ Database connected","timestamp":"2026-03-07T22:13:42.209Z"}
{"level":"info","message":"✅ Database connected","timestamp":"2026-03-07T22:17:47.626Z"}
{"level":"info","message":"✅ Database connected","timestamp":"2026-03-07T22:17:51.619Z"}
{"level":"info","message":"✅ Database connected","timestamp":"2026-03-07T22:17:55.654Z"}
{"level":"info","message":"✅ Database connected","timestamp":"2026-03-07T22:18:12.881Z"}
{"level":"info","message":"✅ Database connected","timestamp":"2026-03-07T22:18:24.221Z"}
{"level":"info","message":"✅ Database connected","timestamp":"2026-03-07T22:20:24.427Z"}
{"level":"info","message":"✅ Database connected","timestamp":"2026-03-07T22:20:30.898Z"}
{"level":"info","message":"✅ Database connected","timestamp":"2026-03-07T22:20:36.327Z"}
{"level":"info","message":"✅ Database connected","timestamp":"2026-03-07T22:20:43.163Z"}
{"level":"info","message":"✅ Database connected","timestamp":"2026-03-07T22:20:48.381Z"}
{"level":"info","message":"✅ Database connected","timestamp":"2026-03-07T22:20:54.117Z"}
{"level":"info","message":"✅ Database connected","timestamp":"2026-03-07T22:21:00.280Z"}
{"level":"info","message":"✅ Database connected","timestamp":"2026-03-07T22:21:06.076Z"}
{"level":"info","message":"✅ Database connected","timestamp":"2026-03-07T22:24:21.927Z"}
{"level":"info","message":"✅ Database connected","timestamp":"2026-03-07T22:24:26.338Z"}
{"level":"info","message":"✅ Database connected","timestamp":"2026-03-07T22:24:56.995Z"}
{"level":"warn","message":"⚠️ Redis connection failed:","timestamp":"2026-03-07T22:24:56.995Z"}
{"level":"info","message":"🚀 Server running on port 5002","timestamp":"2026-03-07T22:24:56.997Z"}
{"level":"info","message":"📖 API Documentation: http://localhost:5002/api-docs","timestamp":"2026-03-07T22:24:56.997Z"}
{"level":"info","message":"🏥 Health Check: http://localhost:5002/health","timestamp":"2026-03-07T22:24:56.997Z"}
{"level":"info","message":"✅ Database connected","timestamp":"2026-03-07T22:25:12.163Z"}
{"level":"warn","message":"⚠️ Redis connection failed:","timestamp":"2026-03-07T22:25:12.164Z"}
{"level":"info","message":"🚀 Server running on port 5002","timestamp":"2026-03-07T22:25:12.172Z"}
{"level":"info","message":"📖 API Documentation: http://localhost:5002/api-docs","timestamp":"2026-03-07T22:25:12.175Z"}
{"level":"info","message":"🏥 Health Check: http://localhost:5002/health","timestamp":"2026-03-07T22:25:12.176Z"}
{"level":"info","message":"✅ Database connected","timestamp":"2026-03-07T22:29:13.776Z"}
{"level":"warn","message":"⚠️ Redis connection failed:","timestamp":"2026-03-07T22:29:13.777Z"}
{"level":"info","message":"🚀 Server running on port 5002","timestamp":"2026-03-07T22:29:13.781Z"}
{"level":"info","message":"📖 API Documentation: http://localhost:5002/api-docs","timestamp":"2026-03-07T22:29:13.782Z"}
{"level":"info","message":"🏥 Health Check: http://localhost:5002/health","timestamp":"2026-03-07T22:29:13.782Z"}
{"level":"info","message":"SIGINT received, shutting down gracefully","timestamp":"2026-03-07T22:38:33.503Z"}
{"level":"info","message":"✅ Database connected","timestamp":"2026-03-07T22:39:21.542Z"}
{"level":"warn","message":"⚠️ Redis connection failed:","timestamp":"2026-03-07T22:39:21.543Z"}
{"level":"info","message":"🚀 Server running on port 5002","timestamp":"2026-03-07T22:39:21.544Z"}
{"level":"info","message":"📖 API Documentation: http://localhost:5002/api-docs","timestamp":"2026-03-07T22:39:21.544Z"}
{"level":"info","message":"🏥 Health Check: http://localhost:5002/health","timestamp":"2026-03-07T22:39:21.544Z"}
{"level":"info","message":"SIGINT received, shutting down gracefully","timestamp":"2026-03-07T22:40:05.201Z"}
{"level":"info","message":"✅ Database connected","timestamp":"2026-03-07T22:40:25.744Z"}
{"level":"warn","message":"⚠️ Redis connection failed:","timestamp":"2026-03-07T22:40:25.745Z"}
{"level":"info","message":"🚀 Server running on port 5002","timestamp":"2026-03-07T22:40:25.746Z"}
{"level":"info","message":"📖 API Documentation: http://localhost:5002/api-docs","timestamp":"2026-03-07T22:40:25.746Z"}
{"level":"info","message":"🏥 Health Check: http://localhost:5002/health","timestamp":"2026-03-07T22:40:25.746Z"}
{"level":"info","message":"SIGINT received, shutting down gracefully","timestamp":"2026-03-07T22:40:45.299Z"}
{"level":"info","message":"✅ Database connected","timestamp":"2026-03-07T22:41:13.189Z"}
{"level":"warn","message":"⚠️ Redis connection failed:","timestamp":"2026-03-07T22:41:13.189Z"}
{"level":"info","message":"🚀 Server running on port 5002","timestamp":"2026-03-07T22:41:13.193Z"}
{"level":"info","message":"📖 API Documentation: http://localhost:5002/api-docs","timestamp":"2026-03-07T22:41:13.193Z"}
{"level":"info","message":"🏥 Health Check: http://localhost:5002/health","timestamp":"2026-03-07T22:41:13.193Z"}
{"level":"info","message":"✅ Database connected","timestamp":"2026-03-07T23:00:23.130Z"}
{"level":"warn","message":"⚠️ Redis connection failed:","timestamp":"2026-03-07T23:00:23.130Z"}
{"level":"info","message":"🚀 Server running on port 5002","timestamp":"2026-03-07T23:00:23.133Z"}
{"level":"info","message":"📖 API Documentation: http://localhost:5002/api-docs","timestamp":"2026-03-07T23:00:23.133Z"}
{"level":"info","message":"🏥 Health Check: http://localhost:5002/health","timestamp":"2026-03-07T23:00:23.134Z"}
{"level":"info","message":"✅ Database connected","timestamp":"2026-03-07T23:00:47.232Z"}
{"level":"warn","message":"⚠️ Redis connection failed:","timestamp":"2026-03-07T23:00:47.232Z"}
{"level":"info","message":"🚀 Server running on port 5002","timestamp":"2026-03-07T23:00:47.234Z"}
{"level":"info","message":"📖 API Documentation: http://localhost:5002/api-docs","timestamp":"2026-03-07T23:00:47.234Z"}
{"level":"info","message":"🏥 Health Check: http://localhost:5002/health","timestamp":"2026-03-07T23:00:47.234Z"}
{"level":"info","message":"✅ Database connected","timestamp":"2026-03-07T23:01:00.109Z"}
{"level":"warn","message":"⚠️ Redis connection failed:","timestamp":"2026-03-07T23:01:00.109Z"}
{"level":"info","message":"🚀 Server running on port 5002","timestamp":"2026-03-07T23:01:00.111Z"}
{"level":"info","message":"📖 API Documentation: http://localhost:5002/api-docs","timestamp":"2026-03-07T23:01:00.112Z"}
{"level":"info","message":"🏥 Health Check: http://localhost:5002/health","timestamp":"2026-03-07T23:01:00.112Z"}
{"level":"info","message":"✅ Database connected","timestamp":"2026-03-07T23:01:11.419Z"}
{"level":"warn","message":"⚠️ Redis connection failed:","timestamp":"2026-03-07T23:01:11.420Z"}
{"level":"info","message":"🚀 Server running on port 5002","timestamp":"2026-03-07T23:01:11.423Z"}
{"level":"info","message":"📖 API Documentation: http://localhost:5002/api-docs","timestamp":"2026-03-07T23:01:11.423Z"}
{"level":"info","message":"🏥 Health Check: http://localhost:5002/health","timestamp":"2026-03-07T23:01:11.423Z"}
{"level":"info","message":"✅ Database connected","timestamp":"2026-03-07T23:11:26.518Z"}
{"level":"warn","message":"⚠️ Redis connection failed:","timestamp":"2026-03-07T23:11:26.518Z"}
{"level":"info","message":"🚀 Server running on port 5002","timestamp":"2026-03-07T23:11:26.523Z"}
{"level":"info","message":"📖 API Documentation: http://localhost:5002/api-docs","timestamp":"2026-03-07T23:11:26.523Z"}
{"level":"info","message":"🏥 Health Check: http://localhost:5002/health","timestamp":"2026-03-07T23:11:26.524Z"}
{"level":"info","message":"✅ Database connected","timestamp":"2026-03-07T23:11:30.229Z"}
{"level":"info","message":"✅ Database connected","timestamp":"2026-03-07T23:16:02.919Z"}
{"level":"warn","message":"⚠️ Redis connection failed:","timestamp":"2026-03-07T23:16:02.919Z"}
{"level":"info","message":"🚀 Server running on port 5002","timestamp":"2026-03-07T23:16:02.920Z"}
{"level":"info","message":"📖 API Documentation: http://localhost:5002/api-docs","timestamp":"2026-03-07T23:16:02.920Z"}
{"level":"info","message":"🏥 Health Check: http://localhost:5002/health","timestamp":"2026-03-07T23:16:02.921Z"}
{"level":"info","message":"✅ Database connected","timestamp":"2026-03-07T23:18:29.577Z"}
{"level":"warn","message":"⚠️ Redis connection failed:","timestamp":"2026-03-07T23:18:29.577Z"}
{"level":"info","message":"🚀 Server running on port 5002","timestamp":"2026-03-07T23:18:29.579Z"}
{"level":"info","message":"📖 API Documentation: http://localhost:5002/api-docs","timestamp":"2026-03-07T23:18:29.579Z"}
{"level":"info","message":"🏥 Health Check: http://localhost:5002/health","timestamp":"2026-03-07T23:18:29.579Z"}
{"level":"info","message":"✅ Database connected","timestamp":"2026-03-07T23:18:48.734Z"}
{"level":"warn","message":"⚠️ Redis connection failed:","timestamp":"2026-03-07T23:18:48.734Z"}
{"level":"info","message":"🚀 Server running on port 5002","timestamp":"2026-03-07T23:18:48.736Z"}
{"level":"info","message":"📖 API Documentation: http://localhost:5002/api-docs","timestamp":"2026-03-07T23:18:48.737Z"}
{"level":"info","message":"🏥 Health Check: http://localhost:5002/health","timestamp":"2026-03-07T23:18:48.737Z"}
{"level":"info","message":"✅ Database connected","timestamp":"2026-03-07T23:18:58.956Z"}
{"level":"warn","message":"⚠️ Redis connection failed:","timestamp":"2026-03-07T23:18:58.957Z"}
{"level":"info","message":"🚀 Server running on port 5002","timestamp":"2026-03-07T23:18:58.960Z"}
{"level":"info","message":"📖 API Documentation: http://localhost:5002/api-docs","timestamp":"2026-03-07T23:18:58.960Z"}
{"level":"info","message":"🏥 Health Check: http://localhost:5002/health","timestamp":"2026-03-07T23:18:58.960Z"}
{"level":"info","message":"✅ Database connected","timestamp":"2026-03-07T23:26:40.520Z"}
{"level":"warn","message":"⚠️ Redis connection failed:","timestamp":"2026-03-07T23:26:40.521Z"}
{"level":"info","message":"🚀 Server running on port 5002","timestamp":"2026-03-07T23:26:40.524Z"}
{"level":"info","message":"📖 API Documentation: http://localhost:5002/api-docs","timestamp":"2026-03-07T23:26:40.524Z"}
{"level":"info","message":"🏥 Health Check: http://localhost:5002/health","timestamp":"2026-03-07T23:26:40.524Z"}
{"level":"info","message":"✅ Database connected","timestamp":"2026-03-07T23:55:38.743Z"}
{"level":"warn","message":"⚠️ Redis connection failed:","timestamp":"2026-03-07T23:55:38.744Z"}
{"level":"info","message":"🚀 Server running on port 5002","timestamp":"2026-03-07T23:55:38.746Z"}
{"level":"info","message":"📖 API Documentation: http://localhost:5002/api-docs","timestamp":"2026-03-07T23:55:38.746Z"}
{"level":"info","message":"🏥 Health Check: http://localhost:5002/health","timestamp":"2026-03-07T23:55:38.746Z"}
{"level":"info","message":"✅ Database connected","timestamp":"2026-03-08T00:00:05.398Z"}
{"level":"warn","message":"⚠️ Redis connection failed:","timestamp":"2026-03-08T00:00:05.398Z"}
{"level":"info","message":"🚀 Server running on port 5002","timestamp":"2026-03-08T00:00:05.399Z"}
{"level":"info","message":"📖 API Documentation: http://localhost:5002/api-docs","timestamp":"2026-03-08T00:00:05.399Z"}
{"level":"info","message":"🏥 Health Check: http://localhost:5002/health","timestamp":"2026-03-08T00:00:05.399Z"}
{"level":"info","message":"✅ Database connected","timestamp":"2026-03-08T00:01:14.134Z"}
{"level":"warn","message":"⚠️ Redis connection failed:","timestamp":"2026-03-08T00:01:14.134Z"}
{"level":"info","message":"🚀 Server running on port 5002","timestamp":"2026-03-08T00:01:14.137Z"}
{"level":"info","message":"📖 API Documentation: http://localhost:5002/api-docs","timestamp":"2026-03-08T00:01:14.137Z"}
{"level":"info","message":"🏥 Health Check: http://localhost:5002/health","timestamp":"2026-03-08T00:01:14.138Z"}
{"level":"info","message":"✅ Database connected","timestamp":"2026-03-08T00:01:53.596Z"}
{"level":"warn","message":"⚠️ Redis connection failed:","timestamp":"2026-03-08T00:01:53.596Z"}
{"level":"info","message":"🚀 Server running on port 5002","timestamp":"2026-03-08T00:01:53.599Z"}
{"level":"info","message":"📖 API Documentation: http://localhost:5002/api-docs","timestamp":"2026-03-08T00:01:53.599Z"}
{"level":"info","message":"🏥 Health Check: http://localhost:5002/health","timestamp":"2026-03-08T00:01:53.599Z"}
{"level":"info","message":"✅ Database connected","timestamp":"2026-03-08T01:12:21.547Z"}
{"level":"warn","message":"⚠️ Redis connection failed:","timestamp":"2026-03-08T01:12:21.548Z"}
{"level":"info","message":"🚀 Server running on port 5002","timestamp":"2026-03-08T01:12:21.550Z"}
{"level":"info","message":"📖 API Documentation: http://localhost:5002/api-docs","timestamp":"2026-03-08T01:12:21.551Z"}
{"level":"info","message":"🏥 Health Check: http://localhost:5002/health","timestamp":"2026-03-08T01:12:21.551Z"}
{"level":"info","message":"✅ Database connected","timestamp":"2026-03-08T01:32:12.417Z"}
{"level":"warn","message":"⚠️ Redis connection failed:","timestamp":"2026-03-08T01:32:12.418Z"}
{"level":"info","message":"🚀 Server running on port 5002","timestamp":"2026-03-08T01:32:12.420Z"}
{"level":"info","message":"📖 API Documentation: http://localhost:5002/api-docs","timestamp":"2026-03-08T01:32:12.421Z"}
{"level":"info","message":"🏥 Health Check: http://localhost:5002/health","timestamp":"2026-03-08T01:32:12.421Z"}
{"level":"info","message":"SIGINT received, shutting down gracefully","timestamp":"2026-03-08T01:36:45.086Z"}
{"level":"info","message":"✅ Database connected","timestamp":"2026-03-08T01:36:59.361Z"}
{"level":"warn","message":"⚠️ Redis connection failed:","timestamp":"2026-03-08T01:36:59.362Z"}
{"level":"info","message":"🚀 Server running on port 5002","timestamp":"2026-03-08T01:36:59.367Z"}
{"level":"info","message":"📖 API Documentation: http://localhost:5002/api-docs","timestamp":"2026-03-08T01:36:59.368Z"}
{"level":"info","message":"🏥 Health Check: http://localhost:5002/health","timestamp":"2026-03-08T01:36:59.368Z"}
{"level":"info","message":"✅ Database connected","timestamp":"2026-03-08T01:37:41.521Z"}
{"level":"warn","message":"⚠️ Redis connection failed:","timestamp":"2026-03-08T01:37:41.521Z"}
{"level":"info","message":"🚀 Server running on port 5002","timestamp":"2026-03-08T01:37:41.530Z"}
{"level":"info","message":"📖 API Documentation: http://localhost:5002/api-docs","timestamp":"2026-03-08T01:37:41.532Z"}
{"level":"info","message":"🏥 Health Check: http://localhost:5002/health","timestamp":"2026-03-08T01:37:41.532Z"}
{"level":"info","message":"✅ Database connected","timestamp":"2026-03-08T01:38:21.855Z"}
{"level":"info","message":"✅ Database connected","timestamp":"2026-03-08T01:42:20.872Z"}
{"level":"warn","message":"⚠️ Redis connection failed:","timestamp":"2026-03-08T01:42:20.872Z"}
{"level":"info","message":"🚀 Server running on port 5002","timestamp":"2026-03-08T01:42:20.876Z"}
{"level":"info","message":"📖 API Documentation: http://localhost:5002/api-docs","timestamp":"2026-03-08T01:42:20.876Z"}
{"level":"info","message":"🏥 Health Check: http://localhost:5002/health","timestamp":"2026-03-08T01:42:20.877Z"}
{"level":"info","message":"✅ Database connected","timestamp":"2026-03-08T01:42:20.961Z"}
{"level":"info","message":"✅ Database connected","timestamp":"2026-03-08T01:43:01.174Z"}
{"level":"warn","message":"⚠️ Redis connection failed:","timestamp":"2026-03-08T01:43:01.175Z"}
{"level":"info","message":"🚀 Server running on port 5002","timestamp":"2026-03-08T01:43:01.178Z"}
{"level":"info","message":"📖 API Documentation: http://localhost:5002/api-docs","timestamp":"2026-03-08T01:43:01.179Z"}
{"level":"info","message":"🏥 Health Check: http://localhost:5002/health","timestamp":"2026-03-08T01:43:01.179Z"}
{"level":"info","message":"✅ Database connected","timestamp":"2026-03-08T01:43:01.363Z"}
{"level":"info","message":"✅ Database connected","timestamp":"2026-03-08T01:43:53.275Z"}
{"level":"warn","message":"⚠️ Redis connection failed:","timestamp":"2026-03-08T01:43:53.276Z"}
{"level":"info","message":"🚀 Server running on port 5002","timestamp":"2026-03-08T01:43:53.278Z"}
{"level":"info","message":"📖 API Documentation: http://localhost:5002/api-docs","timestamp":"2026-03-08T01:43:53.278Z"}
{"level":"info","message":"🏥 Health Check: http://localhost:5002/health","timestamp":"2026-03-08T01:43:53.278Z"}
{"level":"info","message":"✅ Database connected","timestamp":"2026-03-08T01:43:53.339Z"}
{"level":"info","message":"✅ Database connected","timestamp":"2026-03-08T01:44:09.002Z"}
{"level":"warn","message":"⚠️ Redis connection failed:","timestamp":"2026-03-08T01:44:09.003Z"}
{"level":"info","message":"🚀 Server running on port 5002","timestamp":"2026-03-08T01:44:09.006Z"}
{"level":"info","message":"📖 API Documentation: http://localhost:5002/api-docs","timestamp":"2026-03-08T01:44:09.007Z"}
{"level":"info","message":"🏥 Health Check: http://localhost:5002/health","timestamp":"2026-03-08T01:44:09.007Z"}
{"level":"info","message":"✅ Database connected","timestamp":"2026-03-08T01:44:09.054Z"}
{"level":"info","message":"✅ Database connected","timestamp":"2026-03-08T01:44:15.388Z"}
{"level":"warn","message":"⚠️ Redis connection failed:","timestamp":"2026-03-08T01:44:15.388Z"}
{"level":"info","message":"🚀 Server running on port 5002","timestamp":"2026-03-08T01:44:15.394Z"}
{"level":"info","message":"📖 API Documentation: http://localhost:5002/api-docs","timestamp":"2026-03-08T01:44:15.396Z"}
{"level":"info","message":"🏥 Health Check: http://localhost:5002/health","timestamp":"2026-03-08T01:44:15.396Z"}
{"level":"info","message":"✅ Database connected","timestamp":"2026-03-08T01:44:15.617Z"}
{"level":"info","message":"✅ Database connected","timestamp":"2026-03-08T01:47:16.557Z"}
{"level":"warn","message":"⚠️ Redis connection failed:","timestamp":"2026-03-08T01:47:16.558Z"}
{"level":"info","message":"🚀 Server running on port 5002","timestamp":"2026-03-08T01:47:16.567Z"}
{"level":"info","message":"📖 API Documentation: http://localhost:5002/api-docs","timestamp":"2026-03-08T01:47:16.567Z"}
{"level":"info","message":"🏥 Health Check: http://localhost:5002/health","timestamp":"2026-03-08T01:47:16.568Z"}
{"level":"info","message":"✅ Database connected","timestamp":"2026-03-08T01:47:16.671Z"}
{"level":"info","message":"✅ Database connected","timestamp":"2026-03-08T01:49:11.552Z"}
{"level":"warn","message":"⚠️ Redis connection failed:","timestamp":"2026-03-08T01:49:11.553Z"}
{"level":"info","message":"🚀 Server running on port 5002","timestamp":"2026-03-08T01:49:11.559Z"}
{"level":"info","message":"📖 API Documentation: http://localhost:5002/api-docs","timestamp":"2026-03-08T01:49:11.560Z"}
{"level":"info","message":"🏥 Health Check: http://localhost:5002/health","timestamp":"2026-03-08T01:49:11.560Z"}
{"level":"info","message":"✅ Database connected","timestamp":"2026-03-08T01:49:11.639Z"}
{"level":"info","message":"✅ Database connected","timestamp":"2026-03-08T01:54:09.880Z"}
{"level":"warn","message":"⚠️ Redis connection failed:","timestamp":"2026-03-08T01:54:09.881Z"}
{"level":"info","message":"🚀 Server running on port 5002","timestamp":"2026-03-08T01:54:09.884Z"}
{"level":"info","message":"📖 API Documentation: http://localhost:5002/api-docs","timestamp":"2026-03-08T01:54:09.884Z"}
{"level":"info","message":"🏥 Health Check: http://localhost:5002/health","timestamp":"2026-03-08T01:54:09.884Z"}
{"level":"info","message":"✅ Database connected","timestamp":"2026-03-08T01:54:10.046Z"}
{"level":"info","message":"✅ Database connected","timestamp":"2026-03-08T01:54:27.321Z"}
{"level":"warn","message":"⚠️ Redis connection failed:","timestamp":"2026-03-08T01:54:27.322Z"}
{"level":"info","message":"🚀 Server running on port 5002","timestamp":"2026-03-08T01:54:27.324Z"}
{"level":"info","message":"📖 API Documentation: http://localhost:5002/api-docs","timestamp":"2026-03-08T01:54:27.324Z"}
{"level":"info","message":"🏥 Health Check: http://localhost:5002/health","timestamp":"2026-03-08T01:54:27.325Z"}
{"level":"info","message":"✅ Database connected","timestamp":"2026-03-08T01:54:27.348Z"}
{"level":"info","message":"✅ Database connected","timestamp":"2026-03-08T01:54:38.731Z"}
{"level":"warn","message":"⚠️ Redis connection failed:","timestamp":"2026-03-08T01:54:38.731Z"}
{"level":"info","message":"🚀 Server running on port 5002","timestamp":"2026-03-08T01:54:38.732Z"}
{"level":"info","message":"📖 API Documentation: http://localhost:5002/api-docs","timestamp":"2026-03-08T01:54:38.732Z"}
{"level":"info","message":"🏥 Health Check: http://localhost:5002/health","timestamp":"2026-03-08T01:54:38.732Z"}
{"level":"info","message":"✅ Database connected","timestamp":"2026-03-08T01:54:38.754Z"}
{"level":"info","message":"✅ Database connected","timestamp":"2026-03-08T01:54:45.678Z"}
{"level":"warn","message":"⚠️ Redis connection failed:","timestamp":"2026-03-08T01:54:45.679Z"}
{"level":"info","message":"🚀 Server running on port 5002","timestamp":"2026-03-08T01:54:45.681Z"}
{"level":"info","message":"📖 API Documentation: http://localhost:5002/api-docs","timestamp":"2026-03-08T01:54:45.681Z"}
{"level":"info","message":"🏥 Health Check: http://localhost:5002/health","timestamp":"2026-03-08T01:54:45.682Z"}
{"level":"info","message":"✅ Database connected","timestamp":"2026-03-08T01:54:45.694Z"}
{"level":"info","message":"✅ Database connected","timestamp":"2026-03-08T01:54:55.635Z"}
{"level":"warn","message":"⚠️ Redis connection failed:","timestamp":"2026-03-08T01:54:55.636Z"}
{"level":"info","message":"🚀 Server running on port 5002","timestamp":"2026-03-08T01:54:55.638Z"}
{"level":"info","message":"📖 API Documentation: http://localhost:5002/api-docs","timestamp":"2026-03-08T01:54:55.639Z"}
{"level":"info","message":"🏥 Health Check: http://localhost:5002/health","timestamp":"2026-03-08T01:54:55.639Z"}
{"level":"info","message":"✅ Database connected","timestamp":"2026-03-08T01:54:55.860Z"}
{"level":"info","message":"✅ Database connected","timestamp":"2026-03-08T01:55:08.466Z"}
{"level":"warn","message":"⚠️ Redis connection failed:","timestamp":"2026-03-08T01:55:08.466Z"}
{"level":"info","message":"🚀 Server running on port 5002","timestamp":"2026-03-08T01:55:08.468Z"}
{"level":"info","message":"📖 API Documentation: http://localhost:5002/api-docs","timestamp":"2026-03-08T01:55:08.468Z"}
{"level":"info","message":"🏥 Health Check: http://localhost:5002/health","timestamp":"2026-03-08T01:55:08.468Z"}
{"level":"info","message":"✅ Database connected","timestamp":"2026-03-08T01:55:08.630Z"}
{"level":"info","message":"✅ Database connected","timestamp":"2026-03-08T01:55:23.262Z"}
{"level":"warn","message":"⚠️ Redis connection failed:","timestamp":"2026-03-08T01:55:23.262Z"}
{"level":"info","message":"🚀 Server running on port 5002","timestamp":"2026-03-08T01:55:23.264Z"}
{"level":"info","message":"📖 API Documentation: http://localhost:5002/api-docs","timestamp":"2026-03-08T01:55:23.265Z"}
{"level":"info","message":"🏥 Health Check: http://localhost:5002/health","timestamp":"2026-03-08T01:55:23.265Z"}
{"level":"info","message":"✅ Database connected","timestamp":"2026-03-08T01:55:23.302Z"}
{"level":"info","message":"✅ Database connected","timestamp":"2026-03-08T01:55:42.247Z"}
{"level":"warn","message":"⚠️ Redis connection failed:","timestamp":"2026-03-08T01:55:42.248Z"}
{"level":"info","message":"🚀 Server running on port 5002","timestamp":"2026-03-08T01:55:42.251Z"}
{"level":"info","message":"📖 API Documentation: http://localhost:5002/api-docs","timestamp":"2026-03-08T01:55:42.251Z"}
{"level":"info","message":"🏥 Health Check: http://localhost:5002/health","timestamp":"2026-03-08T01:55:42.251Z"}
{"level":"info","message":"✅ Database connected","timestamp":"2026-03-08T01:55:42.392Z"}
{"level":"info","message":"✅ Database connected","timestamp":"2026-03-08T01:55:47.792Z"}
{"level":"warn","message":"⚠️ Redis connection failed:","timestamp":"2026-03-08T01:55:47.792Z"}
{"level":"info","message":"🚀 Server running on port 5002","timestamp":"2026-03-08T01:55:47.794Z"}
{"level":"info","message":"📖 API Documentation: http://localhost:5002/api-docs","timestamp":"2026-03-08T01:55:47.794Z"}
{"level":"info","message":"🏥 Health Check: http://localhost:5002/health","timestamp":"2026-03-08T01:55:47.794Z"}
{"level":"info","message":"✅ Database connected","timestamp":"2026-03-08T01:55:47.869Z"}
{"level":"info","message":"✅ Database connected","timestamp":"2026-03-08T01:56:03.214Z"}
{"level":"warn","message":"⚠️ Redis connection failed:","timestamp":"2026-03-08T01:56:03.214Z"}
{"level":"info","message":"🚀 Server running on port 5002","timestamp":"2026-03-08T01:56:03.217Z"}
{"level":"info","message":"📖 API Documentation: http://localhost:5002/api-docs","timestamp":"2026-03-08T01:56:03.217Z"}
{"level":"info","message":"🏥 Health Check: http://localhost:5002/health","timestamp":"2026-03-08T01:56:03.219Z"}
{"level":"info","message":"✅ Database connected","timestamp":"2026-03-08T01:56:03.327Z"}
{"level":"info","message":"✅ Database connected","timestamp":"2026-03-08T01:59:51.268Z"}
{"level":"warn","message":"⚠️ Redis connection failed:","timestamp":"2026-03-08T01:59:51.269Z"}
{"level":"info","message":"🚀 Server running on port 5002","timestamp":"2026-03-08T01:59:51.271Z"}
{"level":"info","message":"📖 API Documentation: http://localhost:5002/api-docs","timestamp":"2026-03-08T01:59:51.272Z"}
{"level":"info","message":"🏥 Health Check: http://localhost:5002/health","timestamp":"2026-03-08T01:59:51.272Z"}
{"level":"info","message":"✅ Database connected","timestamp":"2026-03-08T01:59:51.351Z"}
{"level":"info","message":"✅ Database connected","timestamp":"2026-03-08T01:59:56.014Z"}
{"level":"warn","message":"⚠️ Redis connection failed:","timestamp":"2026-03-08T01:59:56.014Z"}
{"level":"info","message":"🚀 Server running on port 5002","timestamp":"2026-03-08T01:59:56.017Z"}
{"level":"info","message":"📖 API Documentation: http://localhost:5002/api-docs","timestamp":"2026-03-08T01:59:56.017Z"}
{"level":"info","message":"🏥 Health Check: http://localhost:5002/health","timestamp":"2026-03-08T01:59:56.018Z"}
{"level":"info","message":"✅ Database connected","timestamp":"2026-03-08T01:59:56.056Z"}
{"level":"info","message":"✅ Database connected","timestamp":"2026-03-08T02:00:02.794Z"}
{"level":"warn","message":"⚠️ Redis connection failed:","timestamp":"2026-03-08T02:00:02.797Z"}
{"level":"info","message":"🚀 Server running on port 5002","timestamp":"2026-03-08T02:00:02.803Z"}
{"level":"info","message":"📖 API Documentation: http://localhost:5002/api-docs","timestamp":"2026-03-08T02:00:02.804Z"}
{"level":"info","message":"🏥 Health Check: http://localhost:5002/health","timestamp":"2026-03-08T02:00:02.804Z"}
{"level":"info","message":"✅ Database connected","timestamp":"2026-03-08T02:00:02.926Z"}
{"level":"info","message":"✅ Database connected","timestamp":"2026-03-08T02:01:03.518Z"}
{"level":"warn","message":"⚠️ Redis connection failed:","timestamp":"2026-03-08T02:01:03.519Z"}
{"level":"info","message":"🚀 Server running on port 5002","timestamp":"2026-03-08T02:01:03.520Z"}
{"level":"info","message":"📖 API Documentation: http://localhost:5002/api-docs","timestamp":"2026-03-08T02:01:03.520Z"}
{"level":"info","message":"🏥 Health Check: http://localhost:5002/health","timestamp":"2026-03-08T02:01:03.520Z"}
{"level":"info","message":"✅ Database connected","timestamp":"2026-03-08T02:01:03.709Z"}
{"level":"info","message":"✅ Database connected","timestamp":"2026-03-08T02:02:53.907Z"}
{"level":"warn","message":"⚠️ Redis connection failed:","timestamp":"2026-03-08T02:02:53.908Z"}
{"level":"info","message":"🚀 Server running on port 5002","timestamp":"2026-03-08T02:02:53.911Z"}
{"level":"info","message":"📖 API Documentation: http://localhost:5002/api-docs","timestamp":"2026-03-08T02:02:53.911Z"}
{"level":"info","message":"🏥 Health Check: http://localhost:5002/health","timestamp":"2026-03-08T02:02:53.914Z"}
{"level":"info","message":"✅ Database connected","timestamp":"2026-03-08T02:02:53.913Z"}
{"level":"info","message":"✅ Database connected","timestamp":"2026-03-08T02:03:01.782Z"}
{"level":"warn","message":"⚠️ Redis connection failed:","timestamp":"2026-03-08T02:03:01.783Z"}
{"level":"info","message":"🚀 Server running on port 5002","timestamp":"2026-03-08T02:03:01.784Z"}
{"level":"info","message":"📖 API Documentation: http://localhost:5002/api-docs","timestamp":"2026-03-08T02:03:01.785Z"}
{"level":"info","message":"🏥 Health Check: http://localhost:5002/health","timestamp":"2026-03-08T02:03:01.785Z"}
{"level":"info","message":"✅ Database connected","timestamp":"2026-03-08T02:03:01.920Z"}
{"level":"info","message":"✅ Database connected","timestamp":"2026-03-08T02:03:13.460Z"}
{"level":"warn","message":"⚠️ Redis connection failed:","timestamp":"2026-03-08T02:03:13.460Z"}
{"level":"info","message":"🚀 Server running on port 5002","timestamp":"2026-03-08T02:03:13.462Z"}
{"level":"info","message":"📖 API Documentation: http://localhost:5002/api-docs","timestamp":"2026-03-08T02:03:13.462Z"}
{"level":"info","message":"🏥 Health Check: http://localhost:5002/health","timestamp":"2026-03-08T02:03:13.462Z"}
{"level":"info","message":"✅ Database connected","timestamp":"2026-03-08T02:03:13.912Z"}
{"level":"info","message":"✅ Database connected","timestamp":"2026-03-08T02:03:28.439Z"}
{"level":"warn","message":"⚠️ Redis connection failed:","timestamp":"2026-03-08T02:03:28.440Z"}
{"level":"info","message":"🚀 Server running on port 5002","timestamp":"2026-03-08T02:03:28.444Z"}
{"level":"info","message":"📖 API Documentation: http://localhost:5002/api-docs","timestamp":"2026-03-08T02:03:28.444Z"}
{"level":"info","message":"🏥 Health Check: http://localhost:5002/health","timestamp":"2026-03-08T02:03:28.445Z"}
{"level":"info","message":"✅ Database connected","timestamp":"2026-03-08T02:03:31.035Z"}
{"level":"info","message":"✅ Database connected","timestamp":"2026-03-08T02:03:37.477Z"}
{"level":"warn","message":"⚠️ Redis connection failed:","timestamp":"2026-03-08T02:03:37.477Z"}
{"level":"info","message":"🚀 Server running on port 5002","timestamp":"2026-03-08T02:03:37.479Z"}
{"level":"info","message":"📖 API Documentation: http://localhost:5002/api-docs","timestamp":"2026-03-08T02:03:37.479Z"}
{"level":"info","message":"🏥 Health Check: http://localhost:5002/health","timestamp":"2026-03-08T02:03:37.479Z"}
{"level":"info","message":"✅ Database connected","timestamp":"2026-03-08T02:03:38.215Z"}
{"level":"info","message":"✅ Database connected","timestamp":"2026-03-08T02:03:53.746Z"}
{"level":"warn","message":"⚠️ Redis connection failed:","timestamp":"2026-03-08T02:03:53.746Z"}
{"level":"info","message":"🚀 Server running on port 5002","timestamp":"2026-03-08T02:03:53.748Z"}
{"level":"info","message":"📖 API Documentation: http://localhost:5002/api-docs","timestamp":"2026-03-08T02:03:53.748Z"}
{"level":"info","message":"🏥 Health Check: http://localhost:5002/health","timestamp":"2026-03-08T02:03:53.748Z"}
{"level":"info","message":"✅ Database connected","timestamp":"2026-03-08T02:03:53.906Z"}
{"level":"info","message":"✅ Database connected","timestamp":"2026-03-08T02:03:59.308Z"}
{"level":"warn","message":"⚠️ Redis connection failed:","timestamp":"2026-03-08T02:03:59.309Z"}
{"level":"info","message":"🚀 Server running on port 5002","timestamp":"2026-03-08T02:03:59.313Z"}
{"level":"info","message":"📖 API Documentation: http://localhost:5002/api-docs","timestamp":"2026-03-08T02:03:59.313Z"}
{"level":"info","message":"🏥 Health Check: http://localhost:5002/health","timestamp":"2026-03-08T02:03:59.313Z"}
{"level":"info","message":"✅ Database connected","timestamp":"2026-03-08T02:03:59.705Z"}
{"level":"info","message":"✅ Database connected","timestamp":"2026-03-08T02:04:05.248Z"}
{"level":"warn","message":"⚠️ Redis connection failed:","timestamp":"2026-03-08T02:04:05.249Z"}
{"level":"info","message":"🚀 Server running on port 5002","timestamp":"2026-03-08T02:04:05.255Z"}
{"level":"info","message":"📖 API Documentation: http://localhost:5002/api-docs","timestamp":"2026-03-08T02:04:05.256Z"}
{"level":"info","message":"🏥 Health Check: http://localhost:5002/health","timestamp":"2026-03-08T02:04:05.257Z"}
{"level":"info","message":"✅ Database connected","timestamp":"2026-03-08T02:04:05.301Z"}
{"level":"info","message":"✅ Database connected","timestamp":"2026-03-08T02:04:47.276Z"}
{"level":"warn","message":"⚠️ Redis connection failed:","timestamp":"2026-03-08T02:04:47.276Z"}
{"level":"info","message":"🚀 Server running on port 5002","timestamp":"2026-03-08T02:04:47.282Z"}
{"level":"info","message":"📖 API Documentation: http://localhost:5002/api-docs","timestamp":"2026-03-08T02:04:47.282Z"}
{"level":"info","message":"🏥 Health Check: http://localhost:5002/health","timestamp":"2026-03-08T02:04:47.282Z"}
{"level":"info","message":"✅ Database connected","timestamp":"2026-03-08T02:04:47.311Z"}
{"level":"info","message":"✅ Database connected","timestamp":"2026-03-08T02:07:23.633Z"}
{"level":"warn","message":"⚠️ Redis connection failed:","timestamp":"2026-03-08T02:07:23.634Z"}
{"level":"info","message":"🚀 Server running on port 5002","timestamp":"2026-03-08T02:07:23.636Z"}
{"level":"info","message":"📖 API Documentation: http://localhost:5002/api-docs","timestamp":"2026-03-08T02:07:23.636Z"}
{"level":"info","message":"🏥 Health Check: http://localhost:5002/health","timestamp":"2026-03-08T02:07:23.636Z"}
{"level":"info","message":"✅ Database connected","timestamp":"2026-03-08T02:07:23.689Z"}
{"level":"info","message":"✅ Database connected","timestamp":"2026-03-08T02:08:01.597Z"}
{"level":"warn","message":"⚠️ Redis connection failed:","timestamp":"2026-03-08T02:08:01.597Z"}
{"level":"info","message":"🚀 Server running on port 5002","timestamp":"2026-03-08T02:08:01.599Z"}
{"level":"info","message":"📖 API Documentation: http://localhost:5002/api-docs","timestamp":"2026-03-08T02:08:01.599Z"}
{"level":"info","message":"🏥 Health Check: http://localhost:5002/health","timestamp":"2026-03-08T02:08:01.599Z"}
{"level":"info","message":"✅ Database connected","timestamp":"2026-03-08T02:08:01.619Z"}
{"level":"info","message":"✅ Database connected","timestamp":"2026-03-08T02:12:15.714Z"}
{"level":"warn","message":"⚠️ Redis connection failed:","timestamp":"2026-03-08T02:12:15.714Z"}
{"level":"info","message":"🚀 Server running on port 5002","timestamp":"2026-03-08T02:12:15.716Z"}
{"level":"info","message":"📖 API Documentation: http://localhost:5002/api-docs","timestamp":"2026-03-08T02:12:15.716Z"}
{"level":"info","message":"🏥 Health Check: http://localhost:5002/health","timestamp":"2026-03-08T02:12:15.717Z"}
{"level":"info","message":"✅ Database connected","timestamp":"2026-03-08T02:12:15.768Z"}
{"level":"info","message":"✅ Database connected","timestamp":"2026-03-08T02:13:42.890Z"}
{"level":"warn","message":"⚠️ Redis connection failed:","timestamp":"2026-03-08T02:13:42.890Z"}
{"level":"info","message":"🚀 Server running on port 5002","timestamp":"2026-03-08T02:13:42.896Z"}
{"level":"info","message":"📖 API Documentation: http://localhost:5002/api-docs","timestamp":"2026-03-08T02:13:42.896Z"}
{"level":"info","message":"🏥 Health Check: http://localhost:5002/health","timestamp":"2026-03-08T02:13:42.896Z"}
{"level":"info","message":"✅ Database connected","timestamp":"2026-03-08T02:13:43.025Z"}
{"level":"info","message":"✅ Database connected","timestamp":"2026-03-08T02:18:05.463Z"}
{"level":"warn","message":"⚠️ Redis connection failed:","timestamp":"2026-03-08T02:18:05.464Z"}
{"level":"info","message":"🚀 Server running on port 5002","timestamp":"2026-03-08T02:18:05.471Z"}
{"level":"info","message":"📖 API Documentation: http://localhost:5002/api-docs","timestamp":"2026-03-08T02:18:05.471Z"}
{"level":"info","message":"🏥 Health Check: http://localhost:5002/health","timestamp":"2026-03-08T02:18:05.471Z"}
{"level":"info","message":"✅ Database connected","timestamp":"2026-03-08T02:18:05.513Z"}
{"level":"info","message":"✅ Database connected","timestamp":"2026-03-08T02:18:36.753Z"}
{"level":"warn","message":"⚠️ Redis connection failed:","timestamp":"2026-03-08T02:18:36.754Z"}
{"level":"info","message":"🚀 Server running on port 5002","timestamp":"2026-03-08T02:18:36.757Z"}
{"level":"info","message":"📖 API Documentation: http://localhost:5002/api-docs","timestamp":"2026-03-08T02:18:36.757Z"}
{"level":"info","message":"🏥 Health Check: http://localhost:5002/health","timestamp":"2026-03-08T02:18:36.757Z"}
{"level":"info","message":"✅ Database connected","timestamp":"2026-03-08T02:18:37.066Z"}
{"level":"info","message":"✅ Database connected","timestamp":"2026-03-08T02:20:46.611Z"}
{"level":"warn","message":"⚠️ Redis connection failed:","timestamp":"2026-03-08T02:20:46.611Z"}
{"level":"info","message":"🚀 Server running on port 5002","timestamp":"2026-03-08T02:20:46.622Z"}
{"level":"info","message":"📖 API Documentation: http://localhost:5002/api-docs","timestamp":"2026-03-08T02:20:46.623Z"}
{"level":"info","message":"🏥 Health Check: http://localhost:5002/health","timestamp":"2026-03-08T02:20:46.623Z"}
{"level":"info","message":"✅ Database connected","timestamp":"2026-03-08T02:20:46.731Z"}
{"level":"info","message":"✅ Database connected","timestamp":"2026-03-08T02:20:54.850Z"}
{"level":"warn","message":"⚠️ Redis connection failed:","timestamp":"2026-03-08T02:20:54.850Z"}
{"level":"info","message":"🚀 Server running on port 5002","timestamp":"2026-03-08T02:20:54.859Z"}
{"level":"info","message":"📖 API Documentation: http://localhost:5002/api-docs","timestamp":"2026-03-08T02:20:54.860Z"}
{"level":"info","message":"🏥 Health Check: http://localhost:5002/health","timestamp":"2026-03-08T02:20:54.860Z"}
{"level":"info","message":"✅ Database connected","timestamp":"2026-03-08T02:20:55.233Z"}
{"level":"info","message":"✅ Database connected","timestamp":"2026-03-08T02:21:27.640Z"}
{"level":"warn","message":"⚠️ Redis connection failed:","timestamp":"2026-03-08T02:21:27.641Z"}
{"level":"info","message":"🚀 Server running on port 5002","timestamp":"2026-03-08T02:21:27.651Z"}
{"level":"info","message":"📖 API Documentation: http://localhost:5002/api-docs","timestamp":"2026-03-08T02:21:27.651Z"}
{"level":"info","message":"🏥 Health Check: http://localhost:5002/health","timestamp":"2026-03-08T02:21:27.651Z"}
{"level":"info","message":"✅ Database connected","timestamp":"2026-03-08T02:21:27.697Z"}
{"level":"info","message":"✅ Database connected","timestamp":"2026-03-08T13:16:52.681Z"}
{"level":"warn","message":"⚠️ Redis connection failed:","timestamp":"2026-03-08T13:16:52.682Z"}
{"level":"info","message":"🚀 Server running on port 5002","timestamp":"2026-03-08T13:16:52.683Z"}
{"level":"info","message":"📖 API Documentation: http://localhost:5002/api-docs","timestamp":"2026-03-08T13:16:52.684Z"}
{"level":"info","message":"🏥 Health Check: http://localhost:5002/health","timestamp":"2026-03-08T13:16:52.684Z"}
{"level":"info","message":"✅ Database connected","timestamp":"2026-03-08T13:21:47.179Z"}
{"level":"warn","message":"⚠️ Redis connection failed:","timestamp":"2026-03-08T13:21:47.179Z"}
{"level":"info","message":"🚀 Server running on port 5002","timestamp":"2026-03-08T13:21:47.183Z"}
{"level":"info","message":"📖 API Documentation: http://localhost:5002/api-docs","timestamp":"2026-03-08T13:21:47.183Z"}
{"level":"info","message":"🏥 Health Check: http://localhost:5002/health","timestamp":"2026-03-08T13:21:47.183Z"}
{"level":"info","message":"✅ Database connected","timestamp":"2026-03-08T14:09:16.214Z"}
{"level":"warn","message":"⚠️ Redis connection failed:","timestamp":"2026-03-08T14:09:16.215Z"}
{"level":"info","message":"🚀 Server running on port 5002","timestamp":"2026-03-08T14:09:16.219Z"}
{"level":"info","message":"📖 API Documentation: http://localhost:5002/api-docs","timestamp":"2026-03-08T14:09:16.219Z"}
{"level":"info","message":"🏥 Health Check: http://localhost:5002/health","timestamp":"2026-03-08T14:09:16.219Z"}
{"level":"info","message":"✅ Database connected","timestamp":"2026-03-09T19:08:40.815Z"}
{"level":"warn","message":"⚠️ Redis connection failed:","timestamp":"2026-03-09T19:08:40.816Z"}
{"level":"info","message":"🚀 Server running on port 5002","timestamp":"2026-03-09T19:08:40.818Z"}
{"level":"info","message":"📖 API Documentation: http://localhost:5002/api-docs","timestamp":"2026-03-09T19:08:40.818Z"}
{"level":"info","message":"🏥 Health Check: http://localhost:5002/health","timestamp":"2026-03-09T19:08:40.818Z"}
{"level":"info","message":"✅ Database connected","timestamp":"2026-03-09T19:18:54.379Z"}
{"level":"warn","message":"⚠️ Redis connection failed:","timestamp":"2026-03-09T19:18:54.379Z"}
{"level":"info","message":"🚀 Server running on port 5002","timestamp":"2026-03-09T19:18:54.380Z"}
{"level":"info","message":"📖 API Documentation: http://localhost:5002/api-docs","timestamp":"2026-03-09T19:18:54.381Z"}
{"level":"info","message":"🏥 Health Check: http://localhost:5002/health","timestamp":"2026-03-09T19:18:54.381Z"}
{"level":"info","message":"✅ Database connected","timestamp":"2026-03-09T19:19:05.349Z"}
{"level":"warn","message":"⚠️ Redis connection failed:","timestamp":"2026-03-09T19:19:05.349Z"}
{"level":"info","message":"🚀 Server running on port 5002","timestamp":"2026-03-09T19:19:05.350Z"}
{"level":"info","message":"📖 API Documentation: http://localhost:5002/api-docs","timestamp":"2026-03-09T19:19:05.351Z"}
{"level":"info","message":"🏥 Health Check: http://localhost:5002/health","timestamp":"2026-03-09T19:19:05.351Z"}
{"level":"info","message":"✅ Database connected","timestamp":"2026-03-09T19:19:19.925Z"}
{"level":"warn","message":"⚠️ Redis connection failed:","timestamp":"2026-03-09T19:19:19.925Z"}
{"level":"info","message":"🚀 Server running on port 5002","timestamp":"2026-03-09T19:19:19.927Z"}
{"level":"info","message":"📖 API Documentation: http://localhost:5002/api-docs","timestamp":"2026-03-09T19:19:19.927Z"}
{"level":"info","message":"🏥 Health Check: http://localhost:5002/health","timestamp":"2026-03-09T19:19:19.927Z"}
{"level":"info","message":"✅ Database connected","timestamp":"2026-03-09T19:19:31.074Z"}
{"level":"warn","message":"⚠️ Redis connection failed:","timestamp":"2026-03-09T19:19:31.074Z"}
{"level":"info","message":"🚀 Server running on port 5002","timestamp":"2026-03-09T19:19:31.076Z"}
{"level":"info","message":"📖 API Documentation: http://localhost:5002/api-docs","timestamp":"2026-03-09T19:19:31.076Z"}
{"level":"info","message":"🏥 Health Check: http://localhost:5002/health","timestamp":"2026-03-09T19:19:31.076Z"}
{"level":"info","message":"✅ Database connected","timestamp":"2026-03-09T19:19:40.148Z"}
{"level":"warn","message":"⚠️ Redis connection failed:","timestamp":"2026-03-09T19:19:40.149Z"}
{"level":"info","message":"🚀 Server running on port 5002","timestamp":"2026-03-09T19:19:40.150Z"}
{"level":"info","message":"📖 API Documentation: http://localhost:5002/api-docs","timestamp":"2026-03-09T19:19:40.150Z"}
{"level":"info","message":"🏥 Health Check: http://localhost:5002/health","timestamp":"2026-03-09T19:19:40.150Z"}
{"level":"info","message":"✅ Database connected","timestamp":"2026-03-09T19:20:42.891Z"}
{"level":"info","message":"SIGINT received, shutting down gracefully","timestamp":"2026-03-09T19:21:14.929Z"}
{"level":"info","message":"✅ Database connected","timestamp":"2026-03-09T19:22:03.755Z"}
{"level":"warn","message":"⚠️ Redis connection failed:","timestamp":"2026-03-09T19:22:03.756Z"}
{"level":"info","message":"🚀 Server running on port 5002","timestamp":"2026-03-09T19:22:03.759Z"}
{"level":"info","message":"📖 API Documentation: http://localhost:5002/api-docs","timestamp":"2026-03-09T19:22:03.759Z"}
{"level":"info","message":"🏥 Health Check: http://localhost:5002/health","timestamp":"2026-03-09T19:22:03.759Z"}
{"level":"info","message":"✅ Database connected","timestamp":"2026-03-09T19:23:11.007Z"}
{"level":"warn","message":"⚠️ Redis connection failed:","timestamp":"2026-03-09T19:23:11.007Z"}
{"level":"info","message":"🚀 Server running on port 5002","timestamp":"2026-03-09T19:23:11.008Z"}
{"level":"info","message":"📖 API Documentation: http://localhost:5002/api-docs","timestamp":"2026-03-09T19:23:11.008Z"}
{"level":"info","message":"🏥 Health Check: http://localhost:5002/health","timestamp":"2026-03-09T19:23:11.009Z"}
{"level":"info","message":"✅ Database connected","timestamp":"2026-03-09T19:23:30.614Z"}
{"level":"warn","message":"⚠️ Redis connection failed:","timestamp":"2026-03-09T19:23:30.615Z"}
{"level":"info","message":"🚀 Server running on port 5002","timestamp":"2026-03-09T19:23:30.616Z"}
{"level":"info","message":"📖 API Documentation: http://localhost:5002/api-docs","timestamp":"2026-03-09T19:23:30.616Z"}
{"level":"info","message":"🏥 Health Check: http://localhost:5002/health","timestamp":"2026-03-09T19:23:30.617Z"}
{"level":"info","message":"✅ Database connected","timestamp":"2026-03-09T19:23:52.304Z"}
{"level":"warn","message":"⚠️ Redis connection failed:","timestamp":"2026-03-09T19:23:52.304Z"}
{"level":"info","message":"🚀 Server running on port 5002","timestamp":"2026-03-09T19:23:52.306Z"}
{"level":"info","message":"📖 API Documentation: http://localhost:5002/api-docs","timestamp":"2026-03-09T19:23:52.306Z"}
{"level":"info","message":"🏥 Health Check: http://localhost:5002/health","timestamp":"2026-03-09T19:23:52.306Z"}
{"level":"info","message":"✅ Database connected","timestamp":"2026-03-09T19:24:14.725Z"}
{"level":"warn","message":"⚠️ Redis connection failed:","timestamp":"2026-03-09T19:24:14.726Z"}
{"level":"info","message":"🚀 Server running on port 5002","timestamp":"2026-03-09T19:24:14.728Z"}
{"level":"info","message":"📖 API Documentation: http://localhost:5002/api-docs","timestamp":"2026-03-09T19:24:14.728Z"}
{"level":"info","message":"🏥 Health Check: http://localhost:5002/health","timestamp":"2026-03-09T19:24:14.728Z"}
{"level":"info","message":"✅ Database connected","timestamp":"2026-03-09T19:24:28.550Z"}
{"level":"warn","message":"⚠️ Redis connection failed:","timestamp":"2026-03-09T19:24:28.551Z"}
{"level":"info","message":"🚀 Server running on port 5002","timestamp":"2026-03-09T19:24:28.553Z"}
{"level":"info","message":"📖 API Documentation: http://localhost:5002/api-docs","timestamp":"2026-03-09T19:24:28.554Z"}
{"level":"info","message":"🏥 Health Check: http://localhost:5002/health","timestamp":"2026-03-09T19:24:28.554Z"}
{"level":"info","message":"✅ Database connected","timestamp":"2026-03-09T19:25:44.546Z"}
{"level":"warn","message":"⚠️ Redis connection failed:","timestamp":"2026-03-09T19:25:44.546Z"}
{"level":"info","message":"🚀 Server running on port 5002","timestamp":"2026-03-09T19:25:44.548Z"}
{"level":"info","message":"📖 API Documentation: http://localhost:5002/api-docs","timestamp":"2026-03-09T19:25:44.548Z"}
{"level":"info","message":"🏥 Health Check: http://localhost:5002/health","timestamp":"2026-03-09T19:25:44.548Z"}
{"level":"info","message":"✅ Database connected","timestamp":"2026-03-09T19:27:40.624Z"}
{"level":"warn","message":"⚠️ Redis connection failed:","timestamp":"2026-03-09T19:27:40.624Z"}
{"level":"info","message":"🚀 Server running on port 5002","timestamp":"2026-03-09T19:27:40.625Z"}
{"level":"info","message":"📖 API Documentation: http://localhost:5002/api-docs","timestamp":"2026-03-09T19:27:40.625Z"}
{"level":"info","message":"🏥 Health Check: http://localhost:5002/health","timestamp":"2026-03-09T19:27:40.626Z"}
{"level":"info","message":"✅ Database connected","timestamp":"2026-03-09T19:28:32.754Z"}
{"level":"warn","message":"⚠️ Redis connection failed:","timestamp":"2026-03-09T19:28:32.755Z"}
{"level":"info","message":"🚀 Server running on port 5002","timestamp":"2026-03-09T19:28:32.758Z"}
{"level":"info","message":"📖 API Documentation: http://localhost:5002/api-docs","timestamp":"2026-03-09T19:28:32.759Z"}
{"level":"info","message":"🏥 Health Check: http://localhost:5002/health","timestamp":"2026-03-09T19:28:32.759Z"}
{"level":"info","message":"✅ Database connected","timestamp":"2026-03-09T19:28:48.238Z"}
{"level":"warn","message":"⚠️ Redis connection failed:","timestamp":"2026-03-09T19:28:48.238Z"}
{"level":"info","message":"🚀 Server running on port 5002","timestamp":"2026-03-09T19:28:48.240Z"}
{"level":"info","message":"📖 API Documentation: http://localhost:5002/api-docs","timestamp":"2026-03-09T19:28:48.240Z"}
{"level":"info","message":"🏥 Health Check: http://localhost:5002/health","timestamp":"2026-03-09T19:28:48.240Z"}
{"level":"info","message":"✅ Database connected","timestamp":"2026-03-09T19:28:53.744Z"}
{"level":"warn","message":"⚠️ Redis connection failed:","timestamp":"2026-03-09T19:28:53.745Z"}
{"level":"info","message":"🚀 Server running on port 5002","timestamp":"2026-03-09T19:28:53.747Z"}
{"level":"info","message":"📖 API Documentation: http://localhost:5002/api-docs","timestamp":"2026-03-09T19:28:53.747Z"}
{"level":"info","message":"🏥 Health Check: http://localhost:5002/health","timestamp":"2026-03-09T19:28:53.747Z"}
{"level":"info","message":"✅ Database connected","timestamp":"2026-03-09T19:29:04.549Z"}
{"level":"warn","message":"⚠️ Redis connection failed:","timestamp":"2026-03-09T19:29:04.549Z"}
{"level":"info","message":"🚀 Server running on port 5002","timestamp":"2026-03-09T19:29:04.552Z"}
{"level":"info","message":"📖 API Documentation: http://localhost:5002/api-docs","timestamp":"2026-03-09T19:29:04.553Z"}
{"level":"info","message":"🏥 Health Check: http://localhost:5002/health","timestamp":"2026-03-09T19:29:04.553Z"}
{"level":"info","message":"✅ Database connected","timestamp":"2026-03-09T19:29:10.582Z"}
{"level":"warn","message":"⚠️ Redis connection failed:","timestamp":"2026-03-09T19:29:10.583Z"}
{"level":"info","message":"🚀 Server running on port 5002","timestamp":"2026-03-09T19:29:10.585Z"}
{"level":"info","message":"📖 API Documentation: http://localhost:5002/api-docs","timestamp":"2026-03-09T19:29:10.586Z"}
{"level":"info","message":"🏥 Health Check: http://localhost:5002/health","timestamp":"2026-03-09T19:29:10.586Z"}
{"level":"info","message":"✅ Database connected","timestamp":"2026-03-09T19:29:17.092Z"}
{"level":"warn","message":"⚠️ Redis connection failed:","timestamp":"2026-03-09T19:29:17.093Z"}
{"level":"info","message":"🚀 Server running on port 5002","timestamp":"2026-03-09T19:29:17.095Z"}
{"level":"info","message":"📖 API Documentation: http://localhost:5002/api-docs","timestamp":"2026-03-09T19:29:17.096Z"}
{"level":"info","message":"🏥 Health Check: http://localhost:5002/health","timestamp":"2026-03-09T19:29:17.096Z"}
{"level":"info","message":"✅ Database connected","timestamp":"2026-03-09T19:29:25.146Z"}
{"level":"warn","message":"⚠️ Redis connection failed:","timestamp":"2026-03-09T19:29:25.147Z"}
{"level":"info","message":"🚀 Server running on port 5002","timestamp":"2026-03-09T19:29:25.150Z"}
{"level":"info","message":"📖 API Documentation: http://localhost:5002/api-docs","timestamp":"2026-03-09T19:29:25.150Z"}
{"level":"info","message":"🏥 Health Check: http://localhost:5002/health","timestamp":"2026-03-09T19:29:25.151Z"}
{"level":"info","message":"✅ Database connected","timestamp":"2026-03-09T19:35:00.016Z"}
{"level":"warn","message":"⚠️ Redis connection failed:","timestamp":"2026-03-09T19:35:00.017Z"}
{"level":"info","message":"🚀 Server running on port 5002","timestamp":"2026-03-09T19:35:00.019Z"}
{"level":"info","message":"📖 API Documentation: http://localhost:5002/api-docs","timestamp":"2026-03-09T19:35:00.019Z"}
{"level":"info","message":"🏥 Health Check: http://localhost:5002/health","timestamp":"2026-03-09T19:35:00.019Z"}
{"level":"info","message":"✅ Database connected","timestamp":"2026-03-09T19:36:13.428Z"}
{"level":"warn","message":"⚠️ Redis connection failed:","timestamp":"2026-03-09T19:36:13.429Z"}
{"level":"info","message":"🚀 Server running on port 5002","timestamp":"2026-03-09T19:36:13.430Z"}
{"level":"info","message":"📖 API Documentation: http://localhost:5002/api-docs","timestamp":"2026-03-09T19:36:13.430Z"}
{"level":"info","message":"🏥 Health Check: http://localhost:5002/health","timestamp":"2026-03-09T19:36:13.430Z"}
{"level":"info","message":"✅ Database connected","timestamp":"2026-03-09T19:36:20.603Z"}
{"level":"warn","message":"⚠️ Redis connection failed:","timestamp":"2026-03-09T19:36:20.604Z"}
{"level":"info","message":"🚀 Server running on port 5002","timestamp":"2026-03-09T19:36:20.607Z"}
{"level":"info","message":"📖 API Documentation: http://localhost:5002/api-docs","timestamp":"2026-03-09T19:36:20.607Z"}
{"level":"info","message":"🏥 Health Check: http://localhost:5002/health","timestamp":"2026-03-09T19:36:20.610Z"}
{"level":"info","message":"✅ Database connected","timestamp":"2026-03-09T19:37:46.127Z"}
{"level":"warn","message":"⚠️ Redis connection failed:","timestamp":"2026-03-09T19:37:46.128Z"}
{"level":"info","message":"🚀 Server running on port 5002","timestamp":"2026-03-09T19:37:46.132Z"}
{"level":"info","message":"📖 API Documentation: http://localhost:5002/api-docs","timestamp":"2026-03-09T19:37:46.139Z"}
{"level":"info","message":"🏥 Health Check: http://localhost:5002/health","timestamp":"2026-03-09T19:37:46.140Z"}
{"level":"info","message":"✅ Database connected","timestamp":"2026-03-09T19:37:56.212Z"}
{"level":"warn","message":"⚠️ Redis connection failed:","timestamp":"2026-03-09T19:37:56.213Z"}
{"level":"info","message":"🚀 Server running on port 5002","timestamp":"2026-03-09T19:37:56.216Z"}
{"level":"info","message":"📖 API Documentation: http://localhost:5002/api-docs","timestamp":"2026-03-09T19:37:56.216Z"}
{"level":"info","message":"🏥 Health Check: http://localhost:5002/health","timestamp":"2026-03-09T19:37:56.216Z"}
{"level":"info","message":"✅ Database connected","timestamp":"2026-03-09T19:38:01.935Z"}
{"level":"warn","message":"⚠️ Redis connection failed:","timestamp":"2026-03-09T19:38:01.935Z"}
{"level":"info","message":"🚀 Server running on port 5002","timestamp":"2026-03-09T19:38:01.937Z"}
{"level":"info","message":"📖 API Documentation: http://localhost:5002/api-docs","timestamp":"2026-03-09T19:38:01.937Z"}
{"level":"info","message":"🏥 Health Check: http://localhost:5002/health","timestamp":"2026-03-09T19:38:01.938Z"}
{"level":"info","message":"✅ Database connected","timestamp":"2026-03-09T19:39:45.953Z"}
{"level":"warn","message":"⚠️ Redis connection failed:","timestamp":"2026-03-09T19:39:45.953Z"}
{"level":"info","message":"🚀 Server running on port 5002","timestamp":"2026-03-09T19:39:45.955Z"}
{"level":"info","message":"📖 API Documentation: http://localhost:5002/api-docs","timestamp":"2026-03-09T19:39:45.955Z"}
{"level":"info","message":"🏥 Health Check: http://localhost:5002/health","timestamp":"2026-03-09T19:39:45.955Z"}
{"level":"info","message":"✅ Database connected","timestamp":"2026-03-09T19:39:50.517Z"}
{"level":"warn","message":"⚠️ Redis connection failed:","timestamp":"2026-03-09T19:39:50.517Z"}
{"level":"info","message":"🚀 Server running on port 5002","timestamp":"2026-03-09T19:39:50.518Z"}
{"level":"info","message":"📖 API Documentation: http://localhost:5002/api-docs","timestamp":"2026-03-09T19:39:50.519Z"}
{"level":"info","message":"🏥 Health Check: http://localhost:5002/health","timestamp":"2026-03-09T19:39:50.519Z"}
{"level":"info","message":"✅ Database connected","timestamp":"2026-03-09T19:44:19.009Z"}
{"level":"warn","message":"⚠️ Redis connection failed:","timestamp":"2026-03-09T19:44:19.009Z"}
{"level":"info","message":"🚀 Server running on port 5002","timestamp":"2026-03-09T19:44:19.012Z"}
{"level":"info","message":"📖 API Documentation: http://localhost:5002/api-docs","timestamp":"2026-03-09T19:44:19.013Z"}
{"level":"info","message":"🏥 Health Check: http://localhost:5002/health","timestamp":"2026-03-09T19:44:19.013Z"}
{"level":"info","message":"✅ Database connected","timestamp":"2026-03-09T19:44:24.390Z"}
{"level":"warn","message":"⚠️ Redis connection failed:","timestamp":"2026-03-09T19:44:24.391Z"}
{"level":"info","message":"🚀 Server running on port 5002","timestamp":"2026-03-09T19:44:24.393Z"}
{"level":"info","message":"📖 API Documentation: http://localhost:5002/api-docs","timestamp":"2026-03-09T19:44:24.394Z"}
{"level":"info","message":"🏥 Health Check: http://localhost:5002/health","timestamp":"2026-03-09T19:44:24.395Z"}
{"level":"info","message":"✅ Database connected","timestamp":"2026-03-09T19:44:50.395Z"}
{"level":"warn","message":"⚠️ Redis connection failed:","timestamp":"2026-03-09T19:44:50.395Z"}
{"level":"info","message":"🚀 Server running on port 5002","timestamp":"2026-03-09T19:44:50.397Z"}
{"level":"info","message":"📖 API Documentation: http://localhost:5002/api-docs","timestamp":"2026-03-09T19:44:50.397Z"}
{"level":"info","message":"🏥 Health Check: http://localhost:5002/health","timestamp":"2026-03-09T19:44:50.397Z"}
{"level":"info","message":"✅ Database connected","timestamp":"2026-03-09T19:44:56.331Z"}
{"level":"warn","message":"⚠️ Redis connection failed:","timestamp":"2026-03-09T19:44:56.331Z"}
{"level":"info","message":"🚀 Server running on port 5002","timestamp":"2026-03-09T19:44:56.333Z"}
{"level":"info","message":"📖 API Documentation: http://localhost:5002/api-docs","timestamp":"2026-03-09T19:44:56.333Z"}
{"level":"info","message":"🏥 Health Check: http://localhost:5002/health","timestamp":"2026-03-09T19:44:56.333Z"}
{"level":"info","message":"✅ Database connected","timestamp":"2026-03-09T19:45:03.383Z"}
{"level":"warn","message":"⚠️ Redis connection failed:","timestamp":"2026-03-09T19:45:03.384Z"}
{"level":"info","message":"🚀 Server running on port 5002","timestamp":"2026-03-09T19:45:03.385Z"}
{"level":"info","message":"📖 API Documentation: http://localhost:5002/api-docs","timestamp":"2026-03-09T19:45:03.385Z"}
{"level":"info","message":"🏥 Health Check: http://localhost:5002/health","timestamp":"2026-03-09T19:45:03.385Z"}
{"level":"info","message":"✅ Database connected","timestamp":"2026-03-09T19:45:13.410Z"}
{"level":"warn","message":"⚠️ Redis connection failed:","timestamp":"2026-03-09T19:45:13.410Z"}
{"level":"info","message":"🚀 Server running on port 5002","timestamp":"2026-03-09T19:45:13.412Z"}
{"level":"info","message":"📖 API Documentation: http://localhost:5002/api-docs","timestamp":"2026-03-09T19:45:13.412Z"}
{"level":"info","message":"🏥 Health Check: http://localhost:5002/health","timestamp":"2026-03-09T19:45:13.412Z"}
{"level":"info","message":"✅ Database connected","timestamp":"2026-03-09T20:03:38.679Z"}
{"level":"warn","message":"⚠️ Redis connection failed:","timestamp":"2026-03-09T20:03:38.679Z"}
{"level":"info","message":"🚀 Server running on port 5002","timestamp":"2026-03-09T20:03:38.682Z"}
{"level":"info","message":"📖 API Documentation: http://localhost:5002/api-docs","timestamp":"2026-03-09T20:03:38.683Z"}
{"level":"info","message":"🏥 Health Check: http://localhost:5002/health","timestamp":"2026-03-09T20:03:38.683Z"}
{"level":"info","message":"✅ Database connected","timestamp":"2026-03-09T20:26:25.011Z"}
{"level":"warn","message":"⚠️ Redis connection failed:","timestamp":"2026-03-09T20:26:25.011Z"}
{"level":"info","message":"🚀 Server running on port 5002","timestamp":"2026-03-09T20:26:25.015Z"}
{"level":"info","message":"📖 API Documentation: http://localhost:5002/api-docs","timestamp":"2026-03-09T20:26:25.015Z"}
{"level":"info","message":"🏥 Health Check: http://localhost:5002/health","timestamp":"2026-03-09T20:26:25.015Z"}
{"level":"info","message":"✅ Database connected","timestamp":"2026-03-09T20:26:25.030Z"}
{"level":"info","message":"SIGINT received, shutting down gracefully","timestamp":"2026-03-09T20:26:52.402Z"}
{"level":"info","message":"✅ Database connected","timestamp":"2026-03-09T20:28:49.807Z"}
{"level":"warn","message":"⚠️ Redis connection failed:","timestamp":"2026-03-09T20:28:49.808Z"}
{"level":"info","message":"🚀 Server running on port 5002","timestamp":"2026-03-09T20:28:49.809Z"}
{"level":"info","message":"📖 API Documentation: http://localhost:5002/api-docs","timestamp":"2026-03-09T20:28:49.809Z"}
{"level":"info","message":"🏥 Health Check: http://localhost:5002/health","timestamp":"2026-03-09T20:28:49.809Z"}
{"level":"info","message":"✅ Database connected","timestamp":"2026-03-09T20:45:47.498Z"}
{"level":"info","message":"✅ Database connected","timestamp":"2026-03-09T20:46:14.223Z"}
{"level":"info","message":"✅ Database connected","timestamp":"2026-03-09T20:47:27.136Z"}
{"level":"info","message":"✅ Database connected","timestamp":"2026-03-09T20:47:27.172Z"}
{"level":"info","message":"✅ Database connected","timestamp":"2026-03-09T20:48:00.353Z"}
{"level":"info","message":"✅ Database connected","timestamp":"2026-03-09T20:48:00.422Z"}
{"level":"info","message":"✅ Database connected","timestamp":"2026-03-09T20:48:15.297Z"}
{"level":"info","message":"✅ Database connected","timestamp":"2026-03-09T20:48:15.375Z"}
{"level":"info","message":"✅ Database connected","timestamp":"2026-03-09T20:49:08.921Z"}
{"level":"info","message":"✅ Database connected","timestamp":"2026-03-09T20:49:08.927Z"}
{"level":"info","message":"✅ Database connected","timestamp":"2026-03-09T21:09:21.132Z"}
{"level":"warn","message":"⚠️ Redis connection failed:","timestamp":"2026-03-09T21:09:21.133Z"}
{"level":"info","message":"🚀 Server running on port 5002","timestamp":"2026-03-09T21:09:21.135Z"}
{"level":"info","message":"📖 API Documentation: http://localhost:5002/api-docs","timestamp":"2026-03-09T21:09:21.135Z"}
{"level":"info","message":"🏥 Health Check: http://localhost:5002/health","timestamp":"2026-03-09T21:09:21.135Z"}
{"level":"info","message":"✅ Database connected","timestamp":"2026-03-09T21:21:31.583Z"}
{"level":"warn","message":"⚠️ Redis connection failed:","timestamp":"2026-03-09T21:21:31.584Z"}
{"level":"info","message":"🚀 Server running on port 5002","timestamp":"2026-03-09T21:21:31.586Z"}
{"level":"info","message":"📖 API Documentation: http://localhost:5002/api-docs","timestamp":"2026-03-09T21:21:31.586Z"}
{"level":"info","message":"🏥 Health Check: http://localhost:5002/health","timestamp":"2026-03-09T21:21:31.586Z"}
{"level":"info","message":"✅ Database connected","timestamp":"2026-03-09T21:22:12.409Z"}
{"level":"warn","message":"⚠️ Redis connection failed:","timestamp":"2026-03-09T21:22:12.410Z"}
{"level":"info","message":"🚀 Server running on port 5002","timestamp":"2026-03-09T21:22:12.411Z"}
{"level":"info","message":"📖 API Documentation: http://localhost:5002/api-docs","timestamp":"2026-03-09T21:22:12.411Z"}
{"level":"info","message":"🏥 Health Check: http://localhost:5002/health","timestamp":"2026-03-09T21:22:12.411Z"}
{"level":"info","message":"✅ Database connected","timestamp":"2026-03-09T21:35:08.542Z"}
{"level":"info","message":"✅ Database connected","timestamp":"2026-03-09T21:42:51.052Z"}
{"level":"warn","message":"⚠️ Redis connection failed:","timestamp":"2026-03-09T21:42:51.053Z"}
{"level":"info","message":"🚀 Server running on port 5002","timestamp":"2026-03-09T21:42:51.058Z"}
{"level":"info","message":"📖 API Documentation: http://localhost:5002/api-docs","timestamp":"2026-03-09T21:42:51.059Z"}
{"level":"info","message":"🏥 Health Check: http://localhost:5002/health","timestamp":"2026-03-09T21:42:51.059Z"}
{"level":"info","message":"✅ Database connected","timestamp":"2026-03-09T21:52:38.248Z"}
{"level":"warn","message":"⚠️ Redis connection failed:","timestamp":"2026-03-09T21:52:38.252Z"}
{"level":"info","message":"🚀 Server running on port 5002","timestamp":"2026-03-09T21:52:38.262Z"}
{"level":"info","message":"📖 API Documentation: http://localhost:5002/api-docs","timestamp":"2026-03-09T21:52:38.263Z"}
{"level":"info","message":"🏥 Health Check: http://localhost:5002/health","timestamp":"2026-03-09T21:52:38.263Z"}
{"level":"info","message":"✅ Database connected","timestamp":"2026-03-09T21:52:59.164Z"}
{"level":"warn","message":"⚠️ Redis connection failed:","timestamp":"2026-03-09T21:52:59.165Z"}
{"level":"info","message":"🚀 Server running on port 5002","timestamp":"2026-03-09T21:52:59.180Z"}
{"level":"info","message":"📖 API Documentation: http://localhost:5002/api-docs","timestamp":"2026-03-09T21:52:59.181Z"}
{"level":"info","message":"🏥 Health Check: http://localhost:5002/health","timestamp":"2026-03-09T21:52:59.181Z"}
{"level":"info","message":"✅ Database connected","timestamp":"2026-03-09T21:55:13.088Z"}
{"level":"warn","message":"⚠️ Redis connection failed:","timestamp":"2026-03-09T21:55:13.089Z"}
{"level":"info","message":"🚀 Server running on port 5002","timestamp":"2026-03-09T21:55:13.127Z"}
{"level":"info","message":"📖 API Documentation: http://localhost:5002/api-docs","timestamp":"2026-03-09T21:55:13.128Z"}
{"level":"info","message":"🏥 Health Check: http://localhost:5002/health","timestamp":"2026-03-09T21:55:13.128Z"}
{"level":"info","message":"✅ Database connected","timestamp":"2026-03-09T21:55:19.619Z"}
{"level":"warn","message":"⚠️ Redis connection failed:","timestamp":"2026-03-09T21:55:19.619Z"}
{"level":"info","message":"🚀 Server running on port 5002","timestamp":"2026-03-09T21:55:19.628Z"}
{"level":"info","message":"📖 API Documentation: http://localhost:5002/api-docs","timestamp":"2026-03-09T21:55:19.628Z"}
{"level":"info","message":"🏥 Health Check: http://localhost:5002/health","timestamp":"2026-03-09T21:55:19.628Z"}
{"level":"info","message":"✅ Database connected","timestamp":"2026-03-09T21:56:21.325Z"}
{"level":"warn","message":"⚠️ Redis connection failed:","timestamp":"2026-03-09T21:56:21.326Z"}
{"level":"info","message":"🚀 Server running on port 5002","timestamp":"2026-03-09T21:56:21.331Z"}
{"level":"info","message":"📖 API Documentation: http://localhost:5002/api-docs","timestamp":"2026-03-09T21:56:21.332Z"}
{"level":"info","message":"🏥 Health Check: http://localhost:5002/health","timestamp":"2026-03-09T21:56:21.332Z"}
{"level":"info","message":"✅ Database connected","timestamp":"2026-03-09T21:56:44.148Z"}
{"level":"warn","message":"⚠️ Redis connection failed:","timestamp":"2026-03-09T21:56:44.148Z"}
{"level":"info","message":"🚀 Server running on port 5002","timestamp":"2026-03-09T21:56:44.151Z"}
{"level":"info","message":"📖 API Documentation: http://localhost:5002/api-docs","timestamp":"2026-03-09T21:56:44.151Z"}
{"level":"info","message":"🏥 Health Check: http://localhost:5002/health","timestamp":"2026-03-09T21:56:44.151Z"}
{"level":"info","message":"SIGINT received, shutting down gracefully","timestamp":"2026-03-09T21:56:50.746Z"}
{"level":"info","message":"✅ Database connected","timestamp":"2026-03-09T21:57:04.256Z"}
{"level":"info","message":"✅ Database connected","timestamp":"2026-03-09T22:56:14.487Z"}
{"level":"warn","message":"⚠️ Redis connection failed:","timestamp":"2026-03-09T22:56:14.487Z"}
{"level":"info","message":"🚀 Server running on port 5002","timestamp":"2026-03-09T22:56:14.491Z"}
{"level":"info","message":"📖 API Documentation: http://localhost:5002/api-docs","timestamp":"2026-03-09T22:56:14.491Z"}
{"level":"info","message":"🏥 Health Check: http://localhost:5002/health","timestamp":"2026-03-09T22:56:14.491Z"}
{"level":"info","message":"✅ Database connected","timestamp":"2026-03-09T23:33:14.582Z"}
{"level":"warn","message":"⚠️ Redis connection failed:","timestamp":"2026-03-09T23:33:14.607Z"}
{"level":"info","message":"🚀 Server running on port 5002","timestamp":"2026-03-09T23:33:14.641Z"}
{"level":"info","message":"📖 API Documentation: http://localhost:5002/api-docs","timestamp":"2026-03-09T23:33:14.668Z"}
{"level":"info","message":"🏥 Health Check: http://localhost:5002/health","timestamp":"2026-03-09T23:33:14.689Z"}
{"level":"info","message":"✅ Database connected","timestamp":"2026-03-09T23:36:04.316Z"}
{"level":"warn","message":"⚠️ Redis connection failed:","timestamp":"2026-03-09T23:36:04.318Z"}
{"level":"info","message":"🚀 Server running on port 5002","timestamp":"2026-03-09T23:36:04.321Z"}
{"level":"info","message":"📖 API Documentation: http://localhost:5002/api-docs","timestamp":"2026-03-09T23:36:04.322Z"}
{"level":"info","message":"🏥 Health Check: http://localhost:5002/health","timestamp":"2026-03-09T23:36:04.322Z"}
{"level":"info","message":"✅ Database connected","timestamp":"2026-03-09T23:36:31.489Z"}
{"level":"warn","message":"⚠️ Redis connection failed:","timestamp":"2026-03-09T23:36:31.515Z"}
{"level":"info","message":"🚀 Server running on port 5002","timestamp":"2026-03-09T23:36:31.543Z"}
{"level":"info","message":"📖 API Documentation: http://localhost:5002/api-docs","timestamp":"2026-03-09T23:36:31.564Z"}
{"level":"info","message":"🏥 Health Check: http://localhost:5002/health","timestamp":"2026-03-09T23:36:31.580Z"}
{"level":"info","message":"✅ Database connected","timestamp":"2026-03-09T23:36:42.491Z"}
{"level":"warn","message":"⚠️ Redis connection failed:","timestamp":"2026-03-09T23:36:42.494Z"}
{"level":"info","message":"🚀 Server running on port 5002","timestamp":"2026-03-09T23:36:42.503Z"}
{"level":"info","message":"📖 API Documentation: http://localhost:5002/api-docs","timestamp":"2026-03-09T23:36:42.514Z"}
{"level":"info","message":"🏥 Health Check: http://localhost:5002/health","timestamp":"2026-03-09T23:36:42.526Z"}
{"level":"info","message":"✅ Database connected","timestamp":"2026-03-09T23:37:27.481Z"}
{"level":"warn","message":"⚠️ Redis connection failed:","timestamp":"2026-03-09T23:37:27.482Z"}
{"level":"info","message":"🚀 Server running on port 5002","timestamp":"2026-03-09T23:37:27.488Z"}
{"level":"info","message":"📖 API Documentation: http://localhost:5002/api-docs","timestamp":"2026-03-09T23:37:27.491Z"}
{"level":"info","message":"🏥 Health Check: http://localhost:5002/health","timestamp":"2026-03-09T23:37:27.493Z"}
{"level":"info","message":"✅ Database connected","timestamp":"2026-03-09T23:37:33.382Z"}
{"level":"warn","message":"⚠️ Redis connection failed:","timestamp":"2026-03-09T23:37:33.383Z"}
{"level":"info","message":"🚀 Server running on port 5002","timestamp":"2026-03-09T23:37:33.387Z"}
{"level":"info","message":"📖 API Documentation: http://localhost:5002/api-docs","timestamp":"2026-03-09T23:37:33.388Z"}
{"level":"info","message":"🏥 Health Check: http://localhost:5002/health","timestamp":"2026-03-09T23:37:33.388Z"}
{"level":"info","message":"✅ Database connected","timestamp":"2026-03-09T23:38:35.163Z"}
{"level":"info","message":"✅ Database connected","timestamp":"2026-03-09T23:39:19.363Z"}
{"level":"warn","message":"⚠️ Redis connection failed:","timestamp":"2026-03-09T23:39:19.363Z"}
{"level":"info","message":"🚀 Server running on port 5002","timestamp":"2026-03-09T23:39:19.365Z"}
{"level":"info","message":"📖 API Documentation: http://localhost:5002/api-docs","timestamp":"2026-03-09T23:39:19.365Z"}
{"level":"info","message":"🏥 Health Check: http://localhost:5002/health","timestamp":"2026-03-09T23:39:19.366Z"}
{"level":"info","message":"✅ Database connected","timestamp":"2026-03-09T23:39:26.527Z"}
{"level":"warn","message":"⚠️ Redis connection failed:","timestamp":"2026-03-09T23:39:26.527Z"}
{"level":"info","message":"🚀 Server running on port 5002","timestamp":"2026-03-09T23:39:26.551Z"}
{"level":"info","message":"📖 API Documentation: http://localhost:5002/api-docs","timestamp":"2026-03-09T23:39:26.552Z"}
{"level":"info","message":"🏥 Health Check: http://localhost:5002/health","timestamp":"2026-03-09T23:39:26.552Z"}
{"level":"info","message":"✅ Database connected","timestamp":"2026-03-09T23:39:34.215Z"}
{"level":"warn","message":"⚠️ Redis connection failed:","timestamp":"2026-03-09T23:39:34.216Z"}
{"level":"info","message":"🚀 Server running on port 5002","timestamp":"2026-03-09T23:39:34.221Z"}
{"level":"info","message":"📖 API Documentation: http://localhost:5002/api-docs","timestamp":"2026-03-09T23:39:34.221Z"}
{"level":"info","message":"🏥 Health Check: http://localhost:5002/health","timestamp":"2026-03-09T23:39:34.222Z"}
{"level":"info","message":"✅ Database connected","timestamp":"2026-03-09T23:41:26.852Z"}
{"level":"warn","message":"⚠️ Redis connection failed:","timestamp":"2026-03-09T23:41:26.852Z"}
{"level":"info","message":"🚀 Server running on port 5002","timestamp":"2026-03-09T23:41:26.867Z"}
{"level":"info","message":"📖 API Documentation: http://localhost:5002/api-docs","timestamp":"2026-03-09T23:41:26.867Z"}
{"level":"info","message":"🏥 Health Check: http://localhost:5002/health","timestamp":"2026-03-09T23:41:26.867Z"}
{"level":"info","message":"✅ Database connected","timestamp":"2026-03-09T23:41:43.922Z"}
{"level":"warn","message":"⚠️ Redis connection failed:","timestamp":"2026-03-09T23:41:43.923Z"}
{"level":"info","message":"🚀 Server running on port 5002","timestamp":"2026-03-09T23:41:43.925Z"}
{"level":"info","message":"📖 API Documentation: http://localhost:5002/api-docs","timestamp":"2026-03-09T23:41:43.926Z"}
{"level":"info","message":"🏥 Health Check: http://localhost:5002/health","timestamp":"2026-03-09T23:41:43.926Z"}
{"level":"info","message":"✅ Database connected","timestamp":"2026-03-09T23:42:00.158Z"}
{"level":"warn","message":"⚠️ Redis connection failed:","timestamp":"2026-03-09T23:42:00.159Z"}
{"level":"info","message":"🚀 Server running on port 5002","timestamp":"2026-03-09T23:42:00.161Z"}
{"level":"info","message":"📖 API Documentation: http://localhost:5002/api-docs","timestamp":"2026-03-09T23:42:00.166Z"}
{"level":"info","message":"🏥 Health Check: http://localhost:5002/health","timestamp":"2026-03-09T23:42:00.166Z"}
{"level":"info","message":"✅ Database connected","timestamp":"2026-03-09T23:42:17.707Z"}
{"level":"warn","message":"⚠️ Redis connection failed:","timestamp":"2026-03-09T23:42:17.708Z"}
{"level":"info","message":"🚀 Server running on port 5002","timestamp":"2026-03-09T23:42:17.712Z"}
{"level":"info","message":"📖 API Documentation: http://localhost:5002/api-docs","timestamp":"2026-03-09T23:42:17.717Z"}
{"level":"info","message":"🏥 Health Check: http://localhost:5002/health","timestamp":"2026-03-09T23:42:17.718Z"}
{"level":"info","message":"✅ Database connected","timestamp":"2026-03-09T23:42:26.105Z"}
{"level":"warn","message":"⚠️ Redis connection failed:","timestamp":"2026-03-09T23:42:26.105Z"}
{"level":"info","message":"🚀 Server running on port 5002","timestamp":"2026-03-09T23:42:26.114Z"}
{"level":"info","message":"📖 API Documentation: http://localhost:5002/api-docs","timestamp":"2026-03-09T23:42:26.114Z"}
{"level":"info","message":"🏥 Health Check: http://localhost:5002/health","timestamp":"2026-03-09T23:42:26.116Z"}
{"level":"info","message":"✅ Database connected","timestamp":"2026-03-09T23:42:35.654Z"}
{"level":"warn","message":"⚠️ Redis connection failed:","timestamp":"2026-03-09T23:42:35.655Z"}
{"level":"info","message":"🚀 Server running on port 5002","timestamp":"2026-03-09T23:42:35.669Z"}
{"level":"info","message":"📖 API Documentation: http://localhost:5002/api-docs","timestamp":"2026-03-09T23:42:35.669Z"}
{"level":"info","message":"🏥 Health Check: http://localhost:5002/health","timestamp":"2026-03-09T23:42:35.669Z"}
{"level":"info","message":"✅ Database connected","timestamp":"2026-03-09T23:42:43.951Z"}
{"level":"warn","message":"⚠️ Redis connection failed:","timestamp":"2026-03-09T23:42:43.952Z"}
{"level":"info","message":"🚀 Server running on port 5002","timestamp":"2026-03-09T23:42:43.955Z"}
{"level":"info","message":"📖 API Documentation: http://localhost:5002/api-docs","timestamp":"2026-03-09T23:42:43.955Z"}
{"level":"info","message":"🏥 Health Check: http://localhost:5002/health","timestamp":"2026-03-09T23:42:43.955Z"}
{"level":"info","message":"✅ Database connected","timestamp":"2026-03-09T23:42:56.219Z"}
{"level":"warn","message":"⚠️ Redis connection failed:","timestamp":"2026-03-09T23:42:56.219Z"}
{"level":"info","message":"🚀 Server running on port 5002","timestamp":"2026-03-09T23:42:56.220Z"}
{"level":"info","message":"📖 API Documentation: http://localhost:5002/api-docs","timestamp":"2026-03-09T23:42:56.221Z"}
{"level":"info","message":"🏥 Health Check: http://localhost:5002/health","timestamp":"2026-03-09T23:42:56.221Z"}
{"level":"info","message":"✅ Database connected","timestamp":"2026-03-09T23:58:11.010Z"}
{"level":"warn","message":"⚠️ Redis connection failed:","timestamp":"2026-03-09T23:58:11.010Z"}
{"level":"info","message":"🚀 Server running on port 5002","timestamp":"2026-03-09T23:58:11.015Z"}
{"level":"info","message":"📖 API Documentation: http://localhost:5002/api-docs","timestamp":"2026-03-09T23:58:11.015Z"}
{"level":"info","message":"🏥 Health Check: http://localhost:5002/health","timestamp":"2026-03-09T23:58:11.015Z"}
{"level":"info","message":"✅ Database connected","timestamp":"2026-03-10T00:26:55.506Z"}
{"level":"warn","message":"⚠️ Redis connection failed:","timestamp":"2026-03-10T00:26:55.506Z"}
{"level":"info","message":"🚀 Server running on port 5002","timestamp":"2026-03-10T00:26:55.507Z"}
{"level":"info","message":"📖 API Documentation: http://localhost:5002/api-docs","timestamp":"2026-03-10T00:26:55.507Z"}
{"level":"info","message":"🏥 Health Check: http://localhost:5002/health","timestamp":"2026-03-10T00:26:55.507Z"}
{"level":"info","message":"✅ Database connected","timestamp":"2026-03-10T12:08:12.306Z"}
{"level":"warn","message":"⚠️ Redis connection failed:","timestamp":"2026-03-10T12:08:12.306Z"}
{"level":"info","message":"🚀 Server running on port 5002","timestamp":"2026-03-10T12:08:12.307Z"}
{"level":"info","message":"📖 API Documentation: http://localhost:5002/api-docs","timestamp":"2026-03-10T12:08:12.308Z"}
{"level":"info","message":"🏥 Health Check: http://localhost:5002/health","timestamp":"2026-03-10T12:08:12.308Z"}
{"level":"info","message":"✅ Database connected","timestamp":"2026-03-10T12:08:53.313Z"}
{"level":"warn","message":"⚠️ Redis connection failed:","timestamp":"2026-03-10T12:08:53.314Z"}
{"level":"info","message":"🚀 Server running on port 5002","timestamp":"2026-03-10T12:08:53.316Z"}
{"level":"info","message":"📖 API Documentation: http://localhost:5002/api-docs","timestamp":"2026-03-10T12:08:53.316Z"}
{"level":"info","message":"🏥 Health Check: http://localhost:5002/health","timestamp":"2026-03-10T12:08:53.316Z"}
{"level":"info","message":"✅ Database connected","timestamp":"2026-03-10T12:09:34.203Z"}
{"level":"warn","message":"⚠️ Redis connection failed:","timestamp":"2026-03-10T12:09:34.203Z"}
{"level":"info","message":"🚀 Server running on port 5002","timestamp":"2026-03-10T12:09:34.205Z"}
{"level":"info","message":"📖 API Documentation: http://localhost:5002/api-docs","timestamp":"2026-03-10T12:09:34.205Z"}
{"level":"info","message":"🏥 Health Check: http://localhost:5002/health","timestamp":"2026-03-10T12:09:34.205Z"}
{"level":"info","message":"✅ Database connected","timestamp":"2026-03-10T12:10:50.583Z"}
{"level":"warn","message":"⚠️ Redis connection failed:","timestamp":"2026-03-10T12:10:50.583Z"}
{"level":"info","message":"🚀 Server running on port 5002","timestamp":"2026-03-10T12:10:50.586Z"}
{"level":"info","message":"📖 API Documentation: http://localhost:5002/api-docs","timestamp":"2026-03-10T12:10:50.586Z"}
{"level":"info","message":"🏥 Health Check: http://localhost:5002/health","timestamp":"2026-03-10T12:10:50.586Z"}
{"level":"info","message":"✅ Database connected","timestamp":"2026-03-10T12:11:14.641Z"}
{"level":"warn","message":"⚠️ Redis connection failed:","timestamp":"2026-03-10T12:11:14.642Z"}
{"level":"info","message":"🚀 Server running on port 5002","timestamp":"2026-03-10T12:11:14.643Z"}
{"level":"info","message":"📖 API Documentation: http://localhost:5002/api-docs","timestamp":"2026-03-10T12:11:14.643Z"}
{"level":"info","message":"🏥 Health Check: http://localhost:5002/health","timestamp":"2026-03-10T12:11:14.643Z"}
{"level":"info","message":"✅ Database connected","timestamp":"2026-03-10T12:13:55.192Z"}
{"level":"warn","message":"⚠️ Redis connection failed:","timestamp":"2026-03-10T12:13:55.192Z"}
{"level":"info","message":"🚀 Server running on port 5002","timestamp":"2026-03-10T12:13:55.201Z"}
{"level":"info","message":"📖 API Documentation: http://localhost:5002/api-docs","timestamp":"2026-03-10T12:13:55.201Z"}
{"level":"info","message":"🏥 Health Check: http://localhost:5002/health","timestamp":"2026-03-10T12:13:55.201Z"}
{"level":"info","message":"✅ Database connected","timestamp":"2026-03-10T12:14:27.795Z"}
{"level":"warn","message":"⚠️ Redis connection failed:","timestamp":"2026-03-10T12:14:27.795Z"}
{"level":"info","message":"🚀 Server running on port 5002","timestamp":"2026-03-10T12:14:27.796Z"}
{"level":"info","message":"📖 API Documentation: http://localhost:5002/api-docs","timestamp":"2026-03-10T12:14:27.797Z"}
{"level":"info","message":"🏥 Health Check: http://localhost:5002/health","timestamp":"2026-03-10T12:14:27.797Z"}
{"level":"info","message":"✅ Database connected","timestamp":"2026-03-10T12:14:51.283Z"}
{"level":"warn","message":"⚠️ Redis connection failed:","timestamp":"2026-03-10T12:14:51.284Z"}
{"level":"info","message":"🚀 Server running on port 5002","timestamp":"2026-03-10T12:14:51.287Z"}
{"level":"info","message":"📖 API Documentation: http://localhost:5002/api-docs","timestamp":"2026-03-10T12:14:51.287Z"}
{"level":"info","message":"🏥 Health Check: http://localhost:5002/health","timestamp":"2026-03-10T12:14:51.287Z"}
{"level":"info","message":"✅ Database connected","timestamp":"2026-03-10T12:18:39.616Z"}
{"level":"warn","message":"⚠️ Redis connection failed:","timestamp":"2026-03-10T12:18:39.616Z"}
{"level":"info","message":"🚀 Server running on port 5002","timestamp":"2026-03-10T12:18:39.618Z"}
{"level":"info","message":"📖 API Documentation: http://localhost:5002/api-docs","timestamp":"2026-03-10T12:18:39.619Z"}
{"level":"info","message":"🏥 Health Check: http://localhost:5002/health","timestamp":"2026-03-10T12:18:39.619Z"}
{"level":"info","message":"✅ Database connected","timestamp":"2026-03-10T12:19:08.079Z"}
{"level":"warn","message":"⚠️ Redis connection failed:","timestamp":"2026-03-10T12:19:08.080Z"}
{"level":"info","message":"🚀 Server running on port 5002","timestamp":"2026-03-10T12:19:08.082Z"}
{"level":"info","message":"📖 API Documentation: http://localhost:5002/api-docs","timestamp":"2026-03-10T12:19:08.082Z"}
{"level":"info","message":"🏥 Health Check: http://localhost:5002/health","timestamp":"2026-03-10T12:19:08.082Z"}
{"level":"info","message":"SIGINT received, shutting down gracefully","timestamp":"2026-03-10T12:19:21.771Z"}
{"level":"info","message":"✅ Database connected","timestamp":"2026-03-10T12:19:28.686Z"}
{"level":"warn","message":"⚠️ Redis connection failed:","timestamp":"2026-03-10T12:19:28.686Z"}
{"level":"info","message":"🚀 Server running on port 5002","timestamp":"2026-03-10T12:19:28.688Z"}
{"level":"info","message":"📖 API Documentation: http://localhost:5002/api-docs","timestamp":"2026-03-10T12:19:28.688Z"}
{"level":"info","message":"🏥 Health Check: http://localhost:5002/health","timestamp":"2026-03-10T12:19:28.688Z"}
{"level":"info","message":"✅ Database connected","timestamp":"2026-03-10T12:19:51.764Z"}
{"level":"warn","message":"⚠️ Redis connection failed:","timestamp":"2026-03-10T12:19:51.765Z"}
{"level":"info","message":"🚀 Server running on port 5002","timestamp":"2026-03-10T12:19:51.768Z"}
{"level":"info","message":"📖 API Documentation: http://localhost:5002/api-docs","timestamp":"2026-03-10T12:19:51.768Z"}
{"level":"info","message":"🏥 Health Check: http://localhost:5002/health","timestamp":"2026-03-10T12:19:51.768Z"}
{"level":"info","message":"✅ Database connected","timestamp":"2026-03-10T12:20:01.335Z"}
{"level":"warn","message":"⚠️ Redis connection failed:","timestamp":"2026-03-10T12:20:01.336Z"}
{"level":"info","message":"🚀 Server running on port 5002","timestamp":"2026-03-10T12:20:01.338Z"}
{"level":"info","message":"📖 API Documentation: http://localhost:5002/api-docs","timestamp":"2026-03-10T12:20:01.338Z"}
{"level":"info","message":"🏥 Health Check: http://localhost:5002/health","timestamp":"2026-03-10T12:20:01.338Z"}
{"level":"info","message":"✅ Database connected","timestamp":"2026-03-10T12:20:13.441Z"}
{"level":"warn","message":"⚠️ Redis connection failed:","timestamp":"2026-03-10T12:20:13.441Z"}
{"level":"info","message":"🚀 Server running on port 5002","timestamp":"2026-03-10T12:20:13.453Z"}
{"level":"info","message":"📖 API Documentation: http://localhost:5002/api-docs","timestamp":"2026-03-10T12:20:13.454Z"}
{"level":"info","message":"🏥 Health Check: http://localhost:5002/health","timestamp":"2026-03-10T12:20:13.468Z"}
{"level":"info","message":"✅ Database connected","timestamp":"2026-03-10T12:20:43.797Z"}
{"level":"info","message":"✅ Database connected","timestamp":"2026-03-10T12:21:02.779Z"}
{"level":"warn","message":"⚠️ Redis connection failed:","timestamp":"2026-03-10T12:21:02.779Z"}
{"level":"info","message":"🚀 Server running on port 5002","timestamp":"2026-03-10T12:21:02.780Z"}
{"level":"info","message":"📖 API Documentation: http://localhost:5002/api-docs","timestamp":"2026-03-10T12:21:02.781Z"}
{"level":"info","message":"🏥 Health Check: http://localhost:5002/health","timestamp":"2026-03-10T12:21:02.781Z"}
{"level":"info","message":"✅ Database connected","timestamp":"2026-03-10T12:21:02.828Z"}
{"level":"info","message":"✅ Database connected","timestamp":"2026-03-10T12:21:14.723Z"}
{"level":"info","message":"✅ Database connected","timestamp":"2026-03-10T12:21:14.739Z"}
{"level":"warn","message":"⚠️ Redis connection failed:","timestamp":"2026-03-10T12:21:14.724Z"}
{"level":"info","message":"🚀 Server running on port 5002","timestamp":"2026-03-10T12:21:14.734Z"}
{"level":"info","message":"📖 API Documentation: http://localhost:5002/api-docs","timestamp":"2026-03-10T12:21:14.736Z"}
{"level":"info","message":"🏥 Health Check: http://localhost:5002/health","timestamp":"2026-03-10T12:21:14.739Z"}
{"level":"info","message":"✅ Database connected","timestamp":"2026-03-10T12:23:47.054Z"}
{"level":"warn","message":"⚠️ Redis connection failed:","timestamp":"2026-03-10T12:23:47.055Z"}
{"level":"info","message":"🚀 Server running on port 5002","timestamp":"2026-03-10T12:23:47.058Z"}
{"level":"info","message":"📖 API Documentation: http://localhost:5002/api-docs","timestamp":"2026-03-10T12:23:47.059Z"}
{"level":"info","message":"🏥 Health Check: http://localhost:5002/health","timestamp":"2026-03-10T12:23:47.059Z"}
{"level":"info","message":"✅ Database connected","timestamp":"2026-03-10T12:24:26.934Z"}
{"level":"warn","message":"⚠️ Redis connection failed:","timestamp":"2026-03-10T12:24:26.935Z"}
{"level":"info","message":"🚀 Server running on port 5002","timestamp":"2026-03-10T12:24:26.936Z"}
{"level":"info","message":"📖 API Documentation: http://localhost:5002/api-docs","timestamp":"2026-03-10T12:24:26.937Z"}
{"level":"info","message":"🏥 Health Check: http://localhost:5002/health","timestamp":"2026-03-10T12:24:26.937Z"}
{"level":"info","message":"✅ Database connected","timestamp":"2026-03-10T12:24:42.531Z"}
{"level":"warn","message":"⚠️ Redis connection failed:","timestamp":"2026-03-10T12:24:42.532Z"}
{"level":"info","message":"🚀 Server running on port 5002","timestamp":"2026-03-10T12:24:42.536Z"}
{"level":"info","message":"📖 API Documentation: http://localhost:5002/api-docs","timestamp":"2026-03-10T12:24:42.537Z"}
{"level":"info","message":"🏥 Health Check: http://localhost:5002/health","timestamp":"2026-03-10T12:24:42.537Z"}
{"level":"info","message":"✅ Database connected","timestamp":"2026-03-10T12:25:10.525Z"}
{"level":"warn","message":"⚠️ Redis connection failed:","timestamp":"2026-03-10T12:25:10.526Z"}
{"level":"info","message":"🚀 Server running on port 5002","timestamp":"2026-03-10T12:25:10.529Z"}
{"level":"info","message":"📖 API Documentation: http://localhost:5002/api-docs","timestamp":"2026-03-10T12:25:10.531Z"}
{"level":"info","message":"🏥 Health Check: http://localhost:5002/health","timestamp":"2026-03-10T12:25:10.531Z"}
{"level":"info","message":"✅ Database connected","timestamp":"2026-03-10T12:25:33.974Z"}
{"level":"warn","message":"⚠️ Redis connection failed:","timestamp":"2026-03-10T12:25:33.975Z"}
{"level":"info","message":"🚀 Server running on port 5002","timestamp":"2026-03-10T12:25:33.981Z"}
{"level":"info","message":"📖 API Documentation: http://localhost:5002/api-docs","timestamp":"2026-03-10T12:25:33.981Z"}
{"level":"info","message":"🏥 Health Check: http://localhost:5002/health","timestamp":"2026-03-10T12:25:33.981Z"}
{"level":"info","message":"✅ Database connected","timestamp":"2026-03-10T12:26:06.945Z"}
{"level":"warn","message":"⚠️ Redis connection failed:","timestamp":"2026-03-10T12:26:06.946Z"}
{"level":"info","message":"🚀 Server running on port 5002","timestamp":"2026-03-10T12:26:06.949Z"}
{"level":"info","message":"📖 API Documentation: http://localhost:5002/api-docs","timestamp":"2026-03-10T12:26:06.949Z"}
{"level":"info","message":"🏥 Health Check: http://localhost:5002/health","timestamp":"2026-03-10T12:26:06.949Z"}
{"level":"info","message":"✅ Database connected","timestamp":"2026-03-10T12:26:15.073Z"}
{"level":"warn","message":"⚠️ Redis connection failed:","timestamp":"2026-03-10T12:26:15.074Z"}
{"level":"info","message":"🚀 Server running on port 5002","timestamp":"2026-03-10T12:26:15.080Z"}
{"level":"info","message":"📖 API Documentation: http://localhost:5002/api-docs","timestamp":"2026-03-10T12:26:15.081Z"}
{"level":"info","message":"🏥 Health Check: http://localhost:5002/health","timestamp":"2026-03-10T12:26:15.081Z"}
{"level":"info","message":"✅ Database connected","timestamp":"2026-03-10T12:26:40.809Z"}
{"level":"warn","message":"⚠️ Redis connection failed:","timestamp":"2026-03-10T12:26:40.813Z"}
{"level":"info","message":"🚀 Server running on port 5002","timestamp":"2026-03-10T12:26:40.832Z"}
{"level":"info","message":"📖 API Documentation: http://localhost:5002/api-docs","timestamp":"2026-03-10T12:26:40.845Z"}
{"level":"info","message":"🏥 Health Check: http://localhost:5002/health","timestamp":"2026-03-10T12:26:40.857Z"}
{"level":"info","message":"✅ Database connected","timestamp":"2026-03-10T12:28:09.301Z"}
{"level":"warn","message":"⚠️ Redis connection failed:","timestamp":"2026-03-10T12:28:09.302Z"}
{"level":"info","message":"🚀 Server running on port 5002","timestamp":"2026-03-10T12:28:09.305Z"}
{"level":"info","message":"📖 API Documentation: http://localhost:5002/api-docs","timestamp":"2026-03-10T12:28:09.306Z"}
{"level":"info","message":"🏥 Health Check: http://localhost:5002/health","timestamp":"2026-03-10T12:28:09.306Z"}
{"level":"info","message":"✅ Database connected","timestamp":"2026-03-10T12:31:41.134Z"}
{"level":"warn","message":"⚠️ Redis connection failed:","timestamp":"2026-03-10T12:31:41.134Z"}
{"level":"info","message":"🚀 Server running on port 5002","timestamp":"2026-03-10T12:31:41.136Z"}
{"level":"info","message":"📖 API Documentation: http://localhost:5002/api-docs","timestamp":"2026-03-10T12:31:41.136Z"}
{"level":"info","message":"🏥 Health Check: http://localhost:5002/health","timestamp":"2026-03-10T12:31:41.136Z"}
{"level":"info","message":"✅ Database connected","timestamp":"2026-03-10T12:31:46.654Z"}
{"level":"warn","message":"⚠️ Redis connection failed:","timestamp":"2026-03-10T12:31:46.661Z"}
{"level":"info","message":"🚀 Server running on port 5002","timestamp":"2026-03-10T12:31:46.677Z"}
{"level":"info","message":"📖 API Documentation: http://localhost:5002/api-docs","timestamp":"2026-03-10T12:31:46.688Z"}
{"level":"info","message":"🏥 Health Check: http://localhost:5002/health","timestamp":"2026-03-10T12:31:46.701Z"}
{"level":"info","message":"✅ Database connected","timestamp":"2026-03-10T12:31:53.720Z"}
{"level":"warn","message":"⚠️ Redis connection failed:","timestamp":"2026-03-10T12:31:53.720Z"}
{"level":"info","message":"🚀 Server running on port 5002","timestamp":"2026-03-10T12:31:53.723Z"}
{"level":"info","message":"📖 API Documentation: http://localhost:5002/api-docs","timestamp":"2026-03-10T12:31:53.724Z"}
{"level":"info","message":"🏥 Health Check: http://localhost:5002/health","timestamp":"2026-03-10T12:31:53.724Z"}
{"level":"info","message":"✅ Database connected","timestamp":"2026-03-10T12:32:03.055Z"}
{"level":"warn","message":"⚠️ Redis connection failed:","timestamp":"2026-03-10T12:32:03.056Z"}
{"level":"info","message":"🚀 Server running on port 5002","timestamp":"2026-03-10T12:32:03.057Z"}
{"level":"info","message":"📖 API Documentation: http://localhost:5002/api-docs","timestamp":"2026-03-10T12:32:03.057Z"}
{"level":"info","message":"🏥 Health Check: http://localhost:5002/health","timestamp":"2026-03-10T12:32:03.057Z"}
{"level":"info","message":"✅ Database connected","timestamp":"2026-03-10T12:32:12.397Z"}
{"level":"warn","message":"⚠️ Redis connection failed:","timestamp":"2026-03-10T12:32:12.399Z"}
{"level":"info","message":"🚀 Server running on port 5002","timestamp":"2026-03-10T12:32:12.403Z"}
{"level":"info","message":"📖 API Documentation: http://localhost:5002/api-docs","timestamp":"2026-03-10T12:32:12.404Z"}
{"level":"info","message":"🏥 Health Check: http://localhost:5002/health","timestamp":"2026-03-10T12:32:12.405Z"}
{"level":"info","message":"✅ Database connected","timestamp":"2026-03-10T12:32:16.947Z"}
{"level":"warn","message":"⚠️ Redis connection failed:","timestamp":"2026-03-10T12:32:16.960Z"}
{"level":"info","message":"🚀 Server running on port 5002","timestamp":"2026-03-10T12:32:16.969Z"}
{"level":"info","message":"📖 API Documentation: http://localhost:5002/api-docs","timestamp":"2026-03-10T12:32:16.971Z"}
{"level":"info","message":"🏥 Health Check: http://localhost:5002/health","timestamp":"2026-03-10T12:32:16.972Z"}
{"level":"info","message":"✅ Database connected","timestamp":"2026-03-10T12:32:22.300Z"}
{"level":"warn","message":"⚠️ Redis connection failed:","timestamp":"2026-03-10T12:32:22.300Z"}
{"level":"info","message":"🚀 Server running on port 5002","timestamp":"2026-03-10T12:32:22.304Z"}
{"level":"info","message":"📖 API Documentation: http://localhost:5002/api-docs","timestamp":"2026-03-10T12:32:22.307Z"}
{"level":"info","message":"🏥 Health Check: http://localhost:5002/health","timestamp":"2026-03-10T12:32:22.308Z"}
{"level":"info","message":"✅ Database connected","timestamp":"2026-03-10T12:32:34.581Z"}
{"level":"warn","message":"⚠️ Redis connection failed:","timestamp":"2026-03-10T12:32:34.582Z"}
{"level":"info","message":"🚀 Server running on port 5002","timestamp":"2026-03-10T12:32:34.585Z"}
{"level":"info","message":"📖 API Documentation: http://localhost:5002/api-docs","timestamp":"2026-03-10T12:32:34.586Z"}
{"level":"info","message":"🏥 Health Check: http://localhost:5002/health","timestamp":"2026-03-10T12:32:34.587Z"}
{"level":"info","message":"✅ Database connected","timestamp":"2026-03-10T12:32:50.498Z"}
{"level":"warn","message":"⚠️ Redis connection failed:","timestamp":"2026-03-10T12:32:50.498Z"}
{"level":"info","message":"🚀 Server running on port 5002","timestamp":"2026-03-10T12:32:50.500Z"}
{"level":"info","message":"📖 API Documentation: http://localhost:5002/api-docs","timestamp":"2026-03-10T12:32:50.501Z"}
{"level":"info","message":"🏥 Health Check: http://localhost:5002/health","timestamp":"2026-03-10T12:32:50.501Z"}
{"level":"info","message":"✅ Database connected","timestamp":"2026-03-10T12:34:06.220Z"}
{"level":"warn","message":"⚠️ Redis connection failed:","timestamp":"2026-03-10T12:34:06.221Z"}
{"level":"info","message":"🚀 Server running on port 5002","timestamp":"2026-03-10T12:34:06.224Z"}
{"level":"info","message":"📖 API Documentation: http://localhost:5002/api-docs","timestamp":"2026-03-10T12:34:06.225Z"}
{"level":"info","message":"🏥 Health Check: http://localhost:5002/health","timestamp":"2026-03-10T12:34:06.226Z"}
{"level":"info","message":"✅ Database connected","timestamp":"2026-03-10T12:34:15.292Z"}
{"level":"warn","message":"⚠️ Redis connection failed:","timestamp":"2026-03-10T12:34:15.293Z"}
{"level":"info","message":"🚀 Server running on port 5002","timestamp":"2026-03-10T12:34:15.294Z"}
{"level":"info","message":"📖 API Documentation: http://localhost:5002/api-docs","timestamp":"2026-03-10T12:34:15.295Z"}
{"level":"info","message":"🏥 Health Check: http://localhost:5002/health","timestamp":"2026-03-10T12:34:15.295Z"}
{"level":"info","message":"✅ Database connected","timestamp":"2026-03-10T12:35:47.250Z"}
{"level":"warn","message":"⚠️ Redis connection failed:","timestamp":"2026-03-10T12:35:47.251Z"}
{"level":"info","message":"🚀 Server running on port 5002","timestamp":"2026-03-10T12:35:47.255Z"}
{"level":"info","message":"📖 API Documentation: http://localhost:5002/api-docs","timestamp":"2026-03-10T12:35:47.255Z"}
{"level":"info","message":"🏥 Health Check: http://localhost:5002/health","timestamp":"2026-03-10T12:35:47.256Z"}
{"level":"info","message":"✅ Database connected","timestamp":"2026-03-10T12:36:05.738Z"}
{"level":"warn","message":"⚠️ Redis connection failed:","timestamp":"2026-03-10T12:36:05.739Z"}
{"level":"info","message":"🚀 Server running on port 5002","timestamp":"2026-03-10T12:36:05.742Z"}
{"level":"info","message":"📖 API Documentation: http://localhost:5002/api-docs","timestamp":"2026-03-10T12:36:05.742Z"}
{"level":"info","message":"🏥 Health Check: http://localhost:5002/health","timestamp":"2026-03-10T12:36:05.742Z"}
{"level":"info","message":"✅ Database connected","timestamp":"2026-03-10T12:39:55.737Z"}
{"level":"warn","message":"⚠️ Redis connection failed:","timestamp":"2026-03-10T12:39:55.737Z"}
{"level":"info","message":"🚀 Server running on port 5002","timestamp":"2026-03-10T12:39:55.740Z"}
{"level":"info","message":"📖 API Documentation: http://localhost:5002/api-docs","timestamp":"2026-03-10T12:39:55.740Z"}
{"level":"info","message":"🏥 Health Check: http://localhost:5002/health","timestamp":"2026-03-10T12:39:55.740Z"}
{"code":"ECONNREFUSED","hostname":"_mongodb._tcp.cluster0.7noqj.mongodb.net","level":"error","message":"❌ Failed to start server: querySrv ECONNREFUSED _mongodb._tcp.cluster0.7noqj.mongodb.net","stack":"Error: querySrv ECONNREFUSED _mongodb._tcp.cluster0.7noqj.mongodb.net\n    at QueryReqWrap.onresolve [as oncomplete] (node:internal/dns/promises:294:17)","syscall":"querySrv","timestamp":"2026-03-19T11:04:56.815Z"}
{"code":"ECONNREFUSED","hostname":"_mongodb._tcp.cluster0.7noqj.mongodb.net","level":"error","message":"❌ Failed to start server: querySrv ECONNREFUSED _mongodb._tcp.cluster0.7noqj.mongodb.net","stack":"Error: querySrv ECONNREFUSED _mongodb._tcp.cluster0.7noqj.mongodb.net\n    at QueryReqWrap.onresolve [as oncomplete] (node:internal/dns/promises:294:17)","syscall":"querySrv","timestamp":"2026-03-19T11:05:03.780Z"}
{"code":"ECONNREFUSED","hostname":"_mongodb._tcp.cluster0.7noqj.mongodb.net","level":"error","message":"❌ Failed to start server: querySrv ECONNREFUSED _mongodb._tcp.cluster0.7noqj.mongodb.net","stack":"Error: querySrv ECONNREFUSED _mongodb._tcp.cluster0.7noqj.mongodb.net\n    at QueryReqWrap.onresolve [as oncomplete] (node:internal/dns/promises:294:17)","syscall":"querySrv","timestamp":"2026-03-19T11:05:17.932Z"}
{"level":"info","message":"SIGINT received, shutting down gracefully","timestamp":"2026-03-19T11:06:36.325Z"}
{"level":"warn","message":"⚠️ Database not connected - running in development mode","timestamp":"2026-03-19T11:07:41.643Z"}
{"level":"warn","message":"⚠️ Redis connection failed:","timestamp":"2026-03-19T11:07:41.645Z"}
{"level":"info","message":"🚀 Server running on port 5002","timestamp":"2026-03-19T11:07:41.653Z"}
{"level":"info","message":"📖 API Documentation: http://localhost:5002/api-docs","timestamp":"2026-03-19T11:07:41.654Z"}
{"level":"info","message":"🏥 Health Check: http://localhost:5002/health","timestamp":"2026-03-19T11:07:41.654Z"}
{"level":"warn","message":"⚠️ Database not connected - running in development mode","timestamp":"2026-03-19T11:09:34.034Z"}
{"level":"warn","message":"⚠️ Redis connection failed:","timestamp":"2026-03-19T11:09:34.034Z"}
{"level":"info","message":"🚀 Server running on port 5002","timestamp":"2026-03-19T11:09:34.039Z"}
{"level":"info","message":"📖 API Documentation: http://localhost:5002/api-docs","timestamp":"2026-03-19T11:09:34.039Z"}
{"level":"info","message":"🏥 Health Check: http://localhost:5002/health","timestamp":"2026-03-19T11:09:34.039Z"}
{"level":"warn","message":"⚠️ Database not connected - running in development mode","timestamp":"2026-03-19T11:15:05.208Z"}
{"level":"warn","message":"⚠️ Redis connection failed:","timestamp":"2026-03-19T11:15:05.209Z"}
{"level":"info","message":"🚀 Server running on port 5002","timestamp":"2026-03-19T11:15:05.212Z"}
{"level":"info","message":"📖 API Documentation: http://localhost:5002/api-docs","timestamp":"2026-03-19T11:15:05.212Z"}
{"level":"info","message":"🏥 Health Check: http://localhost:5002/health","timestamp":"2026-03-19T11:15:05.213Z"}
{"level":"info","message":"SIGINT received, shutting down gracefully","timestamp":"2026-03-19T11:15:19.856Z"}
{"level":"warn","message":"⚠️ Database not connected - running in development mode","timestamp":"2026-03-19T11:16:04.785Z"}
{"level":"warn","message":"⚠️ Redis connection failed:","timestamp":"2026-03-19T11:16:04.786Z"}
{"level":"info","message":"🚀 Server running on port 5002","timestamp":"2026-03-19T11:16:04.789Z"}
{"level":"info","message":"📖 API Documentation: http://localhost:5002/api-docs","timestamp":"2026-03-19T11:16:04.790Z"}
{"level":"info","message":"🏥 Health Check: http://localhost:5002/health","timestamp":"2026-03-19T11:16:04.790Z"}
{"level":"warn","message":"⚠️ Database not connected - running in development mode","timestamp":"2026-03-19T11:16:39.336Z"}
{"level":"warn","message":"⚠️ Database not connected - running in development mode","timestamp":"2026-03-19T11:50:01.954Z"}
{"level":"warn","message":"⚠️ Database not connected - running in development mode","timestamp":"2026-03-19T11:50:18.024Z"}
{"level":"warn","message":"⚠️ Database not connected - running in development mode","timestamp":"2026-03-19T11:50:32.529Z"}
{"level":"warn","message":"⚠️ Database not connected - running in development mode","timestamp":"2026-03-19T11:50:58.194Z"}
{"level":"warn","message":"⚠️ Database not connected - running in development mode","timestamp":"2026-03-19T11:51:41.942Z"}
{"level":"warn","message":"⚠️ Database not connected - running in development mode","timestamp":"2026-03-19T11:51:48.274Z"}
{"level":"warn","message":"⚠️ Database not connected - running in development mode","timestamp":"2026-03-19T11:52:11.772Z"}
{"level":"warn","message":"⚠️ Database not connected - running in development mode","timestamp":"2026-03-19T11:53:09.327Z"}
{"level":"warn","message":"⚠️ Database not connected - running in development mode","timestamp":"2026-03-19T11:54:17.381Z"}
{"level":"warn","message":"⚠️ Database not connected - running in development mode","timestamp":"2026-03-19T11:54:54.802Z"}
{"level":"warn","message":"⚠️ Database not connected - running in development mode","timestamp":"2026-03-19T11:55:11.971Z"}
{"level":"warn","message":"⚠️ Database not connected - running in development mode","timestamp":"2026-03-24T07:02:53.737Z"}
{"level":"warn","message":"⚠️ Redis connection failed:","timestamp":"2026-03-24T07:02:53.737Z"}
{"level":"info","message":"🚀 Server running on port 5002","timestamp":"2026-03-24T07:02:53.741Z"}
{"level":"info","message":"📖 API Documentation: http://localhost:5002/api-docs","timestamp":"2026-03-24T07:02:53.742Z"}
{"level":"info","message":"🏥 Health Check: http://localhost:5002/health","timestamp":"2026-03-24T07:02:53.742Z"}
{"level":"info","message":"SIGINT received, shutting down gracefully","timestamp":"2026-03-24T07:18:19.639Z"}
{"level":"warn","message":"⚠️ Database not connected - running in development mode","timestamp":"2026-03-24T07:18:27.431Z"}
{"level":"warn","message":"⚠️ Redis connection failed:","timestamp":"2026-03-24T07:18:27.432Z"}
{"level":"info","message":"🚀 Server running on port 5002","timestamp":"2026-03-24T07:18:27.435Z"}
{"level":"info","message":"📖 API Documentation: http://localhost:5002/api-docs","timestamp":"2026-03-24T07:18:27.436Z"}
{"level":"info","message":"🏥 Health Check: http://localhost:5002/health","timestamp":"2026-03-24T07:18:27.436Z"}
{"level":"warn","message":"⚠️ Database not connected - running in development mode","timestamp":"2026-03-24T07:19:47.963Z"}
{"level":"warn","message":"⚠️ Redis connection failed:","timestamp":"2026-03-24T07:19:47.963Z"}
{"level":"info","message":"🚀 Server running on port 5002","timestamp":"2026-03-24T07:19:47.966Z"}
{"level":"info","message":"📖 API Documentation: http://localhost:5002/api-docs","timestamp":"2026-03-24T07:19:47.966Z"}
{"level":"info","message":"🏥 Health Check: http://localhost:5002/health","timestamp":"2026-03-24T07:19:47.967Z"}
{"level":"warn","message":"⚠️ Database not connected - running in development mode","timestamp":"2026-03-24T07:20:01.176Z"}
{"level":"warn","message":"⚠️ Redis connection failed:","timestamp":"2026-03-24T07:20:01.176Z"}
{"level":"info","message":"🚀 Server running on port 5002","timestamp":"2026-03-24T07:20:01.181Z"}
{"level":"info","message":"📖 API Documentation: http://localhost:5002/api-docs","timestamp":"2026-03-24T07:20:01.181Z"}
{"level":"info","message":"🏥 Health Check: http://localhost:5002/health","timestamp":"2026-03-24T07:20:01.182Z"}
